/*--------------------------------*- C++ -*----------------------------------*\
| =========                 |                                                 |
| \\      /  F ield         | OpenFOAM: The Open Source CFD Toolbox           |
|  \\    /   O peration     | Version:  2512                                  |
|   \\  /    A nd           | Website:  www.openfoam.com                      |
|    \\/     M anipulation  |                                                 |
\*---------------------------------------------------------------------------*/
FoamFile
{
    version     2.0;
    format      ascii;
    arch        "LSB;label=32;scalar=64";
    note        "nPoints:59046  nCells:53924  nFaces:191295  nInternalFaces:82809";
    class       labelList;
    location    "constant/polyMesh";
    object      neighbour;
}
// * * * * * * * * * * * * * * * * * * * * * * * * * * * * * * * * * * * * * //


82809
(
1
19
4465
2
20
4466
3
21
4467
4
22
4468
5
23
4469
6
24
4470
7
25
4471
8
26
4472
9
27
4473
10
28
4474
11
29
4475
12
30
4476
13
31
4477
14
32
4478
15
33
4479
16
34
4480
17
35
4481
18
36
4482
37
4483
31750
20
38
21
39
22
40
23
41
24
42
25
43
26
44
27
45
28
46
29
47
30
48
31
49
32
50
33
51
34
52
35
53
36
54
37
55
56
7841
39
57
40
58
41
59
42
60
43
61
44
62
45
63
46
64
47
65
48
66
49
67
50
68
51
69
52
70
53
71
54
72
55
73
56
74
75
15527
58
76
59
77
60
78
61
79
62
80
63
81
64
82
65
83
66
84
67
85
68
86
69
87
70
88
71
89
72
90
73
91
74
92
75
93
94
45254
77
95
78
96
79
97
80
98
81
99
82
100
83
101
84
102
85
103
86
104
87
105
88
106
89
107
90
108
91
109
92
110
93
111
94
112
113
34025
96
114
97
115
98
116
99
117
100
118
101
119
102
120
103
121
104
122
105
123
106
124
107
125
108
126
109
127
110
128
111
129
112
130
113
131
132
34348
115
133
116
134
117
135
118
136
119
137
120
138
121
139
122
140
123
141
124
142
125
143
126
144
127
145
128
146
129
147
130
148
131
149
132
150
151
24743
134
152
135
153
136
154
137
155
138
156
139
157
140
158
141
159
142
160
143
161
144
162
145
163
146
164
147
165
148
166
149
167
150
168
151
169
170
4598
153
171
154
172
155
173
156
174
157
175
158
176
159
177
160
178
161
179
162
180
163
181
164
182
165
183
166
184
167
185
168
186
169
187
170
188
189
27481
172
190
173
191
174
192
175
193
176
194
177
195
178
196
179
197
180
198
181
199
182
200
183
201
184
202
185
203
186
204
187
205
188
206
189
207
208
45546
191
209
192
210
193
211
194
212
195
213
196
214
197
215
198
216
199
217
200
218
201
219
202
220
203
221
204
222
205
223
206
224
207
225
208
226
227
36142
210
228
211
229
212
230
213
231
214
232
215
233
216
234
217
235
218
236
219
237
220
238
221
239
222
240
223
241
224
242
225
243
226
244
227
245
246
45540
229
247
230
248
231
249
232
250
233
251
234
252
235
253
236
254
237
255
238
256
239
257
240
258
241
259
242
260
243
261
244
262
245
263
246
264
265
24809
248
266
249
267
250
268
251
269
252
270
253
271
254
272
255
273
256
274
257
275
258
276
259
277
260
278
261
279
262
280
263
281
264
282
265
283
284
45302
267
285
268
286
269
287
270
288
271
289
272
290
273
291
274
292
275
293
276
294
277
295
278
296
279
297
280
298
281
299
282
300
283
301
284
302
303
24352
286
304
287
305
288
306
289
307
290
308
291
309
292
310
293
311
294
312
295
313
296
314
297
315
298
316
299
317
300
318
301
319
302
320
303
321
322
4512
305
323
306
324
307
325
308
326
309
327
310
328
311
329
312
330
313
331
314
332
315
333
316
334
317
335
318
336
319
337
320
338
321
339
322
340
341
36259
324
342
325
343
326
344
327
345
328
346
329
347
330
348
331
349
332
350
333
351
334
352
335
353
336
354
337
355
338
356
339
357
340
358
341
359
360
46322
343
361
344
362
345
363
346
364
347
365
348
366
349
367
350
368
351
369
352
370
353
371
354
372
355
373
356
374
357
375
358
376
359
377
360
378
379
36739
362
380
363
381
364
382
365
383
366
384
367
385
368
386
369
387
370
388
371
389
372
390
373
391
374
392
375
393
376
394
377
395
378
396
379
397
398
46312
381
399
382
400
383
401
384
402
385
403
386
404
387
405
388
406
389
407
390
408
391
409
392
410
393
411
394
412
395
413
396
414
397
415
398
416
417
44198
400
418
401
419
402
420
403
421
404
422
405
423
406
424
407
425
408
426
409
427
410
428
411
429
412
430
413
431
414
432
415
433
416
434
417
435
436
5524
419
437
420
438
421
439
422
440
423
441
424
442
425
443
426
444
427
445
428
446
429
447
430
448
431
449
432
450
433
451
434
452
435
453
436
454
455
27354
438
456
439
457
440
458
441
459
442
460
443
461
444
462
445
463
446
464
447
465
448
466
449
467
450
468
451
469
452
470
453
471
454
472
455
473
474
4574
457
475
458
476
459
477
460
478
461
479
462
480
463
481
464
482
465
483
466
484
467
485
468
486
469
487
470
488
471
489
472
490
473
491
474
492
493
28671
476
494
477
495
478
496
479
497
480
498
481
499
482
500
483
501
484
502
485
503
486
504
487
505
488
506
489
507
490
508
491
509
492
510
493
511
512
18442
495
513
496
514
497
515
498
516
499
517
500
518
501
519
502
520
503
521
504
522
505
523
506
524
507
525
508
526
509
527
510
528
511
529
512
530
531
44421
514
532
515
533
516
534
517
535
518
536
519
537
520
538
521
539
522
540
523
541
524
542
525
543
526
544
527
545
528
546
529
547
530
548
531
549
550
35286
533
551
534
552
535
553
536
554
537
555
538
556
539
557
540
558
541
559
542
560
543
561
544
562
545
563
546
564
547
565
548
566
549
567
550
568
569
14305
552
570
553
571
554
572
555
573
556
574
557
575
558
576
559
577
560
578
561
579
562
580
563
581
564
582
565
583
566
584
567
585
568
586
569
587
588
44127
571
589
572
590
573
591
574
592
575
593
576
594
577
595
578
596
579
597
580
598
581
599
582
600
583
601
584
602
585
603
586
604
587
605
588
606
607
10067
590
608
591
609
592
610
593
611
594
612
595
613
596
614
597
615
598
616
599
617
600
618
601
619
602
620
603
621
604
622
605
623
606
624
607
625
626
24137
609
627
610
628
611
629
612
630
613
631
614
632
615
633
616
634
617
635
618
636
619
637
620
638
621
639
622
640
623
641
624
642
625
643
626
644
645
45255
628
646
629
647
630
648
631
649
632
650
633
651
634
652
635
653
636
654
637
655
638
656
639
657
640
658
641
659
642
660
643
661
644
662
645
663
664
24984
647
665
648
666
649
667
650
668
651
669
652
670
653
671
654
672
655
673
656
674
657
675
658
676
659
677
660
678
661
679
662
680
663
681
664
682
683
29971
666
684
667
685
668
686
669
687
670
688
671
689
672
690
673
691
674
692
675
693
676
694
677
695
678
696
679
697
680
698
681
699
682
700
683
701
702
46087
685
703
686
704
687
705
688
706
689
707
690
708
691
709
692
710
693
711
694
712
695
713
696
714
697
715
698
716
699
717
700
718
701
719
702
720
721
35653
704
722
705
723
706
724
707
725
708
726
709
727
710
728
711
729
712
730
713
731
714
732
715
733
716
734
717
735
718
736
719
737
720
738
721
739
740
34991
723
741
724
742
725
743
726
744
727
745
728
746
729
747
730
748
731
749
732
750
733
751
734
752
735
753
736
754
737
755
738
756
739
757
740
758
759
44066
742
760
743
761
744
762
745
763
746
764
747
765
748
766
749
767
750
768
751
769
752
770
753
771
754
772
755
773
756
774
757
775
758
776
759
777
778
23168
761
779
762
780
763
781
764
782
765
783
766
784
767
785
768
786
769
787
770
788
771
789
772
790
773
791
774
792
775
793
776
794
777
795
778
796
797
43394
780
798
781
799
782
800
783
801
784
802
785
803
786
804
787
805
788
806
789
807
790
808
791
809
792
810
793
811
794
812
795
813
796
814
797
815
816
35423
799
817
800
818
801
819
802
820
803
821
804
822
805
823
806
824
807
825
808
826
809
827
810
828
811
829
812
830
813
831
814
832
815
833
816
834
835
27211
818
836
819
837
820
838
821
839
822
840
823
841
824
842
825
843
826
844
827
845
828
846
829
847
830
848
831
849
832
850
833
851
834
852
835
853
854
45940
837
855
838
856
839
857
840
858
841
859
842
860
843
861
844
862
845
863
846
864
847
865
848
866
849
867
850
868
851
869
852
870
853
871
854
872
873
5815
856
874
857
875
858
876
859
877
860
878
861
879
862
880
863
881
864
882
865
883
866
884
867
885
868
886
869
887
870
888
871
889
872
890
873
891
892
37688
875
893
876
894
877
895
878
896
879
897
880
898
881
899
882
900
883
901
884
902
885
903
886
904
887
905
888
906
889
907
890
908
891
909
892
910
911
25445
894
912
895
913
896
914
897
915
898
916
899
917
900
918
901
919
902
920
903
921
904
922
905
923
906
924
907
925
908
926
909
927
910
928
911
929
930
38729
913
931
914
932
915
933
916
934
917
935
918
936
919
937
920
938
921
939
922
940
923
941
924
942
925
943
926
944
927
945
928
946
929
947
930
948
949
8603
932
950
933
951
934
952
935
953
936
954
937
955
938
956
939
957
940
958
941
959
942
960
943
961
944
962
945
963
946
964
947
965
948
966
949
967
968
34145
951
969
952
970
953
971
954
972
955
973
956
974
957
975
958
976
959
977
960
978
961
979
962
980
963
981
964
982
965
983
966
984
967
985
968
986
987
35623
970
988
971
989
972
990
973
991
974
992
975
993
976
994
977
995
978
996
979
997
980
998
981
999
982
1000
983
1001
984
1002
985
1003
986
1004
987
1005
1006
35512
989
1007
990
1008
991
1009
992
1010
993
1011
994
1012
995
1013
996
1014
997
1015
998
1016
999
1017
1000
1018
1001
1019
1002
1020
1003
1021
1004
1022
1005
1023
1006
1024
1025
6338
1008
1026
1009
1027
1010
1028
1011
1029
1012
1030
1013
1031
1014
1032
1015
1033
1016
1034
1017
1035
1018
1036
1019
1037
1020
1038
1021
1039
1022
1040
1023
1041
1024
1042
1025
1043
1044
39852
1027
1045
1028
1046
1029
1047
1030
1048
1031
1049
1032
1050
1033
1051
1034
1052
1035
1053
1036
1054
1037
1055
1038
1056
1039
1057
1040
1058
1041
1059
1042
1060
1043
1061
1044
1062
1063
45850
1046
1064
1047
1065
1048
1066
1049
1067
1050
1068
1051
1069
1052
1070
1053
1071
1054
1072
1055
1073
1056
1074
1057
1075
1058
1076
1059
1077
1060
1078
1061
1079
1062
1080
1063
1081
1082
25327
1065
1083
1066
1084
1067
1085
1068
1086
1069
1087
1070
1088
1071
1089
1072
1090
1073
1091
1074
1092
1075
1093
1076
1094
1077
1095
1078
1096
1079
1097
1080
1098
1081
1099
1082
1100
1101
45639
1084
1102
1085
1103
1086
1104
1087
1105
1088
1106
1089
1107
1090
1108
1091
1109
1092
1110
1093
1111
1094
1112
1095
1113
1096
1114
1097
1115
1098
1116
1099
1117
1100
1118
1101
1119
1120
26053
1103
1121
1104
1122
1105
1123
1106
1124
1107
1125
1108
1126
1109
1127
1110
1128
1111
1129
1112
1130
1113
1131
1114
1132
1115
1133
1116
1134
1117
1135
1118
1136
1119
1137
1120
1138
1139
46030
1122
1140
1123
1141
1124
1142
1125
1143
1126
1144
1127
1145
1128
1146
1129
1147
1130
1148
1131
1149
1132
1150
1133
1151
1134
1152
1135
1153
1136
1154
1137
1155
1138
1156
1139
1157
1158
30219
1141
1159
1142
1160
1143
1161
1144
1162
1145
1163
1146
1164
1147
1165
1148
1166
1149
1167
1150
1168
1151
1169
1152
1170
1153
1171
1154
1172
1155
1173
1156
1174
1157
1175
1158
1176
1177
36115
1160
1178
1161
1179
1162
1180
1163
1181
1164
1182
1165
1183
1166
1184
1167
1185
1168
1186
1169
1187
1170
1188
1171
1189
1172
1190
1173
1191
1174
1192
1175
1193
1176
1194
1177
1195
1196
14811
1179
1197
1180
1198
1181
1199
1182
1200
1183
1201
1184
1202
1185
1203
1186
1204
1187
1205
1188
1206
1189
1207
1190
1208
1191
1209
1192
1210
1193
1211
1194
1212
1195
1213
1196
1214
1215
45949
1198
1216
1199
1217
1200
1218
1201
1219
1202
1220
1203
1221
1204
1222
1205
1223
1206
1224
1207
1225
1208
1226
1209
1227
1210
1228
1211
1229
1212
1230
1213
1231
1214
1232
1215
1233
1234
16677
1217
1235
1218
1236
1219
1237
1220
1238
1221
1239
1222
1240
1223
1241
1224
1242
1225
1243
1226
1244
1227
1245
1228
1246
1229
1247
1230
1248
1231
1249
1232
1250
1233
1251
1234
1252
1253
33677
1236
1254
1237
1255
1238
1256
1239
1257
1240
1258
1241
1259
1242
1260
1243
1261
1244
1262
1245
1263
1246
1264
1247
1265
1248
1266
1249
1267
1250
1268
1251
1269
1252
1270
1253
1271
1272
45732
1255
1273
1256
1274
1257
1275
1258
1276
1259
1277
1260
1278
1261
1279
1262
1280
1263
1281
1264
1282
1265
1283
1266
1284
1267
1285
1268
1286
1269
1287
1270
1288
1271
1289
1272
1290
1291
33477
1274
1292
1275
1293
1276
1294
1277
1295
1278
1296
1279
1297
1280
1298
1281
1299
1282
1300
1283
1301
1284
1302
1285
1303
1286
1304
1287
1305
1288
1306
1289
1307
1290
1308
1291
1309
1310
43478
1293
1311
1294
1312
1295
1313
1296
1314
1297
1315
1298
1316
1299
1317
1300
1318
1301
1319
1302
1320
1303
1321
1304
1322
1305
1323
1306
1324
1307
1325
1308
1326
1309
1327
1310
1328
1329
11930
1312
1330
1313
1331
1314
1332
1315
1333
1316
1334
1317
1335
1318
1336
1319
1337
1320
1338
1321
1339
1322
1340
1323
1341
1324
1342
1325
1343
1326
1344
1327
1345
1328
1346
1329
1347
1348
42492
1331
1349
1332
1350
1333
1351
1334
1352
1335
1353
1336
1354
1337
1355
1338
1356
1339
1357
1340
1358
1341
1359
1342
1360
1343
1361
1344
1362
1345
1363
1346
1364
1347
1365
1348
1366
1367
12043
1350
1368
1351
1369
1352
1370
1353
1371
1354
1372
1355
1373
1356
1374
1357
1375
1358
1376
1359
1377
1360
1378
1361
1379
1362
1380
1363
1381
1364
1382
1365
1383
1366
1384
1367
1385
1386
35646
1369
1387
1370
1388
1371
1389
1372
1390
1373
1391
1374
1392
1375
1393
1376
1394
1377
1395
1378
1396
1379
1397
1380
1398
1381
1399
1382
1400
1383
1401
1384
1402
1385
1403
1386
1404
1405
5766
1388
1406
1389
1407
1390
1408
1391
1409
1392
1410
1393
1411
1394
1412
1395
1413
1396
1414
1397
1415
1398
1416
1399
1417
1400
1418
1401
1419
1402
1420
1403
1421
1404
1422
1405
1423
1424
44989
1407
1425
1408
1426
1409
1427
1410
1428
1411
1429
1412
1430
1413
1431
1414
1432
1415
1433
1416
1434
1417
1435
1418
1436
1419
1437
1420
1438
1421
1439
1422
1440
1423
1441
1424
1442
1443
24774
1426
1444
1427
1445
1428
1446
1429
1447
1430
1448
1431
1449
1432
1450
1433
1451
1434
1452
1435
1453
1436
1454
1437
1455
1438
1456
1439
1457
1440
1458
1441
1459
1442
1460
1443
1461
1462
45954
1445
1463
1446
1464
1447
1465
1448
1466
1449
1467
1450
1468
1451
1469
1452
1470
1453
1471
1454
1472
1455
1473
1456
1474
1457
1475
1458
1476
1459
1477
1460
1478
1461
1479
1462
1480
1481
31718
1464
1482
1465
1483
1466
1484
1467
1485
1468
1486
1469
1487
1470
1488
1471
1489
1472
1490
1473
1491
1474
1492
1475
1493
1476
1494
1477
1495
1478
1496
1479
1497
1480
1498
1481
1499
1500
34823
1483
1501
1484
1502
1485
1503
1486
1504
1487
1505
1488
1506
1489
1507
1490
1508
1491
1509
1492
1510
1493
1511
1494
1512
1495
1513
1496
1514
1497
1515
1498
1516
1499
1517
1500
1518
1519
13145
1502
1520
1503
1521
1504
1522
1505
1523
1506
1524
1507
1525
1508
1526
1509
1527
1510
1528
1511
1529
1512
1530
1513
1531
1514
1532
1515
1533
1516
1534
1517
1535
1518
1536
1519
1537
1538
43744
1521
1539
1522
1540
1523
1541
1524
1542
1525
1543
1526
1544
1527
1545
1528
1546
1529
1547
1530
1548
1531
1549
1532
1550
1533
1551
1534
1552
1535
1553
1536
1554
1537
1555
1538
1556
1557
46141
1540
1558
1541
1559
1542
1560
1543
1561
1544
1562
1545
1563
1546
1564
1547
1565
1548
1566
1549
1567
1550
1568
1551
1569
1552
1570
1553
1571
1554
1572
1555
1573
1556
1574
1557
1575
1576
36368
1559
1577
1560
1578
1561
1579
1562
1580
1563
1581
1564
1582
1565
1583
1566
1584
1567
1585
1568
1586
1569
1587
1570
1588
1571
1589
1572
1590
1573
1591
1574
1592
1575
1593
1576
1594
1595
46144
1578
1596
1579
1597
1580
1598
1581
1599
1582
1600
1583
1601
1584
1602
1585
1603
1586
1604
1587
1605
1588
1606
1589
1607
1590
1608
1591
1609
1592
1610
1593
1611
1594
1612
1595
1613
1614
43769
1597
1615
1598
1616
1599
1617
1600
1618
1601
1619
1602
1620
1603
1621
1604
1622
1605
1623
1606
1624
1607
1625
1608
1626
1609
1627
1610
1628
1611
1629
1612
1630
1613
1631
1614
1632
1633
46225
1616
1634
1617
1635
1618
1636
1619
1637
1620
1638
1621
1639
1622
1640
1623
1641
1624
1642
1625
1643
1626
1644
1627
1645
1628
1646
1629
1647
1630
1648
1631
1649
1632
1650
1633
1651
1652
37230
1635
1653
1636
1654
1637
1655
1638
1656
1639
1657
1640
1658
1641
1659
1642
1660
1643
1661
1644
1662
1645
1663
1646
1664
1647
1665
1648
1666
1649
1667
1650
1668
1651
1669
1652
1670
1671
34879
1654
1672
1655
1673
1656
1674
1657
1675
1658
1676
1659
1677
1660
1678
1661
1679
1662
1680
1663
1681
1664
1682
1665
1683
1666
1684
1667
1685
1668
1686
1669
1687
1670
1688
1671
1689
1690
28644
1673
1691
1674
1692
1675
1693
1676
1694
1677
1695
1678
1696
1679
1697
1680
1698
1681
1699
1682
1700
1683
1701
1684
1702
1685
1703
1686
1704
1687
1705
1688
1706
1689
1707
1690
1708
1709
44211
1692
1710
1693
1711
1694
1712
1695
1713
1696
1714
1697
1715
1698
1716
1699
1717
1700
1718
1701
1719
1702
1720
1703
1721
1704
1722
1705
1723
1706
1724
1707
1725
1708
1726
1709
1727
1728
27120
1711
1729
1712
1730
1713
1731
1714
1732
1715
1733
1716
1734
1717
1735
1718
1736
1719
1737
1720
1738
1721
1739
1722
1740
1723
1741
1724
1742
1725
1743
1726
1744
1727
1745
1728
1746
1747
33538
1730
1748
1731
1749
1732
1750
1733
1751
1734
1752
1735
1753
1736
1754
1737
1755
1738
1756
1739
1757
1740
1758
1741
1759
1742
1760
1743
1761
1744
1762
1745
1763
1746
1764
1747
1765
1766
35969
1749
1767
1750
1768
1751
1769
1752
1770
1753
1771
1754
1772
1755
1773
1756
1774
1757
1775
1758
1776
1759
1777
1760
1778
1761
1779
1762
1780
1763
1781
1764
1782
1765
1783
1766
1784
1785
39668
1768
1786
1769
1787
1770
1788
1771
1789
1772
1790
1773
1791
1774
1792
1775
1793
1776
1794
1777
1795
1778
1796
1779
1797
1780
1798
1781
1799
1782
1800
1783
1801
1784
1802
1785
1803
1804
16513
1787
1805
1788
1806
1789
1807
1790
1808
1791
1809
1792
1810
1793
1811
1794
1812
1795
1813
1796
1814
1797
1815
1798
1816
1799
1817
1800
1818
1801
1819
1802
1820
1803
1821
1804
1822
1823
34238
1806
1824
1807
1825
1808
1826
1809
1827
1810
1828
1811
1829
1812
1830
1813
1831
1814
1832
1815
1833
1816
1834
1817
1835
1818
1836
1819
1837
1820
1838
1821
1839
1822
1840
1823
1841
1842
35005
1825
1843
1826
1844
1827
1845
1828
1846
1829
1847
1830
1848
1831
1849
1832
1850
1833
1851
1834
1852
1835
1853
1836
1854
1837
1855
1838
1856
1839
1857
1840
1858
1841
1859
1842
1860
1861
34682
1844
1862
1845
1863
1846
1864
1847
1865
1848
1866
1849
1867
1850
1868
1851
1869
1852
1870
1853
1871
1854
1872
1855
1873
1856
1874
1857
1875
1858
1876
1859
1877
1860
1878
1861
1879
1880
11299
1863
1881
1864
1882
1865
1883
1866
1884
1867
1885
1868
1886
1869
1887
1870
1888
1871
1889
1872
1890
1873
1891
1874
1892
1875
1893
1876
1894
1877
1895
1878
1896
1879
1897
1880
1898
1899
13357
1882
1900
1883
1901
1884
1902
1885
1903
1886
1904
1887
1905
1888
1906
1889
1907
1890
1908
1891
1909
1892
1910
1893
1911
1894
1912
1895
1913
1896
1914
1897
1915
1898
1916
1899
1917
1918
44872
1901
1919
1902
1920
1903
1921
1904
1922
1905
1923
1906
1924
1907
1925
1908
1926
1909
1927
1910
1928
1911
1929
1912
1930
1913
1931
1914
1932
1915
1933
1916
1934
1917
1935
1918
1936
1937
35788
1920
1938
1921
1939
1922
1940
1923
1941
1924
1942
1925
1943
1926
1944
1927
1945
1928
1946
1929
1947
1930
1948
1931
1949
1932
1950
1933
1951
1934
1952
1935
1953
1936
1954
1937
1955
1956
43594
1939
1957
1940
1958
1941
1959
1942
1960
1943
1961
1944
1962
1945
1963
1946
1964
1947
1965
1948
1966
1949
1967
1950
1968
1951
1969
1952
1970
1953
1971
1954
1972
1955
1973
1956
1974
1975
26560
1958
1976
1959
1977
1960
1978
1961
1979
1962
1980
1963
1981
1964
1982
1965
1983
1966
1984
1967
1985
1968
1986
1969
1987
1970
1988
1971
1989
1972
1990
1973
1991
1974
1992
1975
1993
1994
35330
1977
1995
1978
1996
1979
1997
1980
1998
1981
1999
1982
2000
1983
2001
1984
2002
1985
2003
1986
2004
1987
2005
1988
2006
1989
2007
1990
2008
1991
2009
1992
2010
1993
2011
1994
2012
2013
43661
1996
2014
1997
2015
1998
2016
1999
2017
2000
2018
2001
2019
2002
2020
2003
2021
2004
2022
2005
2023
2006
2024
2007
2025
2008
2026
2009
2027
2010
2028
2011
2029
2012
2030
2013
2031
2032
23712
2015
2033
2016
2034
2017
2035
2018
2036
2019
2037
2020
2038
2021
2039
2022
2040
2023
2041
2024
2042
2025
2043
2026
2044
2027
2045
2028
2046
2029
2047
2030
2048
2031
2049
2032
2050
2051
34605
2034
2052
2035
2053
2036
2054
2037
2055
2038
2056
2039
2057
2040
2058
2041
2059
2042
2060
2043
2061
2044
2062
2045
2063
2046
2064
2047
2065
2048
2066
2049
2067
2050
2068
2051
2069
2070
34064
2053
2071
2054
2072
2055
2073
2056
2074
2057
2075
2058
2076
2059
2077
2060
2078
2061
2079
2062
2080
2063
2081
2064
2082
2065
2083
2066
2084
2067
2085
2068
2086
2069
2087
2070
2088
2089
45365
2072
2090
2073
2091
2074
2092
2075
2093
2076
2094
2077
2095
2078
2096
2079
2097
2080
2098
2081
2099
2082
2100
2083
2101
2084
2102
2085
2103
2086
2104
2087
2105
2088
2106
2089
2107
2108
14582
2091
2109
2092
2110
2093
2111
2094
2112
2095
2113
2096
2114
2097
2115
2098
2116
2099
2117
2100
2118
2101
2119
2102
2120
2103
2121
2104
2122
2105
2123
2106
2124
2107
2125
2108
2126
2127
35916
2110
2128
2111
2129
2112
2130
2113
2131
2114
2132
2115
2133
2116
2134
2117
2135
2118
2136
2119
2137
2120
2138
2121
2139
2122
2140
2123
2141
2124
2142
2125
2143
2126
2144
2127
2145
2146
34996
2129
2147
2130
2148
2131
2149
2132
2150
2133
2151
2134
2152
2135
2153
2136
2154
2137
2155
2138
2156
2139
2157
2140
2158
2141
2159
2142
2160
2143
2161
2144
2162
2145
2163
2146
2164
2165
9446
2148
2166
2149
2167
2150
2168
2151
2169
2152
2170
2153
2171
2154
2172
2155
2173
2156
2174
2157
2175
2158
2176
2159
2177
2160
2178
2161
2179
2162
2180
2163
2181
2164
2182
2165
2183
2184
43975
2167
2185
2168
2186
2169
2187
2170
2188
2171
2189
2172
2190
2173
2191
2174
2192
2175
2193
2176
2194
2177
2195
2178
2196
2179
2197
2180
2198
2181
2199
2182
2200
2183
2201
2184
2202
2203
22631
2186
2204
2187
2205
2188
2206
2189
2207
2190
2208
2191
2209
2192
2210
2193
2211
2194
2212
2195
2213
2196
2214
2197
2215
2198
2216
2199
2217
2200
2218
2201
2219
2202
2220
2203
2221
2222
44093
2205
2223
2206
2224
2207
2225
2208
2226
2209
2227
2210
2228
2211
2229
2212
2230
2213
2231
2214
2232
2215
2233
2216
2234
2217
2235
2218
2236
2219
2237
2220
2238
2221
2239
2222
2240
2241
12033
2224
2242
2225
2243
2226
2244
2227
2245
2228
2246
2229
2247
2230
2248
2231
2249
2232
2250
2233
2251
2234
2252
2235
2253
2236
2254
2237
2255
2238
2256
2239
2257
2240
2258
2241
2259
2260
35708
2243
2261
2244
2262
2245
2263
2246
2264
2247
2265
2248
2266
2249
2267
2250
2268
2251
2269
2252
2270
2253
2271
2254
2272
2255
2273
2256
2274
2257
2275
2258
2276
2259
2277
2260
2278
2279
32558
2262
2280
2263
2281
2264
2282
2265
2283
2266
2284
2267
2285
2268
2286
2269
2287
2270
2288
2271
2289
2272
2290
2273
2291
2274
2292
2275
2293
2276
2294
2277
2295
2278
2296
2279
2297
2298
45849
2281
2299
2282
2300
2283
2301
2284
2302
2285
2303
2286
2304
2287
2305
2288
2306
2289
2307
2290
2308
2291
2309
2292
2310
2293
2311
2294
2312
2295
2313
2296
2314
2297
2315
2298
2316
2317
25863
2300
2318
2301
2319
2302
2320
2303
2321
2304
2322
2305
2323
2306
2324
2307
2325
2308
2326
2309
2327
2310
2328
2311
2329
2312
2330
2313
2331
2314
2332
2315
2333
2316
2334
2317
2335
2336
33690
2319
2337
2320
2338
2321
2339
2322
2340
2323
2341
2324
2342
2325
2343
2326
2344
2327
2345
2328
2346
2329
2347
2330
2348
2331
2349
2332
2350
2333
2351
2334
2352
2335
2353
2336
2354
2355
35123
2338
2356
2339
2357
2340
2358
2341
2359
2342
2360
2343
2361
2344
2362
2345
2363
2346
2364
2347
2365
2348
2366
2349
2367
2350
2368
2351
2369
2352
2370
2353
2371
2354
2372
2355
2373
2374
41862
2357
2375
2358
2376
2359
2377
2360
2378
2361
2379
2362
2380
2363
2381
2364
2382
2365
2383
2366
2384
2367
2385
2368
2386
2369
2387
2370
2388
2371
2389
2372
2390
2373
2391
2374
2392
2393
18162
2376
2394
2377
2395
2378
2396
2379
2397
2380
2398
2381
2399
2382
2400
2383
2401
2384
2402
2385
2403
2386
2404
2387
2405
2388
2406
2389
2407
2390
2408
2391
2409
2392
2410
2393
2411
2412
36121
2395
2413
2396
2414
2397
2415
2398
2416
2399
2417
2400
2418
2401
2419
2402
2420
2403
2421
2404
2422
2405
2423
2406
2424
2407
2425
2408
2426
2409
2427
2410
2428
2411
2429
2412
2430
2431
33706
2414
2432
2415
2433
2416
2434
2417
2435
2418
2436
2419
2437
2420
2438
2421
2439
2422
2440
2423
2441
2424
2442
2425
2443
2426
2444
2427
2445
2428
2446
2429
2447
2430
2448
2431
2449
2450
10104
2433
2451
2434
2452
2435
2453
2436
2454
2437
2455
2438
2456
2439
2457
2440
2458
2441
2459
2442
2460
2443
2461
2444
2462
2445
2463
2446
2464
2447
2465
2448
2466
2449
2467
2450
2468
2469
44242
2452
2470
2453
2471
2454
2472
2455
2473
2456
2474
2457
2475
2458
2476
2459
2477
2460
2478
2461
2479
2462
2480
2463
2481
2464
2482
2465
2483
2466
2484
2467
2485
2468
2486
2469
2487
2488
40373
2471
2489
2472
2490
2473
2491
2474
2492
2475
2493
2476
2494
2477
2495
2478
2496
2479
2497
2480
2498
2481
2499
2482
2500
2483
2501
2484
2502
2485
2503
2486
2504
2487
2505
2488
2506
2507
36419
2490
2508
2491
2509
2492
2510
2493
2511
2494
2512
2495
2513
2496
2514
2497
2515
2498
2516
2499
2517
2500
2518
2501
2519
2502
2520
2503
2521
2504
2522
2505
2523
2506
2524
2507
2525
2526
35264
2509
2527
2510
2528
2511
2529
2512
2530
2513
2531
2514
2532
2515
2533
2516
2534
2517
2535
2518
2536
2519
2537
2520
2538
2521
2539
2522
2540
2523
2541
2524
2542
2525
2543
2526
2544
2545
46109
2528
2546
2529
2547
2530
2548
2531
2549
2532
2550
2533
2551
2534
2552
2535
2553
2536
2554
2537
2555
2538
2556
2539
2557
2540
2558
2541
2559
2542
2560
2543
2561
2544
2562
2545
2563
2564
27457
2547
2565
2548
2566
2549
2567
2550
2568
2551
2569
2552
2570
2553
2571
2554
2572
2555
2573
2556
2574
2557
2575
2558
2576
2559
2577
2560
2578
2561
2579
2562
2580
2563
2581
2564
2582
2583
42172
2566
2584
2567
2585
2568
2586
2569
2587
2570
2588
2571
2589
2572
2590
2573
2591
2574
2592
2575
2593
2576
2594
2577
2595
2578
2596
2579
2597
2580
2598
2581
2599
2582
2600
2583
2601
2602
7528
2585
2603
2586
2604
2587
2605
2588
2606
2589
2607
2590
2608
2591
2609
2592
2610
2593
2611
2594
2612
2595
2613
2596
2614
2597
2615
2598
2616
2599
2617
2600
2618
2601
2619
2602
2620
2621
41696
2604
2622
2605
2623
2606
2624
2607
2625
2608
2626
2609
2627
2610
2628
2611
2629
2612
2630
2613
2631
2614
2632
2615
2633
2616
2634
2617
2635
2618
2636
2619
2637
2620
2638
2621
2639
2640
35862
2623
2641
2624
2642
2625
2643
2626
2644
2627
2645
2628
2646
2629
2647
2630
2648
2631
2649
2632
2650
2633
2651
2634
2652
2635
2653
2636
2654
2637
2655
2638
2656
2639
2657
2640
2658
2659
34664
2642
2660
2643
2661
2644
2662
2645
2663
2646
2664
2647
2665
2648
2666
2649
2667
2650
2668
2651
2669
2652
2670
2653
2671
2654
2672
2655
2673
2656
2674
2657
2675
2658
2676
2659
2677
2678
8094
2661
2679
2662
2680
2663
2681
2664
2682
2665
2683
2666
2684
2667
2685
2668
2686
2669
2687
2670
2688
2671
2689
2672
2690
2673
2691
2674
2692
2675
2693
2676
2694
2677
2695
2678
2696
2697
39410
2680
2698
2681
2699
2682
2700
2683
2701
2684
2702
2685
2703
2686
2704
2687
2705
2688
2706
2689
2707
2690
2708
2691
2709
2692
2710
2693
2711
2694
2712
2695
2713
2696
2714
2697
2715
2716
24577
2699
2717
2700
2718
2701
2719
2702
2720
2703
2721
2704
2722
2705
2723
2706
2724
2707
2725
2708
2726
2709
2727
2710
2728
2711
2729
2712
2730
2713
2731
2714
2732
2715
2733
2716
2734
2735
39282
2718
2736
2719
2737
2720
2738
2721
2739
2722
2740
2723
2741
2724
2742
2725
2743
2726
2744
2727
2745
2728
2746
2729
2747
2730
2748
2731
2749
2732
2750
2733
2751
2734
2752
2735
2753
2754
13574
2737
2755
2738
2756
2739
2757
2740
2758
2741
2759
2742
2760
2743
2761
2744
2762
2745
2763
2746
2764
2747
2765
2748
2766
2749
2767
2750
2768
2751
2769
2752
2770
2753
2771
2754
2772
2773
4830
2756
2774
2757
2775
2758
2776
2759
2777
2760
2778
2761
2779
2762
2780
2763
2781
2764
2782
2765
2783
2766
2784
2767
2785
2768
2786
2769
2787
2770
2788
2771
2789
2772
2790
2773
2791
2792
24781
2775
2793
2776
2794
2777
2795
2778
2796
2779
2797
2780
2798
2781
2799
2782
2800
2783
2801
2784
2802
2785
2803
2786
2804
2787
2805
2788
2806
2789
2807
2790
2808
2791
2809
2792
2810
2811
38102
2794
2812
2795
2813
2796
2814
2797
2815
2798
2816
2799
2817
2800
2818
2801
2819
2802
2820
2803
2821
2804
2822
2805
2823
2806
2824
2807
2825
2808
2826
2809
2827
2810
2828
2811
2829
2830
36028
2813
2831
2814
2832
2815
2833
2816
2834
2817
2835
2818
2836
2819
2837
2820
2838
2821
2839
2822
2840
2823
2841
2824
2842
2825
2843
2826
2844
2827
2845
2828
2846
2829
2847
2830
2848
2849
5858
2832
2850
2833
2851
2834
2852
2835
2853
2836
2854
2837
2855
2838
2856
2839
2857
2840
2858
2841
2859
2842
2860
2843
2861
2844
2862
2845
2863
2846
2864
2847
2865
2848
2866
2849
2867
2868
11654
2851
2869
2852
2870
2853
2871
2854
2872
2855
2873
2856
2874
2857
2875
2858
2876
2859
2877
2860
2878
2861
2879
2862
2880
2863
2881
2864
2882
2865
2883
2866
2884
2867
2885
2868
2886
2887
33748
2870
2888
2871
2889
2872
2890
2873
2891
2874
2892
2875
2893
2876
2894
2877
2895
2878
2896
2879
2897
2880
2898
2881
2899
2882
2900
2883
2901
2884
2902
2885
2903
2886
2904
2887
2905
2906
36553
2889
2907
2890
2908
2891
2909
2892
2910
2893
2911
2894
2912
2895
2913
2896
2914
2897
2915
2898
2916
2899
2917
2900
2918
2901
2919
2902
2920
2903
2921
2904
2922
2905
2923
2906
2924
2925
24680
2908
2926
2909
2927
2910
2928
2911
2929
2912
2930
2913
2931
2914
2932
2915
2933
2916
2934
2917
2935
2918
2936
2919
2937
2920
2938
2921
2939
2922
2940
2923
2941
2924
2942
2925
2943
2944
4600
2927
2945
2928
2946
2929
2947
2930
2948
2931
2949
2932
2950
2933
2951
2934
2952
2935
2953
2936
2954
2937
2955
2938
2956
2939
2957
2940
2958
2941
2959
2942
2960
2943
2961
2944
2962
2963
27470
2946
2964
2947
2965
2948
2966
2949
2967
2950
2968
2951
2969
2952
2970
2953
2971
2954
2972
2955
2973
2956
2974
2957
2975
2958
2976
2959
2977
2960
2978
2961
2979
2962
2980
2963
2981
2982
45681
2965
2983
2966
2984
2967
2985
2968
2986
2969
2987
2970
2988
2971
2989
2972
2990
2973
2991
2974
2992
2975
2993
2976
2994
2977
2995
2978
2996
2979
2997
2980
2998
2981
2999
2982
3000
3001
37573
2984
3002
2985
3003
2986
3004
2987
3005
2988
3006
2989
3007
2990
3008
2991
3009
2992
3010
2993
3011
2994
3012
2995
3013
2996
3014
2997
3015
2998
3016
2999
3017
3000
3018
3001
3019
3020
45667
3003
3021
3004
3022
3005
3023
3006
3024
3007
3025
3008
3026
3009
3027
3010
3028
3011
3029
3012
3030
3013
3031
3014
3032
3015
3033
3016
3034
3017
3035
3018
3036
3019
3037
3020
3038
3039
27446
3022
3040
3023
3041
3024
3042
3025
3043
3026
3044
3027
3045
3028
3046
3029
3047
3030
3048
3031
3049
3032
3050
3033
3051
3034
3052
3035
3053
3036
3054
3037
3055
3038
3056
3039
3057
3058
4597
3041
3059
3042
3060
3043
3061
3044
3062
3045
3063
3046
3064
3047
3065
3048
3066
3049
3067
3050
3068
3051
3069
3052
3070
3053
3071
3054
3072
3055
3073
3056
3074
3057
3075
3058
3076
3077
24688
3060
3078
3061
3079
3062
3080
3063
3081
3064
3082
3065
3083
3066
3084
3067
3085
3068
3086
3069
3087
3070
3088
3071
3089
3072
3090
3073
3091
3074
3092
3075
3093
3076
3094
3077
3095
3096
37794
3079
3097
3080
3098
3081
3099
3082
3100
3083
3101
3084
3102
3085
3103
3086
3104
3087
3105
3088
3106
3089
3107
3090
3108
3091
3109
3092
3110
3093
3111
3094
3112
3095
3113
3096
3114
3115
35784
3098
3116
3099
3117
3100
3118
3101
3119
3102
3120
3103
3121
3104
3122
3105
3123
3106
3124
3107
3125
3108
3126
3109
3127
3110
3128
3111
3129
3112
3130
3113
3131
3114
3132
3115
3133
3134
34215
3117
3135
3118
3136
3119
3137
3120
3138
3121
3139
3122
3140
3123
3141
3124
3142
3125
3143
3126
3144
3127
3145
3128
3146
3129
3147
3130
3148
3131
3149
3132
3150
3133
3151
3134
3152
3153
26123
3136
3154
3137
3155
3138
3156
3139
3157
3140
3158
3141
3159
3142
3160
3143
3161
3144
3162
3145
3163
3146
3164
3147
3165
3148
3166
3149
3167
3150
3168
3151
3169
3152
3170
3153
3171
3172
8521
3155
3173
3156
3174
3157
3175
3158
3176
3159
3177
3160
3178
3161
3179
3162
3180
3163
3181
3164
3182
3165
3183
3166
3184
3167
3185
3168
3186
3169
3187
3170
3188
3171
3189
3172
3190
3191
34188
3174
3192
3175
3193
3176
3194
3177
3195
3178
3196
3179
3197
3180
3198
3181
3199
3182
3200
3183
3201
3184
3202
3185
3203
3186
3204
3187
3205
3188
3206
3189
3207
3190
3208
3191
3209
3210
8023
3193
3211
3194
3212
3195
3213
3196
3214
3197
3215
3198
3216
3199
3217
3200
3218
3201
3219
3202
3220
3203
3221
3204
3222
3205
3223
3206
3224
3207
3225
3208
3226
3209
3227
3210
3228
3229
17233
3212
3230
3213
3231
3214
3232
3215
3233
3216
3234
3217
3235
3218
3236
3219
3237
3220
3238
3221
3239
3222
3240
3223
3241
3224
3242
3225
3243
3226
3244
3227
3245
3228
3246
3229
3247
3248
45029
3231
3249
3232
3250
3233
3251
3234
3252
3235
3253
3236
3254
3237
3255
3238
3256
3239
3257
3240
3258
3241
3259
3242
3260
3243
3261
3244
3262
3245
3263
3246
3264
3247
3265
3248
3266
3267
33900
3250
3268
3251
3269
3252
3270
3253
3271
3254
3272
3255
3273
3256
3274
3257
3275
3258
3276
3259
3277
3260
3278
3261
3279
3262
3280
3263
3281
3264
3282
3265
3283
3266
3284
3267
3285
3286
34811
3269
3287
3270
3288
3271
3289
3272
3290
3273
3291
3274
3292
3275
3293
3276
3294
3277
3295
3278
3296
3279
3297
3280
3298
3281
3299
3282
3300
3283
3301
3284
3302
3285
3303
3286
3304
3305
21721
3288
3306
3289
3307
3290
3308
3291
3309
3292
3310
3293
3311
3294
3312
3295
3313
3296
3314
3297
3315
3298
3316
3299
3317
3300
3318
3301
3319
3302
3320
3303
3321
3304
3322
3305
3323
3324
43449
3307
3325
3308
3326
3309
3327
3310
3328
3311
3329
3312
3330
3313
3331
3314
3332
3315
3333
3316
3334
3317
3335
3318
3336
3319
3337
3320
3338
3321
3339
3322
3340
3323
3341
3324
3342
3343
32644
3326
3344
3327
3345
3328
3346
3329
3347
3330
3348
3331
3349
3332
3350
3333
3351
3334
3352
3335
3353
3336
3354
3337
3355
3338
3356
3339
3357
3340
3358
3341
3359
3342
3360
3343
3361
3362
43506
3345
3363
3346
3364
3347
3365
3348
3366
3349
3367
3350
3368
3351
3369
3352
3370
3353
3371
3354
3372
3355
3373
3356
3374
3357
3375
3358
3376
3359
3377
3360
3378
3361
3379
3362
3380
3381
12176
3364
3382
3365
3383
3366
3384
3367
3385
3368
3386
3369
3387
3370
3388
3371
3389
3372
3390
3373
3391
3374
3392
3375
3393
3376
3394
3377
3395
3378
3396
3379
3397
3380
3398
3381
3399
3400
4753
3383
3401
3384
3402
3385
3403
3386
3404
3387
3405
3388
3406
3389
3407
3390
3408
3391
3409
3392
3410
3393
3411
3394
3412
3395
3413
3396
3414
3397
3415
3398
3416
3399
3417
3400
3418
3419
43577
3402
3420
3403
3421
3404
3422
3405
3423
3406
3424
3407
3425
3408
3426
3409
3427
3410
3428
3411
3429
3412
3430
3413
3431
3414
3432
3415
3433
3416
3434
3417
3435
3418
3436
3419
3437
3438
8255
3421
3439
3422
3440
3423
3441
3424
3442
3425
3443
3426
3444
3427
3445
3428
3446
3429
3447
3430
3448
3431
3449
3432
3450
3433
3451
3434
3452
3435
3453
3436
3454
3437
3455
3438
3456
3457
28045
3440
3458
3441
3459
3442
3460
3443
3461
3444
3462
3445
3463
3446
3464
3447
3465
3448
3466
3449
3467
3450
3468
3451
3469
3452
3470
3453
3471
3454
3472
3455
3473
3456
3474
3457
3475
3476
6851
3459
3477
3460
3478
3461
3479
3462
3480
3463
3481
3464
3482
3465
3483
3466
3484
3467
3485
3468
3486
3469
3487
3470
3488
3471
3489
3472
3490
3473
3491
3474
3492
3475
3493
3476
3494
3495
27363
3478
3496
3479
3497
3480
3498
3481
3499
3482
3500
3483
3501
3484
3502
3485
3503
3486
3504
3487
3505
3488
3506
3489
3507
3490
3508
3491
3509
3492
3510
3493
3511
3494
3512
3495
3513
3514
44013
3497
3515
3498
3516
3499
3517
3500
3518
3501
3519
3502
3520
3503
3521
3504
3522
3505
3523
3506
3524
3507
3525
3508
3526
3509
3527
3510
3528
3511
3529
3512
3530
3513
3531
3514
3532
3533
34737
3516
3534
3517
3535
3518
3536
3519
3537
3520
3538
3521
3539
3522
3540
3523
3541
3524
3542
3525
3543
3526
3544
3527
3545
3528
3546
3529
3547
3530
3548
3531
3549
3532
3550
3533
3551
3552
34381
3535
3553
3536
3554
3537
3555
3538
3556
3539
3557
3540
3558
3541
3559
3542
3560
3543
3561
3544
3562
3545
3563
3546
3564
3547
3565
3548
3566
3549
3567
3550
3568
3551
3569
3552
3570
3571
27483
3554
3572
3555
3573
3556
3574
3557
3575
3558
3576
3559
3577
3560
3578
3561
3579
3562
3580
3563
3581
3564
3582
3565
3583
3566
3584
3567
3585
3568
3586
3569
3587
3570
3588
3571
3589
3590
45107
3573
3591
3574
3592
3575
3593
3576
3594
3577
3595
3578
3596
3579
3597
3580
3598
3581
3599
3582
3600
3583
3601
3584
3602
3585
3603
3586
3604
3587
3605
3588
3606
3589
3607
3590
3608
3609
25129
3592
3610
3593
3611
3594
3612
3595
3613
3596
3614
3597
3615
3598
3616
3599
3617
3600
3618
3601
3619
3602
3620
3603
3621
3604
3622
3605
3623
3606
3624
3607
3625
3608
3626
3609
3627
3628
34125
3611
3629
3612
3630
3613
3631
3614
3632
3615
3633
3616
3634
3617
3635
3618
3636
3619
3637
3620
3638
3621
3639
3622
3640
3623
3641
3624
3642
3625
3643
3626
3644
3627
3645
3628
3646
3647
34291
3630
3648
3631
3649
3632
3650
3633
3651
3634
3652
3635
3653
3636
3654
3637
3655
3638
3656
3639
3657
3640
3658
3641
3659
3642
3660
3643
3661
3644
3662
3645
3663
3646
3664
3647
3665
3666
41378
3649
3667
3650
3668
3651
3669
3652
3670
3653
3671
3654
3672
3655
3673
3656
3674
3657
3675
3658
3676
3659
3677
3660
3678
3661
3679
3662
3680
3663
3681
3664
3682
3665
3683
3666
3684
3685
18153
3668
3686
3669
3687
3670
3688
3671
3689
3672
3690
3673
3691
3674
3692
3675
3693
3676
3694
3677
3695
3678
3696
3679
3697
3680
3698
3681
3699
3682
3700
3683
3701
3684
3702
3685
3703
3704
28387
3687
3705
3688
3706
3689
3707
3690
3708
3691
3709
3692
3710
3693
3711
3694
3712
3695
3713
3696
3714
3697
3715
3698
3716
3699
3717
3700
3718
3701
3719
3702
3720
3703
3721
3704
3722
3723
32492
3706
3724
3707
3725
3708
3726
3709
3727
3710
3728
3711
3729
3712
3730
3713
3731
3714
3732
3715
3733
3716
3734
3717
3735
3718
3736
3719
3737
3720
3738
3721
3739
3722
3740
3723
3741
3742
46382
3725
3743
3726
3744
3727
3745
3728
3746
3729
3747
3730
3748
3731
3749
3732
3750
3733
3751
3734
3752
3735
3753
3736
3754
3737
3755
3738
3756
3739
3757
3740
3758
3741
3759
3742
3760
3761
31914
3744
3762
3745
3763
3746
3764
3747
3765
3748
3766
3749
3767
3750
3768
3751
3769
3752
3770
3753
3771
3754
3772
3755
3773
3756
3774
3757
3775
3758
3776
3759
3777
3760
3778
3761
3779
3780
35232
3763
3781
3764
3782
3765
3783
3766
3784
3767
3785
3768
3786
3769
3787
3770
3788
3771
3789
3772
3790
3773
3791
3774
3792
3775
3793
3776
3794
3777
3795
3778
3796
3779
3797
3780
3798
3799
37356
3782
3800
3783
3801
3784
3802
3785
3803
3786
3804
3787
3805
3788
3806
3789
3807
3790
3808
3791
3809
3792
3810
3793
3811
3794
3812
3795
3813
3796
3814
3797
3815
3798
3816
3799
3817
3818
46125
3801
3819
3802
3820
3803
3821
3804
3822
3805
3823
3806
3824
3807
3825
3808
3826
3809
3827
3810
3828
3811
3829
3812
3830
3813
3831
3814
3832
3815
3833
3816
3834
3817
3835
3818
3836
3837
42447
3820
3838
3821
3839
3822
3840
3823
3841
3824
3842
3825
3843
3826
3844
3827
3845
3828
3846
3829
3847
3830
3848
3831
3849
3832
3850
3833
3851
3834
3852
3835
3853
3836
3854
3837
3855
3856
46107
3839
3857
3840
3858
3841
3859
3842
3860
3843
3861
3844
3862
3845
3863
3846
3864
3847
3865
3848
3866
3849
3867
3850
3868
3851
3869
3852
3870
3853
3871
3854
3872
3855
3873
3856
3874
3875
36335
3858
3876
3859
3877
3860
3878
3861
3879
3862
3880
3863
3881
3864
3882
3865
3883
3866
3884
3867
3885
3868
3886
3869
3887
3870
3888
3871
3889
3872
3890
3873
3891
3874
3892
3875
3893
3894
46129
3877
3895
3878
3896
3879
3897
3880
3898
3881
3899
3882
3900
3883
3901
3884
3902
3885
3903
3886
3904
3887
3905
3888
3906
3889
3907
3890
3908
3891
3909
3892
3910
3893
3911
3894
3912
3913
37063
3896
3914
3897
3915
3898
3916
3899
3917
3900
3918
3901
3919
3902
3920
3903
3921
3904
3922
3905
3923
3906
3924
3907
3925
3908
3926
3909
3927
3910
3928
3911
3929
3912
3930
3913
3931
3932
45605
3915
3933
3916
3934
3917
3935
3918
3936
3919
3937
3920
3938
3921
3939
3922
3940
3923
3941
3924
3942
3925
3943
3926
3944
3927
3945
3928
3946
3929
3947
3930
3948
3931
3949
3932
3950
3951
27386
3934
3952
3935
3953
3936
3954
3937
3955
3938
3956
3939
3957
3940
3958
3941
3959
3942
3960
3943
3961
3944
3962
3945
3963
3946
3964
3947
3965
3948
3966
3949
3967
3950
3968
3951
3969
3970
4567
3953
3971
3954
3972
3955
3973
3956
3974
3957
3975
3958
3976
3959
3977
3960
3978
3961
3979
3962
3980
3963
3981
3964
3982
3965
3983
3966
3984
3967
3985
3968
3986
3969
3987
3970
3988
3989
24673
3972
3990
3973
3991
3974
3992
3975
3993
3976
3994
3977
3995
3978
3996
3979
3997
3980
3998
3981
3999
3982
4000
3983
4001
3984
4002
3985
4003
3986
4004
3987
4005
3988
4006
3989
4007
4008
40586
3991
4009
3992
4010
3993
4011
3994
4012
3995
4013
3996
4014
3997
4015
3998
4016
3999
4017
4000
4018
4001
4019
4002
4020
4003
4021
4004
4022
4005
4023
4006
4024
4007
4025
4008
4026
4027
24499
4010
4028
4011
4029
4012
4030
4013
4031
4014
4032
4015
4033
4016
4034
4017
4035
4018
4036
4019
4037
4020
4038
4021
4039
4022
4040
4023
4041
4024
4042
4025
4043
4026
4044
4027
4045
4046
38466
4029
4047
4030
4048
4031
4049
4032
4050
4033
4051
4034
4052
4035
4053
4036
4054
4037
4055
4038
4056
4039
4057
4040
4058
4041
4059
4042
4060
4043
4061
4044
4062
4045
4063
4046
4064
4065
7000
4048
4066
4049
4067
4050
4068
4051
4069
4052
4070
4053
4071
4054
4072
4055
4073
4056
4074
4057
4075
4058
4076
4059
4077
4060
4078
4061
4079
4062
4080
4063
4081
4064
4082
4065
4083
4084
33808
4067
4085
4068
4086
4069
4087
4070
4088
4071
4089
4072
4090
4073
4091
4074
4092
4075
4093
4076
4094
4077
4095
4078
4096
4079
4097
4080
4098
4081
4099
4082
4100
4083
4101
4084
4102
4103
35038
4086
4104
4087
4105
4088
4106
4089
4107
4090
4108
4091
4109
4092
4110
4093
4111
4094
4112
4095
4113
4096
4114
4097
4115
4098
4116
4099
4117
4100
4118
4101
4119
4102
4120
4103
4121
4122
20922
4105
4123
4106
4124
4107
4125
4108
4126
4109
4127
4110
4128
4111
4129
4112
4130
4113
4131
4114
4132
4115
4133
4116
4134
4117
4135
4118
4136
4119
4137
4120
4138
4121
4139
4122
4140
4141
35476
4124
4142
4125
4143
4126
4144
4127
4145
4128
4146
4129
4147
4130
4148
4131
4149
4132
4150
4133
4151
4134
4152
4135
4153
4136
4154
4137
4155
4138
4156
4139
4157
4140
4158
4141
4159
4160
11808
4143
4161
4144
4162
4145
4163
4146
4164
4147
4165
4148
4166
4149
4167
4150
4168
4151
4169
4152
4170
4153
4171
4154
4172
4155
4173
4156
4174
4157
4175
4158
4176
4159
4177
4160
4178
4179
13976
4162
4180
4163
4181
4164
4182
4165
4183
4166
4184
4167
4185
4168
4186
4169
4187
4170
4188
4171
4189
4172
4190
4173
4191
4174
4192
4175
4193
4176
4194
4177
4195
4178
4196
4179
4197
4198
46315
4181
4199
4182
4200
4183
4201
4184
4202
4185
4203
4186
4204
4187
4205
4188
4206
4189
4207
4190
4208
4191
4209
4192
4210
4193
4211
4194
4212
4195
4213
4196
4214
4197
4215
4198
4216
4217
35311
4200
4218
4201
4219
4202
4220
4203
4221
4204
4222
4205
4223
4206
4224
4207
4225
4208
4226
4209
4227
4210
4228
4211
4229
4212
4230
4213
4231
4214
4232
4215
4233
4216
4234
4217
4235
4236
44871
4219
4237
4220
4238
4221
4239
4222
4240
4223
4241
4224
4242
4225
4243
4226
4244
4227
4245
4228
4246
4229
4247
4230
4248
4231
4249
4232
4250
4233
4251
4234
4252
4235
4253
4236
4254
4255
13502
4238
4256
4239
4257
4240
4258
4241
4259
4242
4260
4243
4261
4244
4262
4245
4263
4246
4264
4247
4265
4248
4266
4249
4267
4250
4268
4251
4269
4252
4270
4253
4271
4254
4272
4255
4273
4274
12541
4257
4275
4258
4276
4259
4277
4260
4278
4261
4279
4262
4280
4263
4281
4264
4282
4265
4283
4266
4284
4267
4285
4268
4286
4269
4287
4270
4288
4271
4289
4272
4290
4273
4291
4274
4292
4293
28339
4276
4294
4277
4295
4278
4296
4279
4297
4280
4298
4281
4299
4282
4300
4283
4301
4284
4302
4285
4303
4286
4304
4287
4305
4288
4306
4289
4307
4290
4308
4291
4309
4292
4310
4293
4311
4312
45703
4295
4313
4296
4314
4297
4315
4298
4316
4299
4317
4300
4318
4301
4319
4302
4320
4303
4321
4304
4322
4305
4323
4306
4324
4307
4325
4308
4326
4309
4327
4310
4328
4311
4329
4312
4330
4331
36251
4314
4332
4315
4333
4316
4334
4317
4335
4318
4336
4319
4337
4320
4338
4321
4339
4322
4340
4323
4341
4324
4342
4325
4343
4326
4344
4327
4345
4328
4346
4329
4347
4330
4348
4331
4349
4350
34258
4333
4351
4334
4352
4335
4353
4336
4354
4337
4355
4338
4356
4339
4357
4340
4358
4341
4359
4342
4360
4343
4361
4344
4362
4345
4363
4346
4364
4347
4365
4348
4366
4349
4367
4350
4368
4369
8201
4352
4370
4353
4371
4354
4372
4355
4373
4356
4374
4357
4375
4358
4376
4359
4377
4360
4378
4361
4379
4362
4380
4363
4381
4364
4382
4365
4383
4366
4384
4367
4385
4368
4386
4369
4387
4388
32652
4371
4389
4372
4390
4373
4391
4374
4392
4375
4393
4376
4394
4377
4395
4378
4396
4379
4397
4380
4398
4381
4399
4382
4400
4383
4401
4384
4402
4385
4403
4386
4404
4387
4405
4388
4406
4407
35543
4390
4408
4391
4409
4392
4410
4393
4411
4394
4412
4395
4413
4396
4414
4397
4415
4398
4416
4399
4417
4400
4418
4401
4419
4402
4420
4403
4421
4404
4422
4405
4423
4406
4424
4407
4425
4426
37766
4409
4427
4410
4428
4411
4429
4412
4430
4413
4431
4414
4432
4415
4433
4416
4434
4417
4435
4418
4436
4419
4437
4420
4438
4421
4439
4422
4440
4423
4441
4424
4442
4425
4443
4426
4444
4445
46353
4428
4446
4429
4447
4430
4448
4431
4449
4432
4450
4433
4451
4434
4452
4435
4453
4436
4454
4437
4455
4438
4456
4439
4457
4440
4458
4441
4459
4442
4460
4443
4461
4444
4462
4445
4463
4464
43574
4447
4465
4448
4466
4449
4467
4450
4468
4451
4469
4452
4470
4453
4471
4454
4472
4455
4473
4456
4474
4457
4475
4458
4476
4459
4477
4460
4478
4461
4479
4462
4480
4463
4481
4464
4482
4483
46349
4466
4467
4468
4469
4470
4471
4472
4473
4474
4475
4476
4477
4478
4479
4480
4481
4482
4483
37379
4766
34932
36111
4907
25775
34134
5348
25814
36406
4506
6489
53626
4490
4963
48234
5148
6541
46018
9687
28822
4876
6796
28998
5653
7128
38615
5204
27321
29182
5448
5480
21775
4920
10298
40399
5742
6671
28790
8023
12518
34188
6079
13302
18304
4784
12757
27606
4797
9091
13582
7035
12567
45322
6801
8870
35466
5141
21221
45966
8359
8699
43147
5367
14675
22916
8402
50472
4634
7141
22925
4511
17694
26682
8892
22601
30061
4983
12189
29130
31019
47449
6784
14115
8358
10169
10249
4660
35723
38790
4998
8809
51087
4788
15356
48645
7105
9567
31912
5520
6088
10916
5684
7649
23984
4636
13296
47729
4870
16190
20778
5500
6984
8568
5901
6924
32793
6095
13108
41282
6779
11182
26022
5416
38846
41295
6147
13657
19170
5209
23283
23927
5262
22707
26642
6523
8059
37948
4872
34764
40836
5308
7506
23029
5464
18710
28108
7027
8567
35921
5206
11234
31609
8456
10790
17641
5850
7685
14203
4580
18267
33206
5276
10685
37269
7650
9638
42186
5033
6690
33947
5513
6378
42735
4756
8625
20372
4609
14904
22344
7418
15123
43319
4585
13191
24997
7935
13754
20742
4560
33035
43571
5170
8836
22519
5350
7565
13844
5118
9739
12163
4685
29291
46253
5008
5253
18828
4703
9553
14577
4559
14965
22577
4767
19142
21923
8865
11136
34008
5908
12597
39377
4770
11390
34011
46291
8498
10123
11427
8589
13503
16471
4702
4748
11937
4904
12735
21234
5366
5496
20536
5431
7170
47349
10822
13261
5288
8187
21345
4774
12026
24509
4944
14521
24419
12149
18301
29023
5446
16621
25737
6697
13051
17716
12387
13275
6123
24134
30401
14256
14478
14619
6290
15270
26849
5250
6939
44795
5479
11308
23314
11091
17336
9780
10835
46804
5819
8671
25444
5035
33326
50707
6365
9294
12863
4803
6766
4587
24619
44410
22900
52664
5701
24369
37798
4726
11009
39450
5189
10994
30359
10507
11320
32476
6826
9108
33954
5013
9220
30911
5047
16212
31102
6661
11003
34322
6936
8375
41063
10879
13386
10970
13440
7626
9298
25077
10868
13409
10108
16395
17971
4838
16957
33617
6030
6470
44743
4605
5591
22860
16206
35977
4902
32317
46479
5588
9393
48684
4610
7126
35461
10986
53071
5456
47005
5569
25402
50337
8929
15599
19651
8786
9447
17985
5156
6057
52219
7536
8231
17333
5699
15758
18439
7292
10257
38303
5982
6334
44971
5663
7341
16396
5520
12503
51476
6495
19337
26195
11647
13680
23887
4776
8046
43911
4644
8241
18687
4782
8873
49733
4637
8161
17608
4925
22112
22785
12616
16420
18681
5610
15679
25070
5741
12213
33429
4632
18488
28303
24366
26653
4906
5481
10239
6449
47115
4818
11055
13915
10492
52957
15942
21332
5546
5652
18365
8966
10719
20559
10318
20383
27657
5314
9399
11839
5438
11359
29065
9863
13517
36036
4756
37315
5079
5390
8712
6130
9068
35922
5462
7450
21450
7169
7246
12799
5354
11564
14043
5181
14411
47784
5578
24735
40254
4779
6651
34099
4654
6409
34253
6355
11427
8080
8307
49063
7347
9140
12857
4842
9493
21329
5476
22020
32255
8054
10235
11951
43380
45199
5424
13044
17459
4689
7930
18526
5792
16741
40716
5017
21097
27176
5994
6318
33855
4758
12194
42974
5487
11456
15269
5437
8530
12075
6341
14061
49647
5146
18536
50627
7375
17456
35399
5423
10717
26453
6775
28579
37916
4713
21101
35327
4678
13727
20375
4972
9560
25465
5525
23845
40689
24018
28295
4953
13749
45356
5357
32507
44786
10269
10517
10576
6548
16212
16718
7334
14559
30549
11348
12007
19335
33817
35016
4707
7485
10876
7463
8912
15786
5304
7533
52038
8879
31076
4761
23066
25025
6287
20181
37751
7240
10204
12642
6208
19168
20381
7281
24482
33002
6281
6549
21180
4755
29892
32982
9548
12946
18408
5440
11769
15630
7955
11770
32956
6001
17202
27397
5205
20015
42734
11272
28825
16327
28000
4718
12769
16169
6314
9205
47035
8188
8674
10086
23813
50398
4709
17930
37385
15266
18182
4801
11641
45754
6175
17258
18529
5267
25128
34740
11061
51048
7682
17629
20048
5232
7564
36651
5157
6954
43336
5030
16161
18481
14076
45417
7129
7427
22640
4942
5023
41722
5469
5823
53410
4747
10710
51842
7600
11876
27266
9282
10832
32204
5538
9993
10350
12239
34058
9475
16096
35411
14298
16172
23411
6471
8590
16877
5419
5731
46275
4771
7643
53791
5977
17671
43419
5412
14059
22931
5264
16058
34130
5234
9767
12821
4832
17379
50370
5238
12369
13766
5749
22990
34628
6566
20139
23029
4742
12000
27520
4940
6510
21490
9535
14122
5389
18342
34518
5634
11473
28270
5601
7425
22462
6035
21710
26292
23953
53588
5155
38798
7442
11853
19351
4992
6665
36266
6836
15240
16745
4824
16886
38219
5855
8239
6443
33930
33955
9136
47438
47028
9091
25294
33332
22464
23161
5056
16042
21326
8932
9246
13713
19401
47222
5363
9787
26490
5100
9015
16452
8971
21654
44308
6800
13847
15385
20946
29063
14663
38353
6163
9777
12807
6862
11906
35889
8452
25903
9755
53912
4913
14514
23140
5661
5915
53201
11938
17437
5374
35670
45110
5983
15371
5303
17332
22201
8628
9090
38671
6356
41661
8728
17061
23349
5135
15575
35044
14910
40048
6052
22664
42138
15616
44265
4933
13752
14957
6776
21104
38094
4900
5197
27388
20653
41574
8251
8262
34485
8233
26742
26975
9955
10547
36511
5199
16238
29391
8539
10920
14216
9281
12419
15119
5101
12614
51425
5010
10424
26642
26364
37390
6227
8759
42412
5282
17414
20261
6962
13155
33765
8079
18827
4899
50057
52185
5468
6547
5501
7294
17364
7354
8151
32064
5144
7520
26876
6073
11748
42021
4958
11317
33889
5470
10694
29009
7034
17499
32060
7570
11955
22274
4878
9174
50458
15210
15831
24425
5745
7155
34412
5804
6391
44874
6101
16536
21946
8768
19986
32807
19128
20569
5029
5885
45763
5053
23030
29015
5740
10583
40603
9343
11615
41091
11803
14918
27099
30234
47445
5005
23016
40611
5196
9429
20333
6282
10926
49989
4905
8824
31074
6465
10081
44241
6085
11187
6611
7779
12306
4903
35617
5909
8538
37060
5405
7507
33418
5975
6500
44997
5320
22645
24516
6223
20310
40071
9451
30958
7195
15570
30213
7810
9275
32725
6841
10610
17048
5233
18053
6456
7806
26257
5552
6269
30247
4975
12661
14630
5080
12175
14359
5061
25699
49439
6548
6971
11445
6646
11564
4976
14720
26769
5556
33330
39211
12047
13254
14880
4856
6535
35817
5939
12785
31730
5383
6277
12771
7925
11286
5621
24233
37484
5102
11582
38359
5444
14137
20901
5996
21552
47481
5459
13495
41917
5613
20377
23555
5216
17884
32343
4894
8427
26439
5858
25632
31369
5313
8069
42503
6252
7938
12172
6244
7753
43464
11289
11475
18635
23241
31471
5778
8117
9421
17145
6177
9915
10882
5317
12984
45427
8605
13496
31075
49976
51986
5054
11341
27733
6005
41007
6681
6771
7557
6047
12556
13499
5660
9809
16487
4897
30093
38644
5400
5583
45240
6033
6472
33243
5743
13276
49018
4924
25693
27934
5942
10896
25506
5289
7509
29670
5284
15956
16411
8226
10473
29810
12285
22928
23118
5407
13239
15137
7608
8435
26823
13115
37418
4951
10190
16004
5164
8994
17858
5727
18226
5202
5441
52531
5112
10062
13312
47570
12635
14444
30017
16610
36885
5334
36189
11031
24590
5820
23772
5585
27801
17147
34068
5136
6736
35960
5899
8230
33914
7493
10702
36154
5688
10593
28704
4947
17992
21720
16596
21700
7065
8085
10425
5075
11214
25978
6229
11702
23102
4921
9145
10946
6271
10558
39676
7430
9778
13758
48195
11226
12699
5099
5611
10853
7489
17278
20407
32606
33427
10941
24154
7429
13616
44928
5335
10843
46546
7247
19860
47950
5034
9655
19667
5352
29173
40152
5004
7748
39127
5279
17083
42281
13087
25624
8053
9472
32945
5021
15709
50364
5094
5503
13570
6838
9737
20521
5949
10042
39265
6525
7033
7761
23204
49735
5608
29808
33027
38414
5294
12932
21522
7175
8523
5078
8743
14699
5691
18918
18954
17048
21824
5174
6205
37751
5093
25751
35738
4991
15889
21028
5482
19997
6883
10724
15224
37462
45820
7399
11183
28967
10919
11651
49734
5430
21432
38498
15477
16154
19658
10753
21234
5225
21496
24121
5009
5668
34714
5511
10786
42381
5123
6604
30967
5840
49984
5780
27172
42611
5378
13759
19064
8558
12087
38284
8529
11953
37539
5002
16791
36060
5045
29277
29383
6031
21122
27173
6507
28871
30624
22177
25885
5025
13540
35236
8174
9762
22776
18602
25871
11395
29807
5040
7981
17606
6368
15312
15542
5088
18445
28512
9081
15720
24042
8565
10701
38132
6286
22898
50053
11838
28234
6818
7346
52156
7684
10469
16323
6557
9003
38392
6467
18512
28304
5958
24594
26931
6176
7615
5892
12842
13469
6314
36585
15910
42215
6097
15927
44617
5409
7708
9525
6364
29698
31427
5566
16219
27403
8991
13041
19995
20342
46981
5285
6276
12131
7110
7242
37223
6182
7700
38673
16559
51908
5758
6307
25972
25551
37790
7945
19304
6080
6942
44574
11584
15360
23820
23195
24655
17000
20659
5564
6642
6257
15523
32895
5849
21518
37451
25452
36987
6660
6762
10464
6498
10056
14066
6148
9287
48504
32454
33303
5345
11542
47134
6306
13233
22150
8636
9328
26186
12644
31954
5220
16267
53729
5162
23735
6398
11626
25685
5283
45657
5295
19412
26199
7994
9421
35338
7179
10288
11023
24160
31224
11047
14429
5261
6005
30264
5852
26120
35841
5434
8995
9544
14390
27359
33591
5044
11592
22957
5631
7127
37133
6839
10240
51127
5893
6212
14653
11392
15614
6530
9422
13449
5244
8748
28581
5436
8081
16037
13673
41783
16152
23634
5081
6232
24585
16158
25331
9197
17631
24687
7456
8777
23776
5768
13931
43843
6249
20297
48210
7159
8406
20071
18314
22492
27985
32818
5537
6135
9955
24055
27429
5985
7629
11303
6058
6446
21227
5331
19581
42372
5310
5529
13165
18571
43777
5771
20023
20464
5635
15920
51161
5485
17190
37185
10373
10839
49900
5411
12524
14029
5256
24647
40251
5869
15913
38941
10177
27260
29686
5698
16195
24050
8290
15624
18942
5494
5775
21323
6040
9305
28664
5827
28478
43632
11551
23630
8103
15325
49345
5105
8270
46575
12612
39232
5449
6092
14503
15301
7599
45427
5087
15075
27798
6292
19242
46416
5954
21903
51299
6564
15313
48147
9710
12352
33273
11997
23444
23998
37726
5510
8147
20507
6431
6806
48587
6856
9427
44356
8236
27214
30553
28700
31673
5425
15023
5160
5736
42175
5543
17321
21111
5492
29311
32705
6567
13648
15216
18910
46451
17916
20736
13754
16978
19190
22135
5630
20680
32884
5252
13641
44649
5884
17065
5245
7922
33419
5109
9012
31435
15464
16419
25095
28431
52553
10178
12106
19119
5943
6138
29476
7206
11768
5693
6275
21293
5662
13077
38359
5121
17263
44221
5208
22803
26703
5626
5841
42758
26194
42934
5788
7886
37892
5796
6955
23017
23293
24650
6549
8053
51431
11618
53045
9763
10971
23240
5158
21822
50907
6141
12130
36562
5396
31378
40791
5647
31045
44290
7330
15501
24215
5732
18285
40583
5377
12929
33493
6164
6183
51680
8421
9987
27973
5876
9676
9723
33359
48279
17327
22181
5514
11109
42018
10951
11773
27837
5159
29293
30883
6293
6300
16203
15326
45011
5529
20325
42050
6759
7421
32819
15125
24417
5772
13452
30656
46042
48121
5358
22606
35240
18881
23429
6302
27926
44545
8988
10045
23085
8979
12667
22087
10233
10475
11994
10980
18173
31293
10656
17152
25681
13646
34088
6686
37875
6075
43077
11412
49198
26408
30006
7357
38748
5185
13784
52837
33427
42315
5591
16021
26180
9859
34243
6046
8086
31413
5582
6574
25298
6512
10863
16802
5833
21914
30394
10616
12813
39219
6606
26496
5488
8850
14900
5731
6658
7018
7016
9428
53135
19149
20181
5672
15645
28566
5178
12627
18464
5633
12832
14783
15166
16028
5832
6402
7995
6696
28819
47878
7009
43158
6418
16956
38591
6243
16266
27325
6041
11556
20128
20229
33119
5654
23466
26756
8361
10405
36755
6882
6910
24648
11129
15520
6487
9141
9292
5192
9668
27838
20981
36661
5606
11841
14103
7168
12268
50734
8156
12451
34679
7484
29373
5579
15528
6369
11917
23782
10119
17276
10402
10978
15835
5214
12963
24357
50754
53546
10646
12479
25815
35088
45671
23122
37345
20467
31480
5865
16403
40055
8093
25764
25326
34506
6391
11782
49571
5825
23515
41741
6482
11775
42855
5215
25418
30680
18242
25992
20724
24051
33743
36749
7510
12655
30567
6153
10746
25176
5723
15058
41351
18294
51396
9661
11251
23296
6761
19839
25960
6746
7076
19662
5769
17229
26503
9497
27881
9041
12622
15850
5835
7464
24630
7690
10308
14734
8142
10780
14452
5916
10390
20701
7173
8707
33875
8083
31731
7892
11895
5257
7975
9827
22409
25740
5918
6198
36503
6878
14672
44159
8164
19652
5874
11634
38964
7638
12327
20513
5571
5789
11873
7060
10264
28166
9230
10965
13609
19092
39258
7562
23298
6461
8597
10276
5594
9195
42006
7514
18379
45824
6112
10564
38400
13418
38421
5600
8964
26645
14058
37041
9583
12922
6671
36211
39519
5597
16876
35366
17442
50220
5617
31670
6965
9593
47701
5573
21465
35934
7272
24167
27668
11132
32175
36037
36790
5720
8149
16341
34793
36495
6459
34239
36634
7939
12808
16225
15321
29934
5330
13545
33915
5616
11039
35338
7397
25549
41096
7047
11998
25510
6093
15738
30698
6905
8982
18262
5527
19978
21555
10947
15109
16680
9951
36443
6080
6759
11750
5427
11440
19362
16636
28533
5326
13142
18928
6492
22729
40430
14387
30283
12434
43826
23062
25272
6743
21495
8143
15213
31630
5293
26333
43778
9210
46431
27327
34263
10704
11969
41539
5611
9554
34031
6155
37885
49619
9157
11645
15922
23378
20608
25206
9178
16844
24241
6645
10215
20177
6253
10670
41856
6595
8770
11759
12768
16264
33818
5455
12293
14931
7400
7933
21987
14656
43866
18384
50662
5547
38475
40713
13563
14673
22015
5486
28626
30291
11044
41589
7582
8730
48163
15759
39134
5680
16263
33835
7992
13006
13872
26208
51278
7257
49634
10119
11099
19618
6937
17224
48115
31934
51213
5435
18253
46713
14776
19444
21698
21461
37771
5834
7452
30183
6990
7698
11494
5956
12126
27402
6969
9000
12661
7921
14795
48255
14191
53453
5563
5728
14570
5870
16147
30692
6439
7199
19973
10184
53842
16017
21775
6207
27043
51289
6232
10730
22894
18634
27084
13074
41832
8980
12624
14779
5340
17472
22139
6362
24086
47827
6825
9813
14401
21813
31110
5859
7863
13881
6681
7961
24885
5522
7451
10459
5640
14963
50847
6384
31215
7670
14057
37302
5888
18404
24294
16278
19413
7200
18230
18238
15688
22400
6053
42318
43603
28747
43323
6597
23298
34925
26589
28980
9539
10949
20648
9107
10544
48210
7186
52984
17747
35248
6343
8459
9085
7919
9263
44626
7054
15756
23247
7538
16011
24023
24043
34825
7038
27766
29454
8370
12793
17301
6210
50824
19303
24838
5371
10323
27984
6171
6469
8880
5658
6724
12965
9733
52585
6339
7007
27658
8624
9285
50284
10801
51152
7178
19745
31997
5797
8947
19226
21629
23163
16981
19460
5685
6285
33448
6728
6964
22866
7518
10769
28401
5408
18944
29095
7329
10375
7977
8934
52765
5828
5832
51881
5406
37144
41740
10121
10197
16434
5881
16562
37522
27241
35705
12193
45919
8266
10385
48998
7547
33658
36507
9995
11583
16006
10912
12231
19872
6157
8845
18656
25561
32688
5864
8004
13905
5575
23142
32842
6875
7580
8482
13437
19070
5712
25788
30845
8858
13768
17399
13355
14195
17461
6514
12601
21709
18811
49823
27588
31349
5538
10508
9960
26580
33605
39755
8417
25399
37450
11232
22566
6202
43105
6297
23150
27660
5415
6945
31418
23135
34540
18547
45259
8913
10576
11738
11688
13482
24068
27576
35665
7767
11592
12747
5422
13389
19871
7824
21411
12357
25087
25321
46164
16064
50268
5561
17255
38144
10255
28968
11127
14703
28614
6493
10357
49418
7549
40796
8929
39363
7221
13867
37289
6995
22689
25254
8917
15562
15371
31812
22678
46896
7779
9346
21310
36912
5584
33870
34173
11578
43049
12560
17795
7083
15202
37680
5756
23661
31036
8638
20057
6305
24837
46790
13684
40375
6103
8804
10221
5563
6712
14755
23137
7486
16289
20337
5590
6027
30132
7401
9852
26847
6872
11197
38206
6170
6228
18206
7119
15829
21279
46564
7663
17609
18276
5512
19747
26699
8127
10160
7419
11379
15100
7711
10529
25404
9185
16839
8716
14650
38993
20748
32973
5739
16041
47916
6064
19343
29410
6086
13285
40583
18320
26144
9515
30529
5523
48770
6125
13509
29117
6087
8205
13517
11503
14573
35702
6703
18887
19634
6107
6354
28326
13744
31778
6410
9647
20396
5690
5763
36681
6626
43185
7710
12861
13955
18783
15625
20405
5930
9620
20614
6013
19925
21568
20201
47562
23242
29005
14955
21455
8909
16702
9467
14150
37201
5984
6312
41650
6756
13120
51718
19152
28539
6500
17888
27608
5944
35588
6681
6948
23695
21802
30714
9404
10495
21984
7203
11081
17331
5648
39635
40844
11342
12810
6257
41945
10790
22835
24143
8914
49833
6394
12927
14470
7396
12613
13047
6532
20690
30566
5509
17182
27188
10143
12886
13451
10560
35958
32668
45549
15698
32968
16421
47665
5730
26555
11924
12151
6758
9133
42244
5659
7112
13635
7559
12636
13473
5724
9957
16195
8779
28895
40903
37407
10958
12876
13211
7152
30124
16415
53221
6799
18311
6131
46528
5713
27715
28203
17155
29250
5964
14230
37103
12515
6789
10347
39237
6387
10364
36833
6187
22388
28086
10365
20656
32754
6261
8410
34641
6748
14581
44529
7721
9538
51930
25502
31375
6212
5665
10912
47645
7223
12842
41958
6288
28004
28505
9506
28621
28687
27169
31893
5549
6229
26150
6716
11235
33925
5828
22077
40249
43458
7241
11833
33596
15635
23739
5919
18758
21932
5999
14387
16038
15155
43849
5555
7595
34762
6167
9526
18658
7166
29840
13135
30537
6239
6638
14603
5752
14458
26209
7963
10665
19240
6160
6711
17467
8834
25881
6713
10774
20109
22523
10154
29422
6002
7380
27824
33624
35703
7696
8419
11324
10728
11842
22014
24622
29645
5668
17757
23223
13183
28710
7996
22307
28064
10223
42868
6431
27703
30161
31794
43976
5577
17942
24372
12692
20796
19836
45603
6909
10506
6167
6624
16359
13948
14399
28000
11255
41312
9135
34979
13500
28061
7113
30535
5642
30089
47213
6224
25885
40172
11907
48837
12873
13504
37382
20319
30761
42255
7763
11315
15242
7528
12645
42172
12127
29692
6419
10773
12029
6259
17134
24586
17677
49171
6028
6184
24794
8197
21085
23935
6332
38113
8754
21583
6346
11460
39407
5770
5873
42123
7576
13905
35291
7032
10168
14334
23039
30068
5815
18517
26006
18452
24087
6081
29363
34501
12471
22334
43413
6312
11291
30503
34458
39568
6240
15997
53516
6508
7394
24215
22429
37321
9143
27644
6816
8108
29657
6957
13892
33994
9940
14326
25833
13839
23245
11946
27959
28785
6329
37177
37244
7357
36455
42453
5777
9575
27431
10194
33793
8890
14132
24959
10344
10914
11171
5879
16143
21772
43597
51968
17624
28350
5924
21550
21837
8613
10436
10182
26162
13555
26704
7743
13811
21890
6721
18579
40353
8220
11474
31412
7702
23198
37718
15720
17101
7046
12107
12227
6308
20094
7056
8626
38722
10352
12099
17866
8444
9811
49078
5649
15637
35054
8328
24794
26577
26703
15011
18530
6283
7481
24578
6912
9529
12830
16838
20191
6931
8538
12063
20746
7006
12374
45444
6263
9354
9097
11916
17332
12568
17723
6294
11233
19153
30917
5730
8012
30600
32758
11012
40202
5707
27864
28281
9472
11143
5865
8552
44451
7162
11063
21081
13316
6663
7331
18508
7358
24528
34739
6939
23527
33977
12389
14400
10018
23688
24153
7145
8347
9432
5758
18518
33479
6725
11184
16337
10028
11254
38343
12259
12854
13977
8601
14093
34890
31587
36823
8976
15100
49538
7225
15447
21045
5686
24753
36381
11099
43148
31537
45359
10618
34249
6234
6802
17753
16588
25356
5992
32852
39730
16446
34840
15119
36071
6827
10812
34707
15968
21199
10291
23415
24159
6554
10705
21898
5702
12332
28768
7227
9307
50921
14598
17402
14286
16781
6115
23731
27093
15977
17007
15402
23491
5968
15204
22960
8476
12724
14355
6326
18093
35262
5736
38863
51343
9974
31690
7971
14322
21353
10498
12756
49895
6786
37943
46802
6612
15308
33458
29186
40658
32304
36294
6285
6633
37803
6450
8655
39698
5719
16080
17395
9470
12195
23127
5910
6629
20065
13133
18144
6805
23589
8404
10875
13789
8957
13853
27290
14101
20673
26034
37218
13039
13306
20971
5836
18544
29801
6610
36814
6517
8349
6648
9613
28843
53346
18209
6917
15416
5965
8883
16231
7423
11069
18061
8742
9561
18977
37857
6649
15235
43501
9131
11812
24284
9652
49813
6103
40022
7093
21176
7449
15091
24517
27554
6104
25150
27334
32368
41949
6529
11868
21572
7781
27199
30750
8954
10486
33322
13247
39723
8561
10796
30807
7658
10538
17717
36322
40769
5801
19334
28485
7858
8363
41264
6433
14768
39733
8676
31396
6451
13385
44974
26454
6892
15710
46768
6464
25886
32293
7735
12218
13469
8358
11449
38176
21388
53404
11190
12633
19901
6577
15674
15754
6620
22865
11607
23524
32256
20811
36709
23927
44420
7163
35868
17543
22476
7474
28616
9245
14717
34808
8225
8648
10168
7894
13628
9204
9568
10193
9123
19069
18232
18746
6219
9416
17967
19315
30225
5783
18670
22481
10054
12464
41570
25367
43556
5786
22903
27466
8540
9636
32729
10925
32078
8454
10642
11820
14671
30589
9361
40284
6653
23788
29716
6185
24479
50596
14934
23018
8852
23571
23709
9759
18160
33450
8037
10546
27715
29708
34094
19456
23825
7293
18748
28468
14683
15513
26867
6049
14314
32496
14826
29178
7153
8524
16094
6652
13910
52324
6162
42053
6615
9809
9993
7356
7424
37196
7017
16033
26889
8635
18260
43292
6664
23983
24510
6991
10109
33457
6017
15010
18362
9255
9290
41321
8097
19395
34455
6442
17222
37290
36787
6222
27860
33705
5936
8766
10720
5821
26066
31735
25258
27702
9860
23627
32326
33586
6725
12787
28014
7065
21892
6773
21059
39529
19896
31886
7761
18629
27364
8548
18811
53217
14026
23508
25264
7374
19589
33059
5891
6911
17436
21845
20206
31146
24531
29312
9158
19023
33728
35961
8360
10979
51971
6003
17608
23004
8371
9781
51382
10552
30338
16196
39659
7461
37928
41290
5935
13971
52057
5972
22283
24921
7852
15774
44857
8550
16725
35234
6683
17955
40349
7133
12298
13660
23148
36667
12462
34474
11655
17766
28676
9718
38273
6015
13229
16362
7854
27217
30599
13714
43577
6007
8617
10895
6203
30746
37439
11654
38519
40608
6038
13530
18918
7001
18666
26197
7040
11008
18663
7165
23614
35508
30816
36835
30051
6219
6805
9373
5953
9730
14226
7089
8883
31844
30381
34826
27922
37570
9333
15099
31840
6348
6507
29328
6181
15917
34689
51316
6420
26389
15769
19785
6486
8518
25844
7805
15529
42334
9166
17425
7527
11125
17312
16373
26392
6172
19950
31649
6402
13333
19893
6814
39504
25070
26629
6579
9508
34538
7439
7696
40085
33277
39214
7248
16280
24582
6150
19365
43001
7379
22838
14338
22626
18953
42198
6573
6715
8187
6048
14785
31431
6376
7598
41995
5960
15523
25678
16804
19882
27946
19002
48191
6238
19513
45556
11764
24705
6241
14497
30462
6265
32308
47226
6071
11249
34506
6351
7048
31672
6712
12398
18722
7239
12935
23521
6274
6376
17883
39108
8400
13003
8489
13508
22685
6285
7416
16265
6844
8591
48593
7298
10874
52695
40750
42671
24106
30684
5971
22590
52415
28395
50609
27035
42984
8305
9864
30249
9277
10581
37552
7771
10684
21483
6474
10846
17074
17684
26476
6258
9122
31464
7691
20874
23909
6311
16269
17549
5929
14088
19850
30470
40217
17490
26256
11310
12505
51809
6374
10395
29868
6239
8863
17689
5936
13983
44052
28140
30887
12594
7799
13172
31958
8372
9641
10159
9376
30873
7231
9238
50922
8732
15787
29566
8796
11580
18227
46599
15156
19208
7625
9975
53415
5963
39218
6128
14936
16320
9420
13194
16859
20036
7504
19081
43213
6350
8193
32268
6691
25939
35835
24338
25826
11993
42474
7840
17124
31262
7459
9005
7653
19289
19638
22457
49407
6143
8364
16770
12056
26659
8019
13521
48362
6587
7847
18275
19511
39591
21868
33632
6361
53878
8776
10148
36721
7304
9412
10425
18327
51328
6054
20451
35371
6111
23173
30431
13872
15548
7973
13669
12729
14767
8689
16044
16068
22084
24581
6486
10707
12647
18957
45983
7927
9374
15773
6173
28085
30264
7714
14951
41986
6065
32068
47624
6760
24091
31294
31812
12379
42691
27077
27279
9353
9582
47156
7277
22734
36197
7328
19314
35903
7355
15037
46262
10541
15690
37746
7871
18313
28990
21294
48328
9228
22674
38856
8064
37188
6211
18372
30748
20756
40918
16029
19435
25168
8634
18147
22220
15238
18390
7136
19962
42008
29128
32001
8343
38120
15666
53253
9093
10440
36726
28085
8906
14622
47229
21190
52746
6613
25700
40592
6968
12614
27918
6778
18847
34109
17428
21416
29535
9137
18973
38964
15121
48936
7814
7930
45108
17287
30192
6454
6857
30436
11661
20472
10974
12066
25231
6121
6429
17793
8036
10543
24848
6630
10467
45916
11028
14292
14460
6106
20820
24602
6385
25973
35942
6233
17455
23523
9982
18516
6055
22310
6744
30833
7476
34182
36150
15716
31288
26987
36108
9866
9876
43613
6999
27497
7453
18138
36183
24939
40578
8028
11827
21137
7831
11807
33095
8412
26210
10531
23619
28469
10605
46274
7228
42156
7811
8654
18684
7804
13699
51114
6614
11198
28364
7911
9460
35314
19819
32008
14583
19538
40850
42149
17836
21982
10384
10952
14954
6980
26458
33824
11245
25931
23385
31274
11304
28803
7265
19645
6710
8416
33234
15076
41991
17022
21453
8109
11517
36836
6325
17132
33968
6999
13814
23332
6763
7072
12971
8385
9984
23215
28538
36734
28667
29891
6956
12390
45655
7931
8057
40517
7517
42058
46659
6642
24302
32573
6538
23317
25342
19441
52409
6481
27646
27728
49500
49735
7191
18917
18924
7321
44165
8116
12157
38350
6370
28264
33050
7558
20085
21976
9498
12248
13191
15052
31405
9257
11652
14367
9678
10619
27444
9654
13017
20857
13574
15883
8795
29019
21192
25305
25275
33722
6724
17735
24810
13655
22156
31986
10435
11568
13609
7807
45919
45553
46494
9796
11650
13659
20904
28693
7656
17471
20146
23240
33566
6359
7405
46122
7664
22803
24184
6117
18688
25907
30170
34861
8709
10922
18329
11780
8747
20526
6816
23567
27068
11778
16068
8244
11069
7872
23482
35451
6425
32109
47648
6367
24102
31647
19760
24610
32762
32991
7495
7668
17887
6483
25315
25954
13782
50125
8686
18139
21603
7552
20054
6441
11615
36622
6561
16603
35590
13313
25670
29069
22821
35781
11486
29206
32425
15838
22343
6598
10981
20984
16219
30798
6127
8136
11690
6264
35583
7322
12129
11090
14031
24594
10950
26678
6400
22373
6468
10681
19527
7014
11169
15646
6204
21587
47816
6315
27828
9103
15106
42006
9675
10396
41527
6627
39670
7285
20871
36004
7406
11133
53568
46648
53732
11290
13013
31844
15088
15686
6146
12059
12680
6504
10279
14947
11718
37919
22630
45786
10498
12156
7013
14734
43479
14332
18007
6983
12619
45956
11808
14821
35476
10545
29877
7615
8663
10282
29115
43345
8493
9327
14247
6362
32851
6946
12318
20804
8505
12957
14407
16180
43892
6163
31849
46879
6250
14464
35669
8568
12810
7548
20544
28914
9826
25154
41558
38062
6230
21786
36743
9979
11964
24999
31956
50016
6245
20517
13008
37166
9571
32000
6670
8963
23895
35421
42918
9956
38272
16178
23385
9440
11495
28416
7177
17978
39318
6466
7999
31715
7585
45591
40906
53190
13413
30095
19436
24628
26145
34594
6992
9054
19164
25608
52117
9869
10948
17098
6322
8457
44804
9310
12495
20582
6438
9381
25121
6695
14375
37949
8259
11165
46880
6324
23531
23596
6823
11567
13922
7906
18986
27107
6200
18287
33928
16326
31818
7290
26473
35450
7289
37808
6214
6298
20603
25341
48492
11944
47491
34081
48447
21492
38278
7087
8152
8588
14157
31332
35091
46545
6714
11326
15328
41023
45822
18240
52342
9983
6447
11920
24934
38708
45128
6679
8500
20156
6445
16708
22492
6807
11030
42900
11228
13795
34818
13243
6840
17800
52407
6515
19393
28811
32584
35066
12770
13663
21791
37887
11434
13703
48190
6707
18275
53155
21514
49859
28653
35647
23916
10342
42744
9041
11070
24738
11673
16503
25077
12747
13673
7055
14757
50699
7891
19037
23617
8022
9272
19065
20824
40814
11910
22567
52954
35174
36355
10003
12400
44910
13446
37038
10101
14198
25726
47069
17911
17988
19257
7022
8596
17024
10431
25123
30652
6332
8106
9442
13207
7271
10279
22368
16773
27762
42617
50568
7096
11220
15473
6424
23119
24976
7657
16322
18808
41508
7438
8847
24151
27602
6571
8928
49039
10556
34967
6855
7480
40295
29946
53855
28293
31192
35612
47169
10259
15836
27765
7018
8124
14087
8997
18765
44504
6645
15732
8671
15747
46522
32504
40444
7784
17488
36207
8679
12337
48098
7678
42001
7314
13009
14096
14840
10648
11920
6842
34088
41303
13639
19041
21712
6386
21029
29918
23156
40269
29579
50626
13219
22525
6352
18483
29210
35143
45592
18689
45184
35665
36182
6808
10853
41447
18135
46461
6593
30339
32804
20313
28005
24031
35389
30990
40771
7835
23593
47651
6739
10394
15830
6709
47935
6640
39501
6621
9471
38788
7499
45258
9266
24430
44061
35029
39217
6970
8592
10011
10285
13951
39585
22585
29361
13642
26513
12044
25927
6654
25468
10029
17514
22197
6711
6904
8920
7631
17634
24460
10207
11670
16585
17657
6894
10547
7267
21249
25951
6860
12862
44059
7051
11602
11257
16134
40454
6815
7071
23309
6519
22595
35078
7611
40045
7672
8674
44727
26485
48692
21276
33180
11837
15921
7633
12449
19043
7856
8708
15201
13007
25248
7202
15613
19487
7323
9693
13101
42303
7265
10139
25101
11316
25441
8160
15380
23430
9731
11498
37699
7792
16927
25199
9180
22018
17600
36581
6454
19075
41536
19908
45034
8533
8930
29514
7049
49118
6629
9839
14672
6774
15681
40097
9875
47451
8899
13443
14909
21400
31266
7117
10845
26477
10018
22632
33302
43715
10351
12183
10587
11638
26556
8481
10151
6356
30172
30179
9324
22281
28515
7125
25576
31575
38626
41680
7389
8478
30606
8303
13488
53652
7566
9464
41404
15806
47618
10415
52333
9023
10524
13256
15838
23697
9561
30352
7355
15483
24716
50258
6373
27268
49346
6497
12643
34793
18511
28838
27886
29264
7887
27915
29148
44983
6552
25974
25979
8422
49778
6381
7410
18399
6490
11795
26661
9049
15656
7150
20477
36069
6843
12002
27303
7836
7986
14480
46716
7698
18186
16650
28342
7683
15459
31226
9406
12818
40636
8218
8422
23120
49884
8166
13758
26784
10007
15825
19311
11273
24436
6421
10695
19788
7517
7758
25600
6618
8912
14905
9800
14987
8401
15773
47335
14713
25610
8853
9608
20304
7750
7676
9477
9992
8312
24146
24670
7082
11201
22613
8649
15792
17436
8618
9218
26779
8798
35630
41425
6651
7678
8384
35664
12602
13248
22917
7674
19117
36521
6562
6974
26998
7850
19512
36605
7420
17534
33998
6982
13669
32113
9958
26826
28807
6922
16640
7320
20729
14492
26776
12469
13072
7785
26148
34589
6432
15155
49940
31208
37823
6863
16866
7093
20022
21644
6738
10451
10598
6430
34352
37012
40139
42139
12847
30294
19288
10339
34224
25932
47073
10379
16921
50032
8543
11753
17039
9322
10280
51075
7296
8797
47781
10185
14185
6996
29646
7634
24683
40822
24520
33170
11826
47420
16798
42378
7345
7450
14193
22324
52671
43259
52433
10375
29334
6679
14825
40208
25443
36381
6751
33522
7084
42407
6556
51118
52399
6793
15685
23597
43751
7960
12395
37880
17123
19266
7780
12858
35497
10783
14434
18513
31607
38912
6655
10678
42671
7956
27255
15979
25623
28682
6921
47375
48956
23970
31965
19650
35576
14568
29260
9109
38691
16112
30696
14373
14950
9119
35449
8730
53164
7199
12537
6649
17522
28900
16348
46263
7025
11386
36894
6478
17984
31119
7881
12206
46240
10191
29467
9605
11966
39075
8953
10085
53349
26069
33586
23202
50250
9435
18650
8306
22936
44892
7332
13927
33910
12709
20353
34587
8564
11996
41387
10811
53712
23179
32814
7268
22704
29558
17097
51648
8624
52506
10041
24792
30748
12093
26000
7441
25919
38545
13267
35987
10106
11499
7667
13868
44415
6810
7525
12045
17542
7113
13955
18779
6925
17850
32871
11019
29579
8087
9803
53637
8243
13307
24730
42290
32368
43325
7499
7675
24409
10570
11363
7360
10470
38314
12057
15402
9550
34742
36247
18981
48485
7584
35233
7613
18937
24632
19039
20809
7182
16557
22124
25216
31773
9998
11041
27875
7956
14541
50562
6616
30770
40878
28241
43428
6537
10026
21123
31367
44615
7151
8927
25816
6731
9673
12050
10615
12513
13167
31156
35393
9888
15259
6781
7726
21401
41137
46626
8464
17095
49456
6834
23162
24041
38551
42801
7932
37700
39345
14288
31279
26019
26632
11085
16466
23131
8301
13117
13483
8001
35691
6901
20890
7578
11108
14687
9910
10512
11333
8382
11543
23058
10205
11212
18928
7848
9243
25192
10819
8484
22264
31247
7467
9727
9946
43060
9492
10334
17212
9318
20215
7967
27988
35492
7057
30442
6558
35043
6635
43009
7398
8780
10489
7627
14198
34915
12270
27514
12761
28204
7798
35804
36943
16473
20730
13397
19665
26002
25953
28304
10341
23433
11553
17022
43887
7244
25661
28216
8466
25184
42903
20333
34324
8011
15859
36261
7366
50008
20381
32647
12441
14296
49959
15066
20555
21782
16246
44648
8167
9138
49739
13528
29646
8830
9497
20242
9303
13721
30423
12817
25088
28126
7886
12628
18616
6592
21500
27227
6953
16616
17856
7782
11720
51006
7846
28505
6985
10716
45706
7590
18658
34159
7744
18317
44972
10931
12894
22767
8955
18211
25786
38732
7736
9843
21993
8412
23620
6741
7319
20754
9363
27862
17056
46482
10000
19527
22438
8200
11298
21743
8261
15655
52060
6879
12539
33503
6847
21808
46410
7311
26673
8532
9502
19043
14176
53029
7952
8652
28609
9369
15121
16574
6813
14038
20408
13800
25919
7270
9346
12394
15906
27024
39079
6637
11036
20510
36112
26175
48473
7844
25546
37355
8849
25622
7063
16488
16967
12910
44989
7387
38455
6858
28843
33225
8823
18452
31636
14823
17021
6723
7876
18082
8563
45935
12702
39703
7433
11013
22811
17381
29294
46474
6684
22763
46259
8010
8758
50351
10933
52421
7602
35677
53634
9572
46474
7732
20005
35554
26494
27666
10936
11283
7134
12990
19875
25351
41586
7443
19575
38641
28728
10666
11331
12555
6848
37697
37747
27475
9311
28668
10915
16871
25143
9902
13637
39963
7300
21143
33397
51491
20645
31473
27926
38994
13466
49831
9004
43092
11177
24162
28582
7036
12888
25807
53399
53745
7181
17203
24116
17572
25128
28071
50655
7307
22552
30613
20276
20573
19311
37214
9587
10497
7393
7823
53545
7962
13093
13555
8482
12354
32169
6797
8231
29176
24820
34965
26965
10927
15357
18375
7415
20936
35920
9345
11904
33387
7435
21937
27147
7630
22616
41893
7350
17828
40160
8681
9934
45577
45760
8041
12784
40197
8269
17817
31278
9038
47446
7487
27454
11621
12582
13823
10124
14577
6733
19687
31708
9494
11033
48003
6820
8447
38455
23445
39919
11624
30225
7777
21094
51733
7121
16862
27617
10781
16289
36915
10449
11386
19379
35645
12721
26758
6736
27202
38118
6740
9219
23321
7388
11004
14990
6810
11652
19275
7990
16468
33876
9910
20184
7086
11570
12877
6755
8941
23123
6955
10414
28095
23950
52717
9341
19914
41236
13259
21035
19758
32836
47273
16017
30674
37431
23653
40235
11673
20607
28692
35231
7428
10559
15629
6849
10935
49530
7107
24469
42732
8386
13471
19112
29789
37878
7174
8465
42107
17530
29610
29617
11052
6865
23649
41391
7100
25042
34141
31033
35843
7471
22418
43705
7326
16769
52512
12526
18622
7411
20049
24122
16968
18774
8856
29442
37301
8959
18085
27573
17519
7729
19901
27672
35791
51645
22748
28184
7026
53266
32954
52086
8365
43174
47805
11529
16310
19620
28455
8130
11166
24702
19983
22808
7556
13964
30554
25965
29821
6831
37954
41059
6876
26833
28785
11104
14864
8705
10931
18353
12892
13887
22527
7783
16597
37776
9213
28482
14413
47668
8559
24112
35390
7644
16405
24997
7884
14712
11804
29645
10763
34149
12312
17168
7601
9076
35585
7197
8706
11605
7104
7755
6820
7131
48436
10370
24493
46506
6949
16884
43294
7546
29257
52200
12665
26514
7004
21657
37124
6975
39488
12226
31684
26744
39802
43020
43800
7774
9603
18308
14964
50060
31309
36152
7445
16973
17069
7705
20770
6875
13728
35925
8678
10795
34014
15268
36259
13294
16345
29929
41102
48056
9894
27955
44087
8281
8503
8669
18138
28814
9817
14645
24595
7973
19963
28346
7344
26307
43441
16262
49648
7021
28208
41222
8593
13479
27106
7611
28025
17238
19529
7176
32919
43527
14520
44198
10550
10715
7195
21164
50498
51551
7307
11872
22784
8190
13185
49819
39331
12218
39585
26999
9554
32963
8366
22322
46542
24175
9976
10950
50906
8481
12838
28326
14670
20344
11476
46232
6897
8751
39960
7694
16461
20878
27267
44675
7916
13790
17931
10706
8302
19638
24561
7167
7826
14087
13380
32650
7029
9284
10980
18000
52726
17276
48084
41600
44121
8778
10810
19802
6866
8330
9349
11608
12333
48586
12901
33699
7502
9483
19854
7457
17063
22997
19144
27270
7947
37336
39593
23710
27520
8320
11415
52940
22151
24201
40227
40345
29998
53524
34402
52817
10335
15429
28003
41476
28127
32969
8657
8762
23174
10525
14519
18994
9330
24639
18079
39151
8321
11491
7039
16410
53761
14527
16885
10860
18299
24558
6867
14915
42299
8955
21871
24933
8214
8741
10409
33679
9214
15745
14304
33388
7803
20840
37927
20960
36372
7002
24831
28770
19428
45358
8739
19125
7240
14528
21660
13520
20934
16471
17406
14221
42309
7390
40991
41086
7087
27981
35553
8060
26386
30960
7989
8742
19887
9157
19462
9273
11312
51380
7816
25478
29428
22298
36877
40790
8535
30888
39345
23140
50891
15311
15618
11715
16424
18626
11323
11375
34330
19051
21861
23419
34370
10006
17324
33252
7036
24830
35429
9623
14909
30954
7512
16959
20283
9579
14295
17587
7866
10135
28667
8654
14001
45513
10009
13238
19531
26667
27671
8545
14943
15772
32003
44589
7942
21300
38191
10891
14845
38174
9368
37515
7444
7999
8516
8996
9209
49449
7432
22304
28175
11863
42709
7770
16688
26670
8983
22012
22095
36486
43219
12593
15770
7759
14048
22487
8232
12280
22193
8474
10765
38602
40802
43541
40060
44597
19499
22909
13897
35063
9149
18899
21824
7229
34168
9916
10814
25088
7485
10943
48045
10383
17206
10918
12021
45314
7095
21085
21715
13038
13057
20280
8606
45305
10354
13888
7747
32399
32609
31174
47867
33570
39653
8439
17663
23360
8327
22649
40136
7497
9836
17427
11259
12140
22565
8921
17965
34343
8925
27232
7118
12284
47513
8397
12733
29843
10186
13422
34132
7119
13421
48770
19000
52098
10874
27655
9670
13869
48798
41876
7209
10060
53897
10076
34273
44861
13166
22404
8872
25485
33112
10759
12058
18982
7905
12064
7338
15199
7315
13367
33611
7383
52880
15140
51879
10048
11435
41240
11350
31150
35170
7979
18169
18245
28855
36660
7993
9058
11500
45740
47091
29143
39288
6959
15013
43495
7864
42640
13781
14738
15277
7918
14158
27017
7050
25528
8323
28298
28931
9977
49977
11062
43290
10525
13046
48523
7903
32706
32922
17110
46300
7537
32217
8796
20196
25957
32667
8221
32051
39707
8308
14076
33272
33063
46829
7623
8932
9942
14333
47359
11975
12145
36475
10027
12774
24198
7183
25458
51586
15472
36295
10089
10971
52326
15111
43891
17272
42487
12625
42580
13677
24404
7306
25764
32290
8237
21700
32917
7654
29185
32347
8980
9234
39353
22764
28514
29029
35024
24921
49101
7681
9810
30791
7115
18718
42373
20941
23400
7204
13648
15170
27450
29265
7337
15031
22336
29058
15375
15736
27219
32244
8962
53531
8750
9339
53211
20565
40118
7982
18580
23430
20968
37279
8331
29372
8373
9927
36746
8398
23902
7088
7194
10380
7592
21352
27648
8283
12244
37587
32165
43922
16334
35468
8763
16389
50485
8799
20851
14852
24045
7574
9574
15504
37755
10110
10804
44734
10789
29798
26384
30043
9013
37894
39326
7646
21058
29026
33261
50183
7270
53677
24370
39579
7373
23800
24389
36918
43040
8998
9471
20273
8383
13777
36283
10892
21969
8983
18411
26968
43253
26834
30761
42277
7256
16662
34366
19160
24207
39029
52780
19255
30205
10217
22000
44409
8180
12154
33846
9401
19973
24209
8829
9249
30916
8399
17946
41289
18388
20041
15982
29140
8274
29690
37456
45229
8752
11878
7211
26695
9463
11800
45395
11831
27810
32175
30905
37088
10552
12544
26951
33862
7065
53753
7616
7921
16538
7637
29887
30579
8507
52932
15293
16895
23402
7800
32627
38382
19620
50073
8594
12091
53301
7573
17630
48505
8796
9165
30560
17691
25745
31008
7642
24961
44016
11999
13589
21798
25409
27759
14032
35428
7446
20145
53884
7264
30186
39430
8497
8608
10286
44126
49225
7760
11254
19932
7079
35331
47463
13122
17322
8731
16001
33915
8425
23077
31169
8108
40319
15314
45753
10001
10266
11365
12251
12377
7157
35113
31881
21343
50688
15230
38458
8711
9227
12611
7739
22320
37891
11373
13590
15511
29172
8783
13258
20792
12771
33210
10522
14575
7137
11082
40901
8145
14473
15094
10484
25455
36699
12314
24471
10277
15844
21573
8709
11180
38665
8724
16710
26624
7230
14067
32732
36913
7143
10179
11346
25296
47107
7116
19434
29606
10948
15086
31273
12594
12595
11436
12069
45921
33682
41645
34314
7135
21445
34017
15407
28745
29749
39233
26693
36867
10813
28267
8172
7934
8178
41083
28232
51927
7124
7315
21015
9111
10689
28385
12724
40445
28886
36101
8352
40450
23001
25810
8627
18839
7660
23156
10662
15217
46866
43893
44008
13198
20846
22326
13841
25827
9043
18043
33834
34234
22381
38221
23293
27541
8394
15374
19756
7567
28044
50813
7475
12052
17721
20307
22205
8338
27266
37126
12764
52937
7263
24543
49617
7161
8490
9651
18040
42911
8183
8682
43143
8910
29346
36410
7882
19569
24668
27022
27495
24565
30244
26163
46389
11419
30133
8002
8311
30468
11884
34913
7623
7830
25673
24978
40677
11930
12490
43478
9117
26211
7164
15439
40960
33810
38962
20705
40820
7688
24405
30964
48241
32649
44889
12184
16019
27369
28230
32336
47720
29168
36343
40816
40965
8625
22176
36146
11948
14097
24678
22945
35955
23855
49357
9485
18259
27355
34807
13144
29463
15591
21639
8309
24224
9849
14330
35519
38253
45165
7188
29481
23206
38657
8989
17872
30860
8403
8764
45197
25530
51100
8818
19186
38433
18539
19249
8855
9991
22825
8520
11919
12012
12428
37890
7194
18539
22449
9365
23894
36840
24489
51714
8058
12561
24771
26002
48547
8186
10002
20401
44653
11408
33474
8114
10798
47847
22960
51672
13842
21280
20434
25858
7635
22550
24614
9698
38875
10374
19465
24685
9705
15701
25821
7981
11526
8368
19605
41384
14248
21589
8804
10215
12044
8413
10686
35155
11550
14658
36489
9045
10872
17227
10966
15936
49582
9265
9682
19445
7833
12276
51904
8407
22403
33974
8133
15530
26147
22379
32095
8800
21056
21951
17707
39544
7232
14261
25532
11435
17666
7449
15708
39623
11513
15323
19156
38962
12011
32631
8015
13946
35259
35469
16880
27407
9441
19915
39237
8414
17702
44377
9118
10954
13332
11817
12073
22289
8040
13737
29873
8667
18837
24179
30104
34310
26745
7632
53282
8522
12629
9233
16329
20096
35584
37592
8668
9236
51260
10044
21794
39200
45778
11668
50321
17645
20850
30473
8544
12078
27308
8392
11580
16551
8937
9565
44896
7520
11420
34462
9293
34963
35599
7695
12188
53114
21935
38064
39626
52545
9560
16328
22585
7957
10170
50685
7313
14456
27955
8840
24117
32941
7738
15756
30640
33337
40990
8658
31783
23871
12404
18792
20156
22437
32694
19817
51477
7349
27779
32797
53340
15468
28538
12927
31507
8009
14114
19383
7619
14984
44598
7278
10833
32437
12457
14542
46965
23794
37903
10828
28152
7370
30301
30858
8622
19027
44254
22878
38479
11892
26878
29758
8162
30753
41035
7985
8911
33323
28396
29896
7966
15817
27039
12521
13895
27389
7807
8525
11936
11362
26960
31993
35061
7983
10070
12502
10739
18146
7406
33431
8322
46803
7959
29883
30977
18655
33472
10412
21832
50108
20692
23435
7463
8680
9306
12698
29902
8258
17106
49497
7668
10824
21536
9224
9413
23955
13061
24560
7639
16674
25387
8224
34423
22975
8889
26832
51184
8142
9664
23450
8122
10054
26381
8115
53563
9769
12960
49478
15556
17308
13911
49463
40565
9564
11821
26116
8985
22703
23523
7376
35208
39846
8688
11098
7749
34557
9009
15096
7477
34086
15634
22212
9666
14387
25636
8599
9524
9980
17268
38295
8694
25935
43593
21032
52443
8888
13544
16127
31884
7333
29354
25251
39048
39977
40347
26800
41643
15849
19319
30407
7559
7896
11400
8288
8495
12684
20416
11698
20175
34802
8867
17430
38777
32638
52486
7662
9276
39259
7750
9144
17966
22473
36020
23113
44399
7649
17111
24716
33953
8662
10201
33365
20710
29710
24257
52955
9039
9470
21729
7468
10413
44536
8815
9844
19022
9919
49490
51708
12230
50261
9633
15598
21830
11793
30558
30956
10794
38355
7363
16371
36515
11540
25912
38709
10649
35354
8780
9584
12211
9547
10422
10528
7599
50998
11959
12310
33222
9121
25896
27186
7796
23556
43603
26874
33790
8176
10134
36901
8287
11174
16372
15277
43068
30278
33736
25796
41385
18997
41118
7384
14240
26406
8725
31642
30242
32119
29013
44959
11643
12534
26616
8051
14907
20289
11120
50275
12952
33466
8549
20538
28992
8577
25854
32609
10706
14016
8580
41300
18393
43001
23028
38084
12043
15412
35646
7511
24600
52828
14845
17811
7679
27526
7987
9689
50484
11025
17997
16930
38937
9771
19795
29778
32078
11901
26494
10095
34959
9160
11504
51291
13810
14451
33109
15177
17275
27341
13493
44514
20295
9563
15996
31913
11624
16313
22902
9241
13082
27177
7593
26137
31944
34445
10831
11695
21622
12011
13617
19135
10319
14401
40247
33343
39235
11385
26086
8120
27983
47660
7647
28653
27122
38948
40281
13784
49413
9925
11343
43079
33025
50736
9019
21633
21548
22090
11493
14545
32828
24520
36622
47384
51066
11655
26727
11138
34271
11154
21513
40194
19590
40567
7460
53339
9724
15971
49449
42419
11843
23072
24992
10491
11281
14549
48018
52786
15244
23217
8297
8783
10848
20802
37184
11079
33780
28712
42717
7542
24951
32378
37806
23989
24871
10622
11501
23572
10022
12221
44195
43346
52462
9239
50555
46687
49557
23523
35391
7875
20387
43095
8463
20605
46640
21628
30891
7652
19899
10337
15563
19237
12266
15068
11223
35141
28034
32184
8106
9107
18561
8562
15987
37264
8119
17355
26131
8443
9398
25770
11842
12146
17254
37904
12639
25287
31817
11848
12246
33530
14233
34642
9408
12424
41141
9302
19443
38246
8673
41618
8788
32963
30726
31027
12924
48022
11292
11520
26235
8810
13231
17904
8838
46689
13178
18550
7483
12696
14736
8987
11798
8928
15590
50424
21418
24140
8141
50166
7610
13236
45224
7807
10481
7693
8171
49690
8029
11729
17313
9190
18551
20645
24292
30106
8385
12384
48042
17073
20590
8381
10857
20955
26836
43304
9929
25245
33712
46813
9862
12289
31430
7919
9814
10443
8198
24306
8437
18383
44446
8695
48505
10595
21715
24171
8924
33202
34612
48730
12383
21492
28171
42418
50632
32162
32771
11057
29421
30465
44489
8652
31288
31696
35251
49243
8324
29636
37448
9169
11159
34410
21830
15616
18929
7773
15822
28645
37703
9542
12466
26103
7523
23566
45578
19553
45602
9206
9906
25125
30433
50520
9633
16755
42359
29336
33785
34051
9594
14859
24957
17700
23203
23410
10679
13690
17486
10025
23672
27205
8336
33543
8349
21142
51113
9270
13150
16905
36480
37213
20405
28039
32622
36963
8792
31039
41869
7988
13278
15187
8182
21092
46539
8322
8332
7552
19107
41403
9521
14176
47022
9589
13510
46966
13262
32483
36153
42378
13888
38391
7976
16143
8510
14878
50548
7762
18557
24160
18521
12210
20238
21944
9631
11015
26581
8038
15248
24442
7791
45531
8223
9897
9686
22022
11663
8720
20301
26902
8974
16774
37254
22159
43175
7889
13538
27471
43167
43404
9505
28570
11018
50353
10634
45528
10163
10949
52074
7607
38699
44881
14328
48877
12686
15899
47189
7643
11621
16801
8695
11146
16450
17005
8536
13368
33793
14892
21840
8152
29821
49075
17282
38074
9055
31535
50007
9868
28818
7692
11747
50494
26449
39755
7868
20904
23063
8894
27709
8496
13177
10489
22088
27084
10181
10806
16602
8234
12564
12962
11522
14836
35507
9717
21592
12491
15095
25983
31703
32889
9247
9842
9154
17070
26507
47310
48696
7972
9857
16720
9634
31170
43777
25993
36418
12984
13860
39802
19213
21904
10060
29489
13636
15423
23714
7605
8431
14062
19669
49212
8662
22153
34512
9757
41581
32230
40062
10326
14649
26024
8523
40818
34472
7795
9829
36112
20037
24321
8209
9950
33219
15442
30083
42230
9012
17849
29278
11547
11696
47283
9697
25804
11277
14700
36427
8814
24056
35583
10628
16191
28396
13474
8066
18467
27665
19397
19772
26975
27220
19874
34581
9928
28661
34661
8519
17506
18967
37431
8134
42376
12916
50426
29961
53486
38322
44128
18172
24355
8198
11111
23506
9578
50403
16045
42603
22436
26357
8820
29393
52310
8059
10365
12836
25716
53062
52953
28637
43489
10125
10298
34815
21526
23032
8045
18206
9943
28344
36318
9028
28887
35051
8124
19120
39263
25536
28605
8491
15033
28290
40658
9990
12846
31407
20728
25500
12386
18750
12092
17811
8238
14432
14611
28866
36180
8842
17411
32842
10609
36934
33421
38452
22217
35979
7722
22507
41286
9120
21292
34491
26398
46325
15609
7860
11759
50176
34390
45097
8582
28320
40886
22801
35804
9092
23990
33762
30541
45069
12276
39520
7908
30864
9884
10892
20363
51489
23608
31884
11014
17727
33338
9781
14629
17535
23227
22142
35065
23315
43878
8584
43507
8646
19288
45730
8326
24893
25388
8496
19952
9883
28789
45146
16673
42527
29401
33901
22984
34671
8517
35966
12528
53726
25895
45027
28196
8875
15106
21747
11664
8541
25081
24347
34695
9141
9685
16086
16338
32355
14872
14874
37361
8965
27345
29461
9020
11387
17626
30578
30867
9240
12214
33555
8730
26142
9881
20376
30820
8432
12280
23003
34329
14538
24627
29441
8153
16419
23006
14827
27300
7716
12648
24767
17866
47578
8280
18058
23379
8411
16383
27110
8018
13178
18392
9196
12955
49435
15855
42725
26050
50584
9930
11610
17551
8967
9110
10792
8675
9202
40303
8340
21631
9448
11425
39328
9006
11108
11258
16497
41802
11442
19808
19879
11541
15303
20425
27921
39460
10031
12166
27353
9813
12752
13515
27703
36544
16578
40225
9488
27064
32026
9098
37638
22572
49622
8936
15649
28801
8024
9444
43703
8566
10031
20067
10478
26915
32112
34551
9021
10697
25584
11574
15972
18551
11731
52504
9662
18059
25509
43062
47635
8342
29748
47363
10346
11255
24001
11163
28796
9200
15757
42440
8015
9243
8127
25641
42684
8753
12100
22272
24528
24813
15124
41518
21722
42905
9927
13129
31224
15108
15433
8672
11805
16849
8126
21216
41513
9094
13696
28394
10731
19164
8956
13169
15499
16689
17516
17632
23482
35442
12524
22312
10772
11611
15007
38270
48650
9959
18196
9025
19385
37823
9077
22584
38247
43933
46563
8115
11253
12120
11931
27961
30821
13824
22001
21790
49718
18747
47312
15886
20816
9424
30285
8031
18843
41802
8735
20320
22869
12458
19990
10859
28927
33582
10157
35610
38289
21341
52298
23114
52222
9854
15400
23270
8615
33172
42180
28080
39228
22114
47009
9386
42668
42680
13002
49285
28028
32364
12521
23482
9109
25953
28097
8234
10355
28256
23134
26700
27588
46971
11127
39509
14694
15071
11005
15675
23329
9921
18019
50841
14515
23295
9363
21230
9522
21932
23580
7821
22637
25596
32245
41321
8339
11521
42095
23717
23814
8891
13739
16936
11414
16444
19425
9335
17785
40211
8390
34181
42348
27280
27323
8748
22042
39661
47504
49562
11280
11347
12998
13801
17391
7951
53095
10477
20694
43292
10393
19049
31806
9702
18900
44636
16980
21059
16526
32195
8168
8426
13467
17252
48114
8633
20458
31937
10369
43137
11679
30846
7842
8586
28136
8792
8911
27269
8888
15751
36845
45893
9517
16274
14875
19747
8632
27845
31289
31770
33792
8947
14126
23812
10548
23950
28311
35968
14277
18672
10620
19233
30103
33628
45191
12131
29296
39923
25065
53318
9746
38129
39606
16892
34323
10270
11620
26537
8409
32834
8098
12385
49251
17633
26986
8140
8241
17336
14724
35562
9102
11637
16219
9431
9783
29763
7865
14090
37847
49221
14846
40613
12547
13518
10627
16987
20291
11979
36161
8512
9588
31195
9271
10606
43879
28777
33836
12521
15355
10104
19852
24410
9764
11361
17992
26523
34457
13944
17777
8434
24246
39481
9774
14687
14995
9485
12540
32536
9619
10382
42231
15950
20652
24637
31126
7981
8212
9658
8263
18958
7888
17310
17407
10722
12185
32300
30487
31752
15392
20425
16306
19552
21012
35037
35929
10353
17297
10858
17271
27965
8079
24383
10074
11219
18225
22465
25870
8584
27742
32824
9283
11146
49208
8154
32225
39388
9480
24827
36975
9434
26048
48140
9115
27124
32058
14187
32609
14038
15053
42036
9394
31136
14678
16040
10131
13046
36067
17759
21563
11032
14548
31245
8427
10108
44847
22204
26080
8969
15832
31560
8113
22536
52455
8105
12095
24539
8160
9789
31552
19115
24860
9895
17193
49771
11330
15521
39016
8841
11750
49654
20587
11507
41146
9300
11275
44477
8070
37131
43257
28183
44823
9644
10885
29300
28860
35518
8570
19114
29802
8049
27054
37170
49230
46729
49864
30312
43507
7937
27666
14104
32938
16978
21567
8641
25799
25952
27802
32085
22348
50995
39084
43622
8329
17311
29131
8695
10357
26272
10280
39350
8210
12291
32992
9078
16726
48918
32554
50871
9087
28519
33122
22722
39641
8966
9617
51829
8202
21487
29558
8550
27367
48372
8402
9925
36398
36615
8531
9225
50678
9964
15415
36043
29417
38653
9971
14474
43598
13645
16353
46880
8235
49156
37416
51942
8223
13689
17605
24928
23199
52814
12143
13359
30879
8450
8478
11372
18504
47208
36420
38820
9313
11256
23489
12610
15070
37633
8348
32611
52485
25070
31224
28625
35243
32113
10090
13189
35013
8975
38617
11147
17425
10521
19517
7983
9455
37950
16971
39766
8139
12605
35230
12260
19617
32996
9426
11013
35141
22652
31039
17903
49706
22915
36061
11296
12526
8090
14579
36285
38305
9146
13794
25965
8125
9897
12018
14313
11691
18935
48776
52685
17993
48612
10521
16014
27570
8951
24834
43608
20861
10605
14417
29146
8438
26466
48757
52567
10500
12356
51056
10107
35728
8351
22133
44558
8931
11806
50047
8157
26307
45721
9222
12516
22452
27277
31116
8772
43342
19340
9074
10678
8163
9360
28938
13702
16629
41220
14222
8265
42467
45514
8511
11368
30087
8687
42355
8668
38474
9409
16483
48486
9187
11588
47206
13401
31087
16898
43949
46182
8081
20030
30569
9036
15493
19389
9056
21228
25356
17235
36637
9534
18437
9793
19905
29111
21954
25144
8756
37003
41212
8480
28826
36942
10584
14192
51767
10077
13167
44215
12072
32578
8170
25472
17170
51470
9650
15059
26418
32455
40504
8211
16379
11372
13716
42599
11132
16107
39181
9014
12920
14594
19805
21672
35615
36301
8252
25178
25598
9794
16637
31772
24094
36840
8988
11231
12731
29326
33758
10199
21193
34072
25382
10021
17128
9362
9609
28283
10941
21611
47528
40799
46888
10117
22383
8199
8766
47132
9134
18031
49038
8193
9268
53266
9451
14014
25202
15404
52254
8462
19098
41921
9318
22623
8075
23299
52087
8295
20684
22478
10142
28658
30710
37326
9099
14203
32824
8677
9391
15621
8738
25933
31683
11241
11653
41900
14257
18617
8677
10472
14780
11791
15974
25501
9325
28243
44622
9391
38690
48086
20141
19753
20042
21438
16409
53847
10088
20033
45806
13061
20767
8100
11242
14200
21289
10614
36958
41724
9031
13533
46201
14760
47531
10410
23713
28962
9116
31958
39510
8224
28057
16565
17032
8173
17578
24581
8333
15671
26185
28297
46149
13539
16507
8314
26707
32912
11264
11786
10566
11606
38438
8817
39882
50453
24368
30123
10611
13790
19454
39129
50428
42054
10272
10760
26029
28949
19235
22371
10687
11291
14550
8112
36563
41984
16916
48470
31265
44252
13442
21497
53816
10956
31297
16057
39128
15777
15848
41961
25096
42625
21209
26248
8477
16849
21999
20223
27591
8642
17752
26064
28230
12665
15548
10653
52000
11149
8903
15626
52136
11089
15554
29703
15225
28613
10058
14225
26839
10738
12197
15275
17741
51499
18385
32810
8136
28913
35986
24075
10332
20803
45993
12931
13188
42249
12113
16349
11583
28287
21719
47036
23659
9418
30906
12394
13240
17368
13303
49760
12558
19267
20840
17678
22273
8963
35894
36242
34961
49333
10004
27027
32155
10541
11041
47522
30153
47480
9694
15151
11162
15073
18553
16846
19321
21106
23923
8435
34399
34554
8846
28985
44081
23910
15988
38938
24390
48324
16275
24232
8369
19659
9461
32043
48577
17955
42208
11851
24806
9841
12435
11115
21513
27760
11572
13978
17426
49897
17092
48630
17240
33113
14789
24014
9968
26487
47378
38703
45819
9163
29283
32069
28475
49325
9985
13649
24672
16459
36139
10864
16717
31800
23417
32940
51131
52189
9028
28028
35020
8835
19214
35842
14009
35035
50801
9674
23153
11528
14365
37845
12455
22658
17398
25447
39039
8200
11424
22275
53007
9468
23727
8675
26260
26701
10514
23071
50045
8632
34904
27673
8740
12380
19873
16852
17049
21881
28023
11067
19894
40758
8514
10466
15658
26096
48342
8923
25233
30892
9491
30397
35224
9198
9879
32206
8458
28469
11732
32255
9022
38470
12822
53076
8723
19687
25162
9818
25419
8683
18181
50719
9062
11932
38997
8639
43225
45013
13613
45203
8729
9967
53161
11608
43238
11352
17374
12890
13834
46851
19749
24888
31506
36607
29288
30336
9496
10343
10719
9889
17413
23940
12989
18235
37772
9511
48477
25001
11031
20697
30137
34301
14942
11784
50044
12296
15360
20466
35861
8597
9309
12176
19894
10124
10699
16475
10937
16958
17221
25140
37625
42064
32261
33025
8787
10165
34798
9329
22369
36484
8453
29503
42338
10020
18608
28096
13804
14879
21520
10122
26297
39351
22031
22433
17939
27323
17548
26585
33283
9604
20912
41302
11144
20468
10082
15842
36804
9874
25853
30157
14815
44901
10135
38204
8700
18569
25408
30948
38342
15040
19323
13326
16109
8275
9384
25925
21889
39472
27342
35238
10496
11902
38814
10311
17797
48289
27853
42876
11712
16339
11552
12317
41104
8534
12138
18113
11469
13447
22006
24608
30939
17052
27717
9597
20188
27051
9937
32067
42788
11344
18396
31486
11406
13807
41454
10975
19191
11519
11939
9098
28037
43791
26413
45884
9636
13312
53420
9911
21719
46259
10598
14443
24918
12571
17220
9259
48596
10793
28766
29672
27751
38879
11049
11301
14617
16099
22298
22816
8445
36688
47388
9445
32925
48152
25974
39753
12848
20378
25753
8924
10120
9212
14433
50391
15193
17804
43203
9172
23187
32600
14323
25137
31239
45637
8874
52933
11293
13890
40309
38508
41741
32472
37508
32114
32226
21588
37934
12794
40236
9533
42691
43955
14125
46883
30822
36058
9686
24281
37472
32890
44325
9125
10044
32107
11359
12726
24626
8328
16094
25909
13579
14509
15206
12278
16764
21095
10989
34464
22593
39106
23716
23980
32273
22766
23134
9226
24576
28453
26830
40211
23281
28076
24628
28152
32437
8357
51495
30027
39564
17364
20861
13338
19158
8502
9714
48780
8573
10202
27249
10052
22756
9482
17130
30824
9865
25105
21383
26327
9020
10556
10183
35911
36623
14151
38980
11228
12190
8440
28115
30853
8352
14398
19079
8492
21210
21532
17052
17562
38530
43568
21687
10437
29874
38065
23056
26590
16749
9913
23161
34829
9291
17234
33710
9380
21152
32061
8451
11595
50459
12095
34306
13121
35428
42377
11096
25084
43492
45484
13376
15608
36229
35464
44107
8585
13990
10580
17880
15050
26131
8825
9267
13235
10852
18250
13292
26559
21878
50146
26173
32249
22443
41864
15253
41316
8379
13972
48203
16228
19545
9569
43972
51289
11462
19135
26755
11675
15316
36575
24613
47437
9683
27787
52229
11612
18456
24364
29233
37029
42048
10921
18410
49321
25272
33127
9206
13920
43143
9947
29430
41223
8904
26800
50319
29479
39152
10549
12309
10015
20196
9371
22920
39356
14449
21000
9618
16661
39439
13343
15582
29907
24812
30118
18057
45938
30292
43418
23656
45217
22646
35518
21606
9855
20454
35186
47207
8461
19253
42334
8868
13332
15235
23305
9715
25357
28578
21745
27309
35419
45165
18164
21330
35444
12235
42649
23979
24953
8790
20810
32840
16479
18609
24086
32851
8876
18380
35424
37277
41512
8755
32038
46388
20108
43199
8620
9328
16563
38251
8493
18300
32540
34603
44814
14709
45239
24724
9220
15651
19564
10244
13035
22893
8512
11755
20661
10579
20373
15333
27743
8467
10626
14034
12898
19593
48845
8442
25396
52381
30432
52080
8710
19875
31073
34544
11378
16170
9208
17434
25772
21028
51471
13194
46395
24638
42584
21051
38771
12244
15419
29436
10681
11682
11252
22780
25690
9768
17685
17990
19574
37001
14544
44672
22483
25788
21955
27799
10386
34370
11562
12238
28022
26487
37767
28998
37094
18179
33404
17649
28737
9123
13177
45591
19298
40186
36301
36675
17203
45449
39534
46918
11849
44863
14686
26736
10667
12200
14952
16290
38561
10002
31615
37761
8697
17826
30452
10659
19794
45990
8602
11124
29110
10862
11324
25953
14471
23878
9395
9411
16579
32470
17698
25687
25739
11516
11762
15232
35298
40097
30622
41388
8485
12680
43686
29208
33092
10807
33939
14295
16618
28458
9450
10676
11278
10046
10819
51358
8831
16650
8536
10194
10256
24561
8659
15794
19274
12238
18959
45226
8717
41206
36256
40839
53788
26721
42218
10180
14119
44945
33341
50340
15512
16735
28300
11872
17517
12369
24445
8835
9278
40806
15735
19998
8943
29553
38942
10296
44969
8718
37152
42994
9543
17886
33236
12994
15319
12988
29982
18328
14124
14831
18821
13827
19458
9659
17508
33439
8698
43094
16837
38531
22738
48628
9805
37374
19163
20231
15644
17003
11927
17489
8606
24628
41269
17524
47039
8815
9893
39574
9327
14145
48448
10036
17985
27233
9282
22117
9606
43067
35695
38674
10693
15946
27156
38247
13826
41818
28334
34805
29527
8604
22707
22846
15970
11909
31993
21549
50106
12736
40262
9465
15981
35323
11817
36107
13153
44599
9315
41607
12209
13216
26491
11471
11554
17115
10640
14224
22041
51735
36048
9899
44150
52486
21043
30376
9821
29684
39317
9802
32614
32832
18310
22230
30267
11678
17742
19704
11721
16272
23828
35859
40446
15694
23553
8563
23312
29102
10761
27975
13016
14526
26946
24948
31256
25820
52426
9859
43948
24928
34131
9342
11726
16584
16803
18013
25928
12196
15493
25138
9364
14570
20809
25085
40280
9836
12017
17615
10512
12947
16135
9643
24476
48015
32922
37797
9301
10631
13798
8716
9235
41432
30556
37827
9508
16760
30377
14056
26475
16270
18110
22089
37434
12977
16734
27778
37078
9075
28655
45922
43467
48624
25765
34010
18768
49024
47774
48889
10503
24480
27242
48874
30555
44498
10224
18053
51034
20994
26734
23631
8782
25590
37509
13282
35690
10504
15017
49105
22779
38782
18364
28553
16835
17366
34574
39793
9785
12074
18259
9417
18477
44393
8765
53126
8787
12671
39639
8613
12400
46662
10240
12877
13042
12452
13053
31628
28591
10250
26089
38262
24264
48579
12004
21347
35622
12512
53096
26669
38206
17309
21854
24555
9366
19101
9235
10884
19953
21340
26128
14737
16315
16683
52446
10937
47108
48984
17905
52603
37364
42895
12302
12338
48183
8879
10729
25627
11168
12215
28646
21715
25156
40671
11723
46606
32220
47236
29000
32519
8908
11848
16744
17668
19040
29980
35997
8977
27460
36949
40879
42897
19634
26942
9951
11147
12134
10857
13353
33237
13604
14148
47120
22245
34880
9390
31810
39539
9945
53623
19499
27545
8794
26004
33292
10969
11739
29350
45021
11923
13506
15283
11942
9752
16756
11424
12301
23606
27123
28007
8660
39686
10589
19489
23598
27790
9923
26168
51894
53011
8992
9513
9679
16201
30380
8915
20084
51078
11868
12725
24583
23357
32781
18359
33470
43118
9611
18741
39180
19237
17479
17698
13156
43176
17593
49089
9359
12759
9576
22339
24928
9122
52786
16970
25688
31075
44181
23921
24560
30248
41094
10575
12179
17340
9523
17156
50141
18008
38734
13219
16033
8690
29846
42268
46939
12263
48638
10516
11153
14416
9779
28370
35213
9474
22125
29218
22746
46388
9711
17104
30014
16962
44991
14568
46487
23521
31325
20270
30176
9640
21515
26945
11334
13994
53178
12104
14044
49251
10336
39604
43977
10733
53756
10911
44002
11624
19063
9015
29667
19198
17715
23276
10580
44084
9918
17794
8861
32660
33691
10789
18787
33499
9114
10564
26397
19090
23721
27456
43971
44636
9740
17281
47178
18676
48747
11345
16628
50940
10114
22184
36646
20260
42888
10554
19529
21586
35633
12177
20361
34571
9280
12330
32934
38562
44570
10986
11722
20814
31153
10620
49927
8757
28512
37418
9514
10406
39904
17257
35696
8981
12913
34241
10718
20696
26069
12314
34098
27913
40144
21147
43428
9994
31762
16867
11692
18145
11248
14270
42579
17338
18405
25964
9610
21366
42026
27657
47147
43861
9673
31654
38905
42501
45832
12489
29245
8760
13885
27477
28517
13314
24881
11442
36541
34919
48105
26437
31243
19484
37283
27473
42754
13674
25528
9744
11999
15421
10362
34684
16995
27542
10916
47888
10929
44110
11727
8968
21176
21644
41370
49546
8866
9015
12972
45584
53752
9269
11148
38694
15578
27887
10664
11198
22852
9845
21114
37547
11020
17169
34653
30100
38417
8874
42295
38407
38893
34710
34905
49518
9131
18989
37610
12915
32975
8924
9390
11746
25244
10655
25860
31863
9588
28137
37167
9554
28411
9831
9833
15044
29779
34953
13679
16820
44014
26298
18854
22534
34757
15365
16073
12867
29538
21835
22662
34224
37419
21455
37368
11589
22189
8884
21464
33872
11991
19543
24857
13942
14597
15549
40022
10024
13497
16659
12168
14949
50385
8930
22754
35972
10516
26885
42670
10338
37203
25247
27447
13255
13594
15040
11669
16236
49777
11053
13279
24972
31974
39211
42200
8967
37025
40539
18766
52495
20658
30283
9963
17467
30793
16719
18186
10131
10401
14445
10613
12748
19821
33189
36153
47525
52883
28882
42339
10459
10815
27400
11537
16284
50306
9933
15127
27124
10365
15215
14602
33589
15117
24592
10216
21792
25721
9612
15668
22843
9688
35034
52140
16682
21940
9556
19670
36651
39251
51101
12701
22833
38327
27741
36177
9289
15420
18226
19877
8844
13434
42570
9260
23116
12399
14073
37482
45005
9614
28833
11233
19111
42593
20208
34785
50951
53629
9241
11688
21655
20478
53232
10296
11797
9827
10248
17237
13707
29125
34749
48372
10192
14618
33451
24660
27986
11297
17222
18476
9378
10252
51625
11101
29189
9535
32669
32708
10936
20216
10142
28701
32173
22146
23719
25982
27322
38569
42209
11549
20135
10537
13100
30123
20192
20389
9939
24377
34948
13781
33505
25818
32964
21409
27874
43545
18086
43141
14306
16283
26380
10800
16111
40602
48028
9326
15171
10844
23798
38238
11371
17390
17616
15177
19528
43629
10906
17696
42508
9292
37287
45794
11815
13785
24826
36017
13546
50882
40673
48208
42835
53220
32455
35075
10785
18583
31702
15533
37331
13965
14870
52118
8933
16044
23289
12717
16715
42103
9986
14385
31476
35164
37310
11173
17430
44641
13743
18422
45126
10880
16862
20795
48103
50970
27670
45723
21317
25057
37222
15638
21599
9555
12005
24534
9311
28462
14962
15892
32750
53048
39465
26146
25541
35234
13457
18825
10286
10571
9868
13728
39245
15376
44452
10433
25000
38361
11483
13597
28603
9805
11303
16051
28031
9746
10463
42564
16072
47371
38501
40216
12262
16303
53792
9738
42176
23874
39303
24909
14813
41710
23519
9224
18938
13559
14032
11767
14442
32799
45478
51736
15484
34657
8984
15855
25603
9316
15511
16163
9113
16455
41401
16794
21468
9433
23355
38670
18420
30400
12446
23636
25292
9170
23120
30170
10545
10901
16011
29170
10647
12027
48128
9647
33813
42819
10315
36383
46119
10395
15702
9127
26777
41399
28448
42026
17674
33759
32669
31961
43262
21116
23288
10473
14937
22187
27344
45010
9674
20402
44054
9242
10876
10943
14483
23280
34420
31821
42791
26569
38701
30417
12465
15349
51288
13251
22751
10232
21079
52116
32031
41624
9573
25925
31005
11362
19524
22188
23398
36037
9155
17684
18877
21115
39303
39363
10129
12186
36353
26489
35081
16800
20273
23793
10847
53494
22265
13419
42628
36183
43913
8987
14735
40985
13694
17920
12371
36241
14368
16410
19917
13505
18398
9956
10654
9191
9797
44142
10071
18764
32446
48144
10604
12529
32021
32864
14016
34241
10461
11879
46583
18602
20373
13348
30104
44576
11835
20116
27304
10467
35745
12456
14195
10630
12316
9186
9412
9429
18830
38983
12749
13213
23999
9058
27605
9067
16529
35339
11891
16689
38368
19806
35608
41201
9570
19521
9700
15932
51721
10111
12015
13936
11260
15725
30370
9203
51914
25649
16727
24989
19845
34104
12774
23254
9938
13880
35749
15596
48663
13748
14183
34357
14940
17478
27826
45274
13678
14554
14648
9997
49713
52675
16314
30927
9051
25762
37995
9430
17204
40663
9944
16285
21572
10455
14236
31940
17137
25050
9758
27812
45856
10963
15864
33500
39942
11477
27629
35228
48050
10897
13448
18778
44534
53159
10913
11369
41214
43266
43958
9049
13867
17961
9754
11458
22850
9308
9344
14084
16843
10625
11331
18436
18010
18515
10411
15520
47461
9917
16701
53545
13669
31112
33629
37604
28704
35730
9287
9414
11716
16321
9462
21791
24071
9061
14578
22163
17535
43099
10208
20797
9473
11305
17262
9478
12518
22296
9320
23320
23425
11511
16120
50674
13288
43829
27423
46610
9148
34439
39102
11062
26016
52736
12142
19591
29730
9787
38952
42824
12190
17620
41317
11609
44400
43579
43855
15689
21030
9078
44031
42304
11680
21163
25429
12162
19385
20241
23025
47019
10356
15642
9425
25749
36537
12440
16413
29624
12151
26484
12884
14343
17462
29276
34199
9269
10651
41569
9684
17809
29920
22741
39364
46327
9115
29377
17956
33309
17045
53457
9377
25738
32990
12089
15802
38559
29247
45493
28233
14137
30382
10447
17576
25960
9489
15601
33610
29117
41904
24596
37272
13633
20713
34993
10225
11118
20155
9372
20657
41345
42597
18660
41300
11695
13218
17434
19189
21963
9355
15368
42908
16729
32585
33466
38921
23678
26382
27023
10325
28979
10742
11549
32883
35779
25773
38678
31959
35876
16026
18952
13771
14476
20418
14279
25266
10265
15461
23724
15948
42711
9130
18036
18719
10066
12014
22568
21397
35569
39141
12967
15931
37996
29632
42987
13425
49773
10539
12864
10865
40830
25130
30936
35003
35815
12638
20134
25547
10274
40244
13492
14688
17919
33949
17330
33362
11058
13744
12669
15421
18937
20711
11380
12663
16662
27927
52072
17992
24816
9151
30123
39196
19035
29056
10942
23404
52459
11121
15226
26024
20868
31965
21714
33362
10772
13344
30956
12967
23550
31987
10708
12602
20449
9481
11428
9978
21807
22226
11529
14840
35382
49793
50269
9760
10837
13151
10011
21625
9423
26879
10163
10856
15304
11213
28344
31833
27416
48507
23594
34861
9437
17907
45142
10633
31098
16422
23941
28909
16107
37036
10416
15729
16168
10736
31797
49960
11666
12443
34190
21272
31088
10709
14742
36664
16659
39852
9743
17438
33446
9536
18855
42729
10571
41506
46135
10188
26446
28500
44399
47621
33129
53651
9622
17720
10254
16491
24778
9782
29752
31889
17273
22324
13610
16692
13103
15918
37955
11114
23919
48221
13062
16856
22200
17270
24596
28602
28932
18209
35665
11121
11758
9580
24866
46869
41379
47388
10983
32446
41921
51806
53822
9494
25363
9812
15712
25396
37707
36598
11686
19313
21868
12891
35660
22016
43903
20607
50425
9223
25529
27534
25258
49439
10275
13715
9549
45827
10745
17100
52508
9962
27479
42322
13232
15799
43058
41183
52740
9268
29643
24700
16162
28236
39117
24178
39394
32425
39434
9306
10167
50016
20944
26357
11672
19616
15728
33403
14558
17140
34333
17593
35804
11704
17827
53721
11358
16277
41361
16167
12070
43144
11560
39152
46115
12063
19514
21420
15160
50554
20522
22535
16360
19746
46035
18697
20117
35386
13535
34430
34512
33646
35114
18191
26369
20148
32307
9476
29897
37075
11011
30478
11321
13854
23050
12456
20032
41235
10944
25706
32382
10427
28973
36433
11404
30106
43371
13331
41248
11247
12013
50761
28329
31866
11802
28477
38348
21918
27206
20598
32096
13571
17619
25014
9392
27388
41784
22561
43087
10558
18938
19965
29465
32152
27514
35590
10604
30340
18698
44152
9703
9801
14915
40851
10550
22070
10397
20934
13947
19361
33083
17667
42520
21416
30280
25447
31064
32104
35374
10236
16240
17521
9914
50052
35546
37642
27679
16144
49314
13417
38540
26272
43922
9455
36694
41304
23575
12609
16628
21100
13166
48788
32245
37670
11065
38699
24264
19094
47707
29363
31405
10578
12061
22522
11465
23157
28959
11523
17196
42769
30250
32384
11654
20255
25686
15441
52751
10114
27780
34715
38868
46888
47231
12293
12859
14397
35770
37780
21354
19119
20000
11215
17590
9971
26724
20863
48449
13553
10330
10883
11129
11816
47196
9699
29553
44781
26310
47287
20932
37122
9385
42962
38079
11005
13899
51480
13076
18754
9323
32403
36609
11850
51586
23144
29661
30042
31396
19333
31319
10370
27755
42029
28550
34082
46402
13605
14299
10098
23572
29328
9656
22914
36603
18807
52400
10912
18970
37883
25388
33107
9337
17790
46720
15573
46310
9540
22688
31010
9631
28632
10617
28038
37611
23265
45308
25828
46356
46808
47145
18479
27441
29267
32200
10056
10778
26106
26576
10329
24536
25440
10732
12507
9629
10867
42618
9886
17538
36005
9718
31629
36349
36930
48501
10642
29337
9596
18115
12798
12879
44027
14175
29491
42406
11444
12006
20902
21816
24973
14105
29522
35133
52360
13008
38184
21787
12933
22193
24094
27298
32962
42735
17396
23125
31850
22598
45260
33535
38185
11874
21140
21252
14130
41407
11989
25941
11525
14730
34616
52106
11100
24444
45026
21295
21549
20443
35772
20432
47937
10652
10775
44018
24912
34697
20875
27753
9469
24040
43090
9931
11874
33401
9432
22799
18576
35819
17172
52138
12653
12727
26849
10234
22989
50401
11491
41489
42787
24181
14780
36573
42369
14996
31359
26983
33175
29167
32000
9566
19441
30902
10493
13731
17775
14880
27352
32516
44213
9816
26139
43242
29646
33195
10751
12313
16864
11250
12804
42287
23577
48181
10123
13360
45707
39270
49822
9912
25409
29944
17325
32473
37788
38177
10677
17082
18024
11538
29855
23921
16970
49856
23438
28360
10313
14525
20222
10848
14730
21497
38128
9838
13004
10260
16602
28259
40570
47289
28100
16465
46228
18983
53722
11394
23910
23146
33996
18657
25186
36007
45696
21290
38692
36718
12426
37998
10343
13539
20496
48292
50851
36687
40273
10754
23929
10600
18382
47426
17415
34559
10428
18368
52379
11745
25741
39123
32599
36109
26970
29072
14707
29547
9657
14201
14377
27208
40346
21562
26884
12474
25005
20044
48718
13847
18789
10791
17059
43454
22150
26825
16865
10721
18870
44043
10562
13924
28135
10499
15878
39665
37443
14732
22051
32292
11667
16299
47108
13246
13685
23144
11406
13481
19055
13718
47358
41408
46253
32633
39299
27343
45991
18640
44616
22053
29067
9569
14157
22376
39140
51899
14134
43842
22622
37007
33417
22434
19872
10210
33922
31374
35489
10298
33257
21349
39361
13458
22864
29266
33357
10059
14357
38904
29799
41958
12132
18461
20287
35872
10742
23506
11073
15046
40693
31791
9624
13953
40767
10209
11546
21777
11175
26190
16417
39408
9905
12430
26246
26590
34157
10559
37958
12973
22252
50687
9851
15258
45136
9783
10130
31141
24275
53347
10159
18764
42839
13876
14529
45777
10075
28784
28797
35194
41519
11069
23516
25474
9510
12254
23313
13577
26677
32251
47793
12808
22837
46534
32238
11093
38072
41777
18241
48408
19492
40508
10360
20519
52784
13735
37863
22453
22768
11402
26257
10294
11706
52857
28811
31750
9571
12918
22769
10650
18006
40642
10725
13828
43046
12654
14876
24588
32967
16170
29012
19948
21389
17576
23654
9717
12805
11072
14160
34528
11220
21626
33574
9953
26244
10471
16304
39644
10502
12219
51086
10321
12159
45925
9569
18140
21160
26680
37825
13666
35396
10035
11861
50025
12261
50754
42694
53274
19318
22479
14535
15322
19754
29916
36584
16304
42179
15531
29719
10775
13365
32670
10284
10460
10958
10939
30708
16363
45712
12457
41536
42132
43587
11714
15663
18205
12938
18355
18827
44850
45926
19429
39427
19186
46643
10228
18426
53484
15189
19308
21842
11302
20693
51124
26344
13014
10454
22477
34909
13516
41986
15318
22108
11452
25185
20269
51138
22781
48668
29132
52137
13180
26535
31649
12706
16209
18120
27717
19512
26808
22138
45642
10946
35537
10923
11086
13769
17932
48791
35985
44166
32084
44628
12086
16114
39497
34351
46597
24530
27148
13450
38883
10996
13519
40734
16823
18906
31490
14761
19054
12681
33681
35614
10962
13310
45948
13033
32072
35435
11883
14372
52139
16943
27116
31553
50489
17048
34110
34471
12760
14335
9607
31409
10698
17189
45886
10563
13396
15261
11017
27293
28107
9846
24829
25861
10675
50373
52853
12668
28648
19323
36855
27274
14066
18432
13791
48465
34425
45053
9704
37166
26214
29347
24035
41122
13117
19171
33388
46537
23977
24157
11918
24217
35780
12175
16485
51407
27152
32300
13144
19595
14784
37863
14856
24798
10890
24066
43880
10623
14321
22620
28882
25361
38410
10493
10784
17752
11543
25812
36008
12525
13328
46096
9974
25771
42598
12778
19417
14088
15980
33297
12402
11757
16700
46938
10131
13010
13811
9814
13327
41125
13057
15027
16914
20200
29921
42538
13730
14404
17601
21970
39597
10071
18849
11043
21043
34567
32995
42344
11389
33749
10637
12030
18674
9753
9771
29568
30891
10322
10465
44585
10239
18484
47607
10048
29880
19866
36673
9653
33783
29351
31825
16498
29077
28524
41978
19408
34625
9676
40363
11438
11526
37084
39920
10005
29298
43603
10596
39745
19713
34668
10645
14241
30743
18889
25145
9668
23755
24760
12909
14486
19462
20514
42825
13362
10766
18955
24880
16441
29924
11084
15872
41068
13169
13514
26613
17046
29196
22054
48159
15981
10190
19234
52770
36315
50689
19993
22280
11229
19522
37124
10487
13201
23444
12087
29839
22934
48011
10217
35016
10624
24785
18203
46535
50766
39750
40777
17084
48458
10490
10517
27112
9692
18513
38989
10770
20825
10352
39850
10862
22693
10394
19475
47711
11573
17936
21110
19025
23508
47936
48400
18268
24069
33097
37364
9838
26635
36309
18239
35349
18701
23497
12174
15245
14935
43050
10313
11814
27405
11168
16319
20404
11244
30915
32584
11467
21222
46907
16537
53802
12566
19922
13034
13928
47859
10398
35393
39177
11428
14666
30178
49777
10821
22547
24580
45218
30950
9721
11616
14895
9842
27520
28026
14395
52410
13769
17705
52887
14201
14458
23016
43903
13782
16354
28236
10049
15546
19660
20278
21502
9890
16484
28474
11897
31824
45714
9888
16775
18657
44579
10886
15209
28220
21371
48103
12155
20859
26208
9847
28961
32327
11551
13475
20670
24265
42594
29889
47338
33898
37771
12333
38743
9935
12977
36071
10873
13816
28680
42053
44874
15857
22141
11208
24106
39170
45135
9749
24437
27653
10990
20412
27461
16418
23074
9773
24386
30467
14154
30260
33314
10743
39137
15579
49518
22266
46536
24389
28104
9850
12024
52294
10172
17432
38650
38916
22527
34827
16060
20172
10799
11140
36482
13233
26825
14681
19493
10367
50855
11687
21482
23974
10967
14439
32375
12919
31670
16620
23857
29757
48273
11859
20831
34997
14438
14562
23035
40556
23612
27138
11697
38074
11740
20665
46173
10176
11012
21017
10835
43233
15027
20299
10680
24399
15585
47738
44748
16548
36990
20038
10881
21264
51473
10013
27095
13588
15538
16784
39121
10585
33281
40624
51653
52618
10292
24645
31055
9792
10043
46908
10102
49756
31478
50630
14973
31814
11585
21835
28820
10910
12353
11124
19324
11175
15141
23308
9804
27113
37698
12873
17326
15990
53251
32895
35006
18495
49014
27820
33645
24960
9980
15412
16826
11849
14571
38991
10981
11914
20539
10350
49784
53448
24800
39513
31746
47006
14887
37256
10198
31419
32814
21980
39562
31595
40275
47476
51990
11214
18212
37934
10149
11888
19767
16906
43927
10320
18329
45048
11430
15295
37790
9877
16693
27458
12992
17683
39957
42293
49219
50825
14197
15607
19377
9993
18953
12442
24852
36407
10700
16567
12171
19757
44841
41049
41221
10955
18496
29880
10692
30464
43692
11557
9892
25056
46864
48042
44139
50043
12580
14301
36445
19421
22797
15240
23291
26339
15413
33543
43735
46449
28448
50023
34081
48096
11048
15382
51787
19951
20889
33265
33301
22847
46063
13526
22475
11281
14906
47129
16131
36768
11393
17114
11713
25233
49629
10404
31845
10518
26599
34820
22794
13377
22482
12705
24736
27517
10834
34620
20271
24665
11732
20948
13860
23837
31088
32786
16159
26335
44358
14080
35048
50351
9908
21749
41597
11180
28581
46358
11448
14810
24151
12935
18256
20400
17337
24459
14548
36721
12511
24241
24747
46748
10907
33801
42602
21039
25059
11217
25428
43484
30885
43631
14089
17227
51730
15692
19071
35983
51214
14511
20406
48972
13335
17355
10051
10536
46056
17348
27101
29536
27118
36705
13681
14545
52754
9977
20941
19360
31767
39924
52199
14782
53638
11267
12382
47362
18338
14615
16453
46344
29755
40547
10200
11846
42060
22377
26011
27997
13402
34555
10094
39963
44062
11027
24281
31692
11334
12006
22549
38346
11307
11610
26400
19152
30648
9966
13022
50809
26628
37237
37499
26341
26746
26127
32344
21543
45587
11092
31274
28848
12450
50579
12427
48471
32489
41858
17751
17900
46903
30050
49031
12431
15797
43679
13572
39034
10480
22396
42861
21606
10294
18486
32328
16698
19507
39931
21476
35587
36679
47173
20091
43738
10263
18651
38608
19599
47268
20938
24358
15938
52371
14749
19731
34380
34181
40999
20973
37177
11390
14240
12237
37245
10387
10775
13569
15225
17290
11540
32874
12725
48375
29701
30139
16716
39854
13978
39540
12789
13779
37587
10083
22012
49481
30054
36686
10099
14008
15510
53179
14243
46758
11189
15942
53392
44304
20631
18237
24321
32405
39614
10917
36064
10016
26606
11200
17505
46219
12544
35947
16260
25765
31081
31540
14068
21336
34626
36682
46332
37377
52501
36842
47534
10101
10619
20871
10532
15808
26042
35395
12417
14991
35500
22562
22831
39169
48863
48877
50450
18574
51791
23400
15366
28948
12746
40212
31453
11164
21574
52239
23355
45620
36135
48176
43617
45634
17088
38604
15539
35076
17509
50842
13991
14166
46976
11008
17419
42392
10118
11028
31233
40528
24225
36474
39354
39872
10019
37121
10779
19713
23775
10202
36201
18281
36783
11328
21805
30696
47478
18234
21395
49364
24666
48165
13222
26425
14036
29832
19424
29638
28554
48642
12506
14063
34742
27257
43772
13793
15315
34404
26378
10026
24780
26283
23788
24706
10220
26741
40795
11426
32270
16482
24076
11170
11783
51192
22355
31216
33620
26691
29468
14043
35388
38294
46318
11598
20763
35995
28796
42371
23130
32128
28480
10273
25199
10313
28539
21949
31959
10033
16153
52833
38071
13023
16407
53062
12760
46625
13715
15827
47175
22402
22621
18586
23359
13176
14670
30335
10961
17194
29917
12738
18376
32194
15542
18977
29093
37933
43012
10807
12393
18556
20340
11103
12749
25198
13036
13775
12709
17329
42531
18496
14893
49432
10482
16106
46978
11935
15597
27422
38741
11150
11338
31401
10553
10797
36133
40474
53341
12576
24048
46836
26227
28046
11945
21541
11392
11052
34920
40332
14997
32443
11088
11796
21336
19418
19483
41163
10066
19736
52793
34883
13373
18204
10438
22950
47381
13612
14501
27565
13675
32863
44098
11386
12403
36136
11505
29283
33501
14659
20957
32668
47746
23524
44120
17581
40636
11224
19925
41260
12167
12569
51277
10523
17941
41119
35252
41615
10840
21275
39277
49957
12324
19195
37083
19868
51527
10660
20402
14309
25283
39779
23079
50791
15927
48067
17365
24818
10304
15816
43499
16254
22094
25658
11191
13753
27463
13549
40461
12300
13692
10597
15638
42759
15601
15869
32855
29399
31266
28694
30866
11090
17292
37893
36004
18088
34352
15229
16174
44408
48558
13917
14214
44065
10214
53341
21840
52104
50357
10115
45223
18991
35856
45086
51502
10501
20812
25717
10932
15139
37095
24439
17225
36227
10752
19048
20763
10136
18478
18990
24341
23984
15198
23029
14612
28514
11190
51889
52616
16008
17845
39114
10837
11381
12323
17030
25862
34552
11456
18499
35472
16782
46911
20529
31478
10133
31622
38127
35063
45340
11241
41623
31606
21872
25921
11596
22910
41809
15370
19099
41099
28144
34058
10569
46719
47792
10295
20284
37343
27013
16933
38546
10953
25784
29633
11642
13317
27928
10335
13615
33364
10513
18061
22172
18191
29126
12736
32714
12470
14585
28310
16122
19636
10293
10653
17453
10156
29987
39303
21989
37019
14480
18302
42591
31301
36949
36619
38236
11577
12795
39054
23278
17138
22830
10164
15502
25347
11579
28705
47508
22399
28109
12038
22669
12160
18806
44964
31566
38926
11431
10988
14991
45251
52457
13822
21387
47924
11065
26917
10522
33067
33574
10309
23847
26140
11979
15250
34217
10734
47270
24140
33046
41881
50921
10808
20101
11251
39745
33529
36695
51248
51907
29952
31376
13489
17733
16085
23819
13251
17232
12248
12588
18714
29077
40968
11077
18088
38138
10312
10193
24755
14304
15974
22673
20496
15730
36845
37799
10302
11053
23914
31952
47382
23331
29406
46593
30930
34226
17686
25763
29595
14025
22795
45668
26674
29281
22017
24775
10207
19388
29084
14071
15388
45422
18316
18800
15055
49525
11130
19994
30232
11929
17143
43224
11512
18482
30766
10903
51971
24202
35621
35658
33817
18101
20511
12371
27239
31584
20619
21579
20177
32138
10345
25633
26333
12282
33183
22910
25580
16844
21272
12018
43172
43771
16293
17179
33763
17523
51429
10854
11151
17769
12623
19708
20938
10479
12953
14477
23152
29289
18549
19810
25823
53735
39804
49149
12341
19420
12693
15353
27322
12025
17326
19601
35601
27636
17305
22851
25046
11699
31178
36027
12030
28805
34481
24173
28301
17832
18633
29822
11464
27697
47948
11754
14950
27755
21328
40778
13740
18745
10716
36383
11216
15018
44582
10936
36291
11016
16567
45262
17808
21090
15682
47982
30718
42540
11677
28003
10606
24195
44559
32762
38400
16860
34912
13992
30986
35176
10629
18323
46212
18691
37046
27619
41829
21467
37409
18538
45594
13871
17290
34671
10419
20842
21007
12958
39629
16325
42148
10289
21450
42362
19933
32382
15854
31269
31079
31275
13289
28442
11137
12694
28736
50011
11299
25489
34682
11693
25458
13666
14490
25663
24255
38599
13161
20818
49677
12433
15299
26965
48587
39471
12024
23768
44482
39752
40546
16297
50636
11096
17133
34033
18738
42989
22249
34729
11518
40422
17609
37085
43267
14403
10299
31595
34918
34046
38990
11571
16547
40786
11226
18354
27561
20688
24599
11035
12685
31803
16227
25776
10861
17113
39911
10307
11388
43752
39069
41899
18210
43479
21911
26725
10312
27328
53449
23497
25820
15625
11453
21205
28390
10714
48901
10459
15197
48837
13572
14372
41258
13718
33781
20092
52902
39258
41548
10788
31830
10657
44575
50010
50970
13011
14386
15285
13830
22144
10369
16966
10540
33014
39213
11403
21732
51487
23159
27929
12421
29109
11727
12594
21702
25435
40852
12205
17264
47749
18675
22358
14194
36290
52376
15747
17126
11105
44822
11492
42605
14358
27332
38754
11485
38601
23884
50757
32300
25074
32911
43778
44353
19889
36951
19665
25980
10349
20497
25847
22771
38783
13239
13908
15497
35763
12707
25585
22390
24316
25782
35792
14701
44715
11146
11385
19637
31734
14734
16508
32410
29641
46029
11211
19390
20532
10997
15857
10973
22427
40081
13508
39436
12511
20267
52848
20074
43662
10494
38381
53125
22891
43943
12476
28355
43423
10602
15743
27645
37270
41318
26007
40166
36376
11113
14708
25562
14274
16711
43977
14079
24416
31186
24336
35700
17662
22449
14983
35501
38098
32810
41745
15522
26890
27338
34841
14378
48228
24386
44539
19001
39819
16032
17783
20220
13803
18081
31707
12153
16276
11439
26333
52107
10457
10701
51346
17490
28323
12181
44968
17584
42566
36523
45719
15463
29116
10657
14221
19297
12620
18451
21158
42359
46755
16079
22722
11772
29448
36964
21962
35995
36700
40901
12533
24969
11210
27300
52805
12704
16902
17297
15104
24121
23461
50848
24300
24966
35701
39682
15258
40568
26572
37769
12555
24899
14707
47052
12113
35119
35715
12783
20954
22374
25369
28955
17816
22775
25494
11636
17154
18859
22399
42546
11796
22165
22685
18559
37019
21892
11091
24697
27965
24600
39834
22773
33402
19461
20647
38529
14988
18273
28415
15241
40935
10852
13486
23898
25130
36634
10777
33250
40535
38026
53066
44910
46137
14540
20121
32534
42803
11864
12062
51920
21019
37793
11644
14883
16428
13181
14946
16950
13640
39301
11061
12895
39896
12948
20937
43444
11709
24908
31141
21256
26422
14045
18961
32186
13708
33261
13849
22899
24812
34895
38268
17708
25314
44278
13438
15807
30204
27971
42512
26588
44737
12896
25217
27237
27404
33321
10690
18873
40248
17907
34711
47284
51419
10634
11642
27383
17799
39073
46050
46616
22733
42095
19185
24468
37713
11207
11973
15350
27714
29638
11674
31377
15552
51448
29103
29940
17371
11947
34304
46025
30369
53827
11621
32268
53007
19216
44883
36485
39660
30282
30615
18132
23030
11936
18067
14099
19154
14392
29718
31053
15000
28040
13618
13861
28933
28897
37017
27281
27933
14427
15455
50312
51723
11738
33484
15576
32887
28773
49725
20011
38646
42880
11019
20990
11353
26356
34135
39270
30722
33291
48056
26192
48963
26231
30518
24144
40977
24350
48226
10846
35603
11375
29743
39785
31390
51330
34399
41011
36135
36818
10643
18760
23759
11640
21780
39528
11001
16702
52986
15882
12373
12792
23159
39885
11694
35790
47538
30784
28067
30269
51760
13839
20966
35242
14075
25012
43689
38464
32173
29451
39531
13647
23555
33966
11484
19088
50745
12222
12837
29715
13884
41938
13712
26510
15420
16569
45560
27000
28082
32524
45400
10635
30514
50003
11047
13054
37680
12227
15536
21634
23421
26415
12549
20045
12575
12689
33827
36040
25237
35564
27875
10869
30284
35553
25515
26478
33502
46923
16811
17968
38300
37482
28004
35447
14502
39333
26218
12740
13132
28831
19535
11250
21670
29176
32703
11741
18157
26576
51168
10594
12944
52246
21643
13424
11421
20476
10817
15805
45473
26057
42215
22320
46567
29066
17657
25325
37675
11403
34622
15659
15990
46500
12563
13606
23458
32010
51227
17595
47534
10590
11237
19366
37371
11160
31296
52049
11978
14977
28923
11047
29191
33619
15339
15632
36691
18180
32614
18602
29742
13137
36052
39762
11397
15401
18587
43275
46104
18463
34396
28199
32832
10993
13600
21943
32844
35107
13722
23126
26818
18108
42707
11037
39471
11409
14877
18081
12496
17884
22105
21004
43021
15833
52760
31289
44569
19947
45390
17627
25653
12590
11962
38940
45890
19164
31112
15871
18187
26187
10755
44012
12777
36307
36978
48884
31188
42299
12241
21678
27865
10934
13130
15687
26710
29535
12070
20691
10659
20424
13575
21246
25021
19729
53277
12725
48626
38906
48061
14124
24036
17890
37266
11896
24553
11952
38656
10764
25734
41212
23952
29691
16261
19505
15088
19113
10722
12613
32459
41202
11889
14765
22484
25496
31564
31575
16077
19389
27464
29714
14019
21439
44701
12467
22987
34426
36738
42470
17554
18624
20578
21544
23778
10837
11506
13898
11164
11398
17451
20318
27818
11151
31640
53119
17545
11029
11384
11749
13953
48733
23242
30877
26772
51366
21600
27391
33210
50672
16211
21796
19722
21705
15247
21916
14273
15113
35237
11563
41855
21643
32504
40248
48644
42309
12748
15179
27194
12235
12593
44727
11309
14849
51943
15426
30310
10782
15274
38515
44172
52532
13321
37143
31405
39380
32523
41216
14876
16625
17063
11336
18103
25556
30932
32348
12467
12833
27675
12314
16522
30787
18737
24130
47574
10682
11707
44950
17878
26773
11794
34073
39769
41392
44193
17930
18418
17547
21225
11240
11725
44956
11135
21248
38287
22119
28331
30723
44549
18030
31846
32411
40829
14483
16426
38427
10709
42217
17663
41628
11059
31456
31847
25708
34911
29292
30180
13421
28523
29666
46051
11270
17439
23577
14764
40798
13562
45060
30203
37875
12481
53360
38231
14520
17729
13969
23720
38796
14386
44483
18467
18729
49415
44643
47883
10898
42862
12934
41155
51688
11573
31212
38035
10826
14938
28697
12267
16651
21227
10716
18757
13401
18789
42783
43694
19150
32134
31478
13276
48358
24949
29092
11025
12396
26568
51054
30701
33386
32046
51530
16317
17025
24426
13534
14279
40923
34851
45815
23099
52613
14030
38385
23612
26445
15245
28283
32312
42270
16396
41826
14177
21895
26341
35048
38299
14430
16402
47380
36795
51030
11619
49001
10744
30484
47710
15188
28868
21000
10902
36312
24433
29612
38399
41821
10968
11801
10878
25178
31055
13371
14455
30984
11203
16633
23795
16167
26862
29639
17256
26488
11304
34853
13901
24590
20091
21140
17323
36549
12943
20059
28884
11046
27646
43675
12367
25843
38151
20798
27574
34248
46403
21659
28029
10770
14364
16400
15612
32731
21369
47308
17890
35689
22115
31139
10771
16475
16908
17425
19510
24109
45185
48756
27016
17322
17573
26276
14758
23681
11063
14175
15789
25711
34667
35037
50692
27056
48892
18776
26025
29964
38448
15775
32455
21308
41014
26394
26943
19634
26628
33775
38928
12008
13600
11813
15612
46050
11869
43225
21136
24517
16422
20198
30527
34283
17198
42106
25271
39384
19390
23961
34478
43513
33141
44460
13591
46919
17829
47650
12418
25913
49391
53630
10803
26899
47895
43196
43357
15744
49304
12158
18062
18581
15032
24664
25194
21417
42628
10906
20643
28672
14349
53888
10899
12105
21744
25712
11838
18543
14679
25947
50078
50555
15063
20448
20627
13084
45489
12629
28428
47706
11300
12033
25674
29523
20043
31319
13652
24673
12823
24547
38139
14112
21307
12773
25679
31398
20259
36471
14264
14971
25174
18247
33331
12758
18946
26977
10866
19182
20442
12240
12929
34561
34622
17487
42525
13531
52822
46879
12853
13224
21610
12365
22385
36837
24447
34080
12334
22726
12698
23621
33844
13439
13909
20598
14795
44766
37352
45252
12702
40116
21763
12731
23085
30981
12664
19766
49763
12124
20265
51155
15814
19800
22853
49896
29634
14904
25644
11995
22834
30517
12159
32429
23663
19098
47582
16843
53178
23548
38458
12301
26971
20139
19762
41204
21956
34358
16061
22482
18790
52322
11074
39857
13700
24680
15168
37020
12961
27911
32738
14540
19094
20393
50795
52573
19445
38834
16595
14987
19601
13672
11683
33110
37299
40671
43728
13742
24688
22550
33372
31129
52494
34377
49932
12711
17380
19715
20502
12992
30587
15801
33753
11509
32962
34294
13174
20765
22191
11954
34139
34760
23564
32604
39269
49965
44438
12126
12316
19122
15382
15895
49737
13382
15164
47532
50629
18725
36636
16442
22917
19772
51803
13444
15909
53471
12106
36015
18392
42428
28104
53912
10961
18401
26144
12405
34341
42178
49363
17126
17291
16451
23869
40787
11094
21771
24449
11601
46793
19375
20224
13584
35844
14138
21493
26595
34299
42539
23937
29896
27510
52026
34968
49470
24078
43132
23605
41244
14851
40894
14832
40681
12012
20678
37220
10928
29778
11693
45670
13963
40091
23263
28021
19662
25344
14748
16482
24088
13494
12788
14605
19373
33057
13244
33672
13630
38831
16006
12498
30992
46366
25587
36465
14745
23334
32233
34783
30755
34386
22700
16992
23083
11903
40479
41882
28828
21969
36437
31797
39699
22544
40618
45565
16857
21065
17030
31128
19854
42999
39644
49040
11178
15608
11928
21240
29651
32809
18395
24063
30488
11034
23855
49432
14986
24462
45936
12866
19605
13274
13825
13283
18570
15313
40025
16246
38931
14680
16811
19936
47014
13947
24743
51790
11689
17270
51585
26427
46342
39596
41638
11726
15726
11604
22224
53345
12927
24718
30531
18721
26401
11499
34033
36872
11131
10984
13374
45645
33729
33947
26323
36714
12304
12414
22216
52973
12630
12675
27878
18840
48124
32445
52785
29793
41212
11222
29952
30588
13245
29869
43329
23325
26802
14655
33333
19236
23624
40752
28983
37329
15421
22686
11600
30759
35206
12010
30969
34421
12140
14319
15383
23221
52886
11055
14640
20046
17393
21128
16884
18660
12286
11941
15740
36826
12117
32827
49774
23495
22727
33120
11818
24394
48765
21746
24032
12925
11976
17616
38760
40203
45662
18663
22421
22021
31494
19050
20962
21232
16293
44670
15271
16481
41418
12863
19210
51897
19912
37252
15416
24136
24387
20708
11221
19354
53756
15742
21370
14051
11744
18572
25107
39120
35086
19837
24003
32491
45930
25567
51977
11244
12022
11204
21590
36354
42098
11875
19231
37756
11691
43896
13747
15026
27376
20122
11278
45778
48444
16403
39094
49597
50471
17470
24363
33878
31445
41869
28933
36373
32884
37306
11734
16635
18229
12445
20990
41694
23340
32967
11731
14187
33778
20359
12993
20672
51734
13778
53877
16641
37963
31981
34571
15324
21217
46774
40904
53688
20808
12433
13211
18579
53775
18797
19828
34783
25579
40038
11087
29120
34904
18639
53264
14466
17057
18616
17793
43014
21258
20836
37420
11990
32079
34591
12711
16889
36712
18556
40242
11830
26916
46333
13499
17066
13709
22407
27351
13726
40336
11935
13676
14664
14889
48945
39711
42595
11844
49972
50825
51484
23935
27465
26517
52922
15050
37500
22457
28287
29890
37852
11301
28774
21784
35168
17038
20745
21071
30420
13763
38469
47938
17426
23311
13772
34126
43053
11457
24249
11352
34778
42183
13534
20445
36665
43609
43130
43447
14441
22081
23319
14340
19166
50725
36884
12585
48378
11309
17821
21916
16298
23162
18363
18404
24339
34856
39207
34886
35274
22136
27809
12937
19165
22158
12415
26230
31660
13029
14491
17937
24793
32762
21286
24885
24822
11836
15317
18554
12640
27020
46624
39290
12592
15474
12658
19633
34699
52546
12123
12662
20193
24966
32133
44085
14136
38468
33657
20854
50908
13140
20588
21437
22674
36103
26993
44244
23631
27006
17280
18322
15868
16028
16795
13460
53156
11896
20848
47724
12685
19536
21986
19202
24398
19431
43577
16102
16735
18181
25503
15911
46432
13358
31930
33090
38205
23816
18192
18749
21351
19221
32266
30347
42907
12307
12999
19534
12626
42933
50020
14989
23553
52150
13229
14552
39248
24385
39445
12173
48524
12504
14654
34491
11737
23187
11952
13497
46572
22411
36723
14333
40715
12243
16342
41977
44321
28460
44231
27395
50638
14958
25343
11279
12203
48966
14130
30781
27745
30728
20472
14159
28130
43401
16081
34347
28835
31598
11910
14992
26102
43538
14396
17621
39807
35691
46018
15810
19736
40332
49847
11597
20827
46759
11458
33447
37074
14291
24781
11193
15430
24056
22041
36074
28749
14614
40674
11915
14715
20749
16570
39211
12088
17623
50549
11956
23241
39783
12223
19143
53369
39777
42810
29062
12250
14315
17986
15248
27613
13557
17820
11578
23579
32559
19023
50072
29062
30067
11320
11561
25215
12019
24715
33533
15840
18930
12153
46249
12368
26448
31835
12531
33894
18290
22339
16383
35448
39298
39463
20370
23993
33443
11407
43723
13418
37617
12192
13672
45650
13143
41923
48192
26794
53621
28000
45926
18215
49872
23827
28141
12455
12892
41938
28828
11466
16506
33513
15455
30920
38424
21691
23081
39782
20163
39405
12631
23606
13968
13720
35579
13630
30031
12500
23023
36546
13104
23300
15952
25141
27061
11557
13091
27232
14005
26338
52736
29614
40354
12650
17507
42772
49324
11320
39365
13001
17818
19013
15617
53195
26844
34558
26813
43521
26381
22768
15745
38730
49355
53736
11558
36144
28620
30132
16892
29088
23921
26719
18817
24028
12989
34196
11423
28315
35434
11993
21524
32859
12217
13667
17075
32869
40361
11703
15069
19630
11566
16710
23782
12815
29501
11847
34281
36213
12966
12998
21321
17580
45111
11619
12002
12676
13714
17217
14720
24718
12715
28549
41107
11399
48955
11866
24663
53576
45749
47607
25889
22641
51527
16295
29598
36863
17814
21459
34345
18947
25830
11286
31017
34502
13273
33520
51406
35506
15897
22175
50378
18583
23730
43830
17611
34209
18299
38458
16809
25164
51891
20589
45134
11657
13321
36811
11889
16394
52178
28325
39800
15956
47420
40149
40899
13644
20171
49757
13997
43451
51490
43193
14083
17295
20006
15211
16237
24409
11401
47173
22788
29756
24212
19660
29178
12406
18610
53543
30194
42869
20482
25099
32665
12023
12671
47302
12072
26478
12831
37750
39169
40725
11408
17313
35713
13891
18347
22364
31082
51939
13562
16998
18165
26898
32227
28097
16156
16771
35117
41691
43301
11586
26207
31029
15718
43036
14588
15083
42817
13330
23714
11763
12105
12651
47425
13131
33377
18124
13297
23023
43673
13641
29447
11747
17290
52514
11339
25754
33905
51002
12825
21581
27647
18440
24807
21389
31191
27369
36291
16888
28180
31364
47455
12261
42725
18182
33635
35240
47654
11496
32042
34753
41593
50048
14975
31397
48910
25179
11834
52673
12876
16419
23971
13818
20548
42351
11570
14973
42480
12204
24593
36129
36925
46574
20137
11446
30528
35786
11534
25562
28695
27846
36842
11982
15238
45023
13266
16132
11535
34713
35184
11968
29957
46210
11410
33463
39402
46678
12991
14900
14962
27811
40890
30606
19576
26545
13265
24623
43517
52397
13817
17096
24273
12950
20374
24118
13670
29012
16663
18877
27963
31138
11506
23090
20741
23104
26078
12920
15005
34023
11490
34775
31724
13889
50410
16211
22446
24461
34024
51145
13107
19012
47189
25100
20611
23677
31552
41292
14098
30220
14459
15767
30898
12902
16063
28406
34272
18553
43785
16124
32892
27180
34854
14694
19988
21265
34493
37241
13767
18940
23167
23370
12313
23744
53716
16218
46344
17226
17555
11622
16955
31223
53375
53523
12164
14715
45579
15334
22235
45596
48248
14022
16594
18474
11852
21983
42504
13279
16940
17091
27813
39789
42261
50853
11885
41314
11766
31082
37702
28583
37289
41296
23537
36227
20564
33237
21539
50561
11480
22685
26955
15433
20516
21121
24611
12230
14523
35225
11785
14844
31276
36758
40036
14041
38147
39806
11639
33029
47170
52020
52783
30371
52678
34568
50307
16957
18042
35833
32332
13619
15394
24872
18115
42908
21760
26120
11772
17960
11587
14542
14587
15153
31430
18840
29560
12294
20254
24570
12828
31987
38813
15427
16550
22369
33899
18032
22361
22822
15227
24756
25888
24217
16599
27580
15550
12819
16505
23264
19837
36734
18759
28875
29823
14561
47870
13838
33143
43480
22392
43937
37757
37960
11523
23890
26114
41651
12294
13623
18319
33324
48346
14048
26610
35935
28096
48059
23582
23682
32133
38432
44153
41736
51420
17389
26068
14711
39464
31150
36881
14521
23648
52315
14556
17583
19956
35001
42461
11719
27612
53425
17480
24708
44106
17710
26944
25667
42189
12465
16193
30888
40832
11917
16710
32703
11497
25231
30581
12557
23994
52939
23518
38497
31819
29740
32949
33716
50971
11725
18186
24749
25864
14956
30205
22824
36655
31429
35152
52162
31090
43823
15497
18483
13865
20442
33001
18883
51412
34983
38019
12611
38068
23401
19103
33044
14837
26269
38241
12500
42577
17475
17904
20469
16027
17408
29752
35362
12674
45471
14478
14518
19695
14181
15126
33022
17164
32515
29074
31960
19174
43685
41706
47172
12718
27441
15395
22733
17893
45863
27550
19394
36010
37677
20211
37357
24571
11599
27469
48426
12691
13200
28548
13551
25001
38724
11575
14746
37618
12373
26236
36698
13146
16301
43894
16417
18178
37636
44237
11539
29760
30575
21604
30864
31436
36449
30347
48182
49434
21995
42776
36798
46787
29519
19673
30409
42496
12042
19486
42566
17251
22406
34640
52376
12040
16333
26223
14449
23119
29074
48274
27791
28632
35963
39873
13050
19278
12078
13205
45434
32909
50857
40216
11814
43711
13707
13862
24261
15519
43383
27825
41011
17691
45366
29841
37863
32831
17728
18049
20556
47168
48543
13832
27777
18570
21405
14072
14752
24053
48283
17491
42762
36841
38300
46697
28921
36176
23345
30987
14040
18578
42952
31161
36562
32185
21788
29585
48014
12249
29894
38093
13077
21851
25010
20701
53053
30274
32304
31475
35886
15900
21303
13792
27015
12045
20119
13529
25511
39078
13918
22083
46814
35765
13285
17011
28989
12596
18434
37275
11797
45866
27573
49615
14243
46215
20046
37112
14784
18992
28393
40659
28918
52379
12447
30362
12803
25200
39279
13846
49803
19326
21975
11983
34716
33456
38115
42809
26555
40394
29386
11793
46919
31980
41824
14499
19128
36229
19997
28123
32214
27609
29261
32712
13729
16189
37137
26300
52181
28003
12957
21585
15908
24296
12742
23865
26290
14179
25601
29948
13504
47058
14601
19775
47446
13256
16635
28379
11765
16177
37851
12541
13502
32428
12745
25045
27477
12670
18253
20066
12847
22093
53530
29268
32776
14674
16148
19611
14184
27623
14961
27403
19268
32744
28150
35092
33696
44468
23728
33904
11925
28662
45994
21481
41695
12410
52107
11676
20543
37599
16394
52568
11905
26151
39750
12985
31805
32633
39299
21573
30402
21860
26016
43572
11679
12071
19280
24801
14744
16638
14723
34619
12468
23685
34133
15336
22317
49845
29782
41113
15491
16906
51687
33442
43272
14612
16128
12172
22405
43408
48417
51794
16976
48984
14942
19562
30178
33037
25356
33767
12824
33428
35871
29851
41190
43184
18981
20352
29227
35470
19362
29709
32710
40559
19888
29287
44928
33113
38915
16922
29338
40712
45078
52716
35127
47902
13877
21494
35739
13906
14706
36856
21252
21810
24954
28920
20064
43133
45132
35214
36168
45638
12591
15259
36302
30315
44700
40709
15558
39604
12052
22328
27847
29432
34819
42920
13756
14394
22966
13375
32434
37368
24613
49834
18340
24823
16115
31209
11735
14389
50778
33421
39753
22764
53509
13208
13529
21270
14602
48357
12575
23218
24746
14050
22048
50711
16190
36899
30670
34928
20977
24985
29826
52830
12350
25689
15998
16877
17192
28732
29081
13320
45589
45112
50901
12062
16247
15329
41144
31320
46822
16732
33249
37059
52310
39043
22933
12939
22267
46190
15711
21674
13608
17296
45232
51642
22020
12552
13352
50904
13256
23555
20443
42011
12056
27681
41256
23297
27552
27784
14078
15923
37826
38051
29960
31611
14853
27104
28928
14684
23448
15500
39204
50419
50881
23957
27693
50723
46167
49069
26829
41807
32819
17722
23839
33507
11815
22401
48489
19015
45711
39085
50827
25794
32335
12302
16502
24669
12767
53085
14649
49070
19386
12224
25511
31710
14621
19287
48978
18993
23658
12613
30073
12874
36456
17510
44456
20586
26958
12170
31351
20093
50598
12111
49600
12777
42840
17719
20311
24394
24098
26853
52170
12687
24353
50715
20033
40466
13464
21277
32195
15986
18700
27812
18860
23289
22210
24552
25523
38140
51297
12974
18825
46503
12672
43786
13883
30345
26374
44160
20484
37893
13299
38779
16034
23267
12487
19133
44590
11809
17506
38882
15062
26846
47406
34849
38779
12051
15511
19642
34367
20059
40414
13774
17101
18473
46727
15196
42550
12438
12454
23015
12843
42271
11940
27238
20318
35218
26993
38969
15047
26422
18302
20542
30050
49007
15218
19120
11887
33640
41612
12380
14027
38004
12230
37335
42724
38693
41350
12258
22537
43115
20616
30108
46749
16814
15884
41480
18498
24356
42943
15224
53855
28487
40732
12178
30795
32825
15135
19573
37479
13038
21955
32371
12040
15275
33567
30671
42205
19162
23361
11989
15561
19690
12765
42476
50422
31563
40057
22679
44672
15862
16924
20502
39348
42940
31235
53092
25782
31379
15629
30280
17713
18755
16834
12147
27897
14857
20539
34044
12604
22470
23784
43736
47840
19763
37730
14753
17046
28556
12112
31264
39302
40749
46940
38237
37904
42383
20725
25413
15072
33772
30689
38789
11857
41948
44565
13287
26839
29811
14537
18345
48379
16282
46583
12132
23864
33990
15888
33570
12236
22528
42324
24210
31414
12899
30729
40181
20572
34359
12286
52958
13151
33088
38370
34272
34934
13080
14513
46560
15463
23332
35997
20244
21102
26330
12292
14520
45118
15893
12283
40440
19313
22954
31455
37916
39245
13206
27243
30186
20061
40030
14091
40084
12516
14451
20426
13018
13265
43098
14300
27420
50232
18089
47757
48916
50936
23849
31383
13134
13329
36924
13976
32142
14423
25081
31531
14652
14678
37349
32749
37783
20971
22901
14762
27741
38267
12703
42696
51347
25580
27178
19272
12962
45167
12540
32632
43496
12850
16435
17076
11935
22855
23499
12856
44921
17501
49866
12456
43092
23956
32022
20706
26516
17642
51238
15197
46052
12766
25578
49547
14356
35644
15984
13055
16002
46466
11944
14692
32159
12551
17061
42294
33220
44413
32796
38409
16498
20129
51329
30997
31743
33208
52437
36077
12501
14524
51396
12435
21095
49564
12683
14258
31625
50956
14502
34958
12039
19707
29425
14586
43232
42276
42595
33366
49424
39891
12075
14731
27888
41336
18567
22202
43564
13132
25196
43520
12093
16830
19431
22813
43908
14420
51528
26666
40542
28132
37716
12519
15640
13024
16288
47425
17135
29689
35030
15134
47860
19403
32564
21254
25191
16138
16571
46917
13940
22953
31980
19789
23233
12182
24458
25905
25152
36950
14914
19397
28224
46757
15085
22597
53195
11965
22118
31268
20548
31152
16708
17273
40094
12507
12893
16471
12480
30217
13549
26121
33009
43963
49908
38081
43848
22445
28464
12527
15779
21001
22392
49748
22863
24262
13829
27331
53568
12836
15215
34353
12911
28432
39189
17429
36824
12598
18828
24530
37674
41294
15467
18474
12740
21959
41827
28799
32896
23228
16600
21498
51091
13540
20328
39973
13697
47466
34561
37980
13604
14354
16456
16129
25053
52341
15440
16149
27518
12121
13484
16480
12344
31598
32284
21648
34083
36540
36314
39507
12728
14885
29129
16687
18903
24367
19214
40806
14988
21891
14217
31067
35998
44409
12669
12003
23710
16666
19622
22955
21678
35773
37825
13477
17115
19009
47921
26243
18082
52980
17330
35344
18510
22710
33863
23618
26440
40042
12273
22597
13498
15810
14360
39937
14587
16576
44474
41241
44141
45796
35246
49290
21408
23532
24665
32433
37562
12335
38738
23633
24240
44302
42869
45719
17779
46598
37392
41033
13468
25224
46894
14771
24844
19910
15237
17504
48679
13882
15228
16655
43420
14129
14221
19909
14110
15187
27251
17409
23036
28170
12573
22460
26621
14967
42805
15048
52578
37820
14959
17246
20791
27903
31900
39166
16066
32197
15038
20869
25603
14731
52285
16552
20385
28299
13222
24719
38502
14753
28325
16528
26545
43042
12336
33857
35637
13053
13298
40638
12296
31228
37841
28557
25993
34091
34929
47592
40377
41174
13461
36486
44028
14131
50744
52335
34000
27948
47733
12351
21997
39949
29854
47454
20336
20640
13015
18995
31463
23479
48737
39715
32596
38576
20516
21827
44095
25543
26676
26604
12082
14071
26619
13520
28466
35532
49570
13375
17925
20851
18593
22509
25574
17334
20143
21808
21385
34872
14303
14778
18738
12784
31539
44171
13568
28453
52570
13545
17733
27826
39110
43273
22414
49821
13734
19410
46027
16316
41242
12875
18610
32198
21757
26617
32746
17129
13411
13975
46197
12102
30563
51445
14493
21426
40264
30929
45912
12101
45247
34500
49574
30422
34494
13113
28976
42147
20602
24804
53300
24023
17613
30926
13141
17505
21521
12245
16854
51020
13554
16229
22511
22209
51245
35720
43553
38410
13530
20323
32067
12968
23978
52396
12174
21012
24874
16070
47124
13843
15770
53091
12122
20562
24065
20087
32263
37834
47144
20096
46525
14213
41606
34770
48551
12509
34470
44540
22500
35206
45132
12872
28156
31268
12649
39088
37731
51884
16928
12737
13451
21865
28093
21432
40682
13754
37529
39306
13163
20233
42741
15223
17744
28907
18351
37896
12453
27769
41419
21924
14444
16350
22467
30448
37106
13594
28444
13878
16018
50326
20930
37206
18896
28547
38740
52834
14117
15069
16581
16000
31720
12561
16890
41849
39324
13581
16759
47681
20734
13848
36530
41957
45649
24525
25689
31963
37488
50620
52603
47508
17138
23965
14494
15351
50441
40431
43392
21461
52988
17712
28759
14189
22621
25484
37191
46361
30727
45087
25098
48396
13221
20510
32360
14164
42126
44125
46507
48557
42713
46746
33518
17388
37864
31880
41895
26268
44797
20560
36118
16164
22681
36557
13462
23667
25236
27989
13202
28371
20453
27255
13539
48562
28684
44365
16438
17158
20892
36800
37512
12284
30886
15455
12448
14981
17428
23694
32065
26196
32125
46952
46988
17294
38041
41601
44102
18343
34356
15499
21203
28808
13880
15700
17647
12840
37233
13832
21017
39209
16115
16699
44204
13741
14940
16056
25868
32286
38882
19992
38513
17149
18921
35529
14807
18796
41019
17402
24050
14999
33195
48592
51723
13036
37815
48372
38552
38681
13542
31922
22068
26958
13005
13369
14922
26619
34872
23789
15588
18729
12543
27428
34252
17228
21516
15517
46664
12581
35552
33470
51208
15783
19219
22292
14897
35562
17349
12388
36921
43108
15782
16614
52788
52576
53534
12796
18558
50358
14168
17763
43611
12481
34161
45618
24190
24566
32837
16377
19937
12884
34910
46705
27962
52348
34754
43794
17231
18654
20447
17699
43003
12602
21030
27278
33065
37327
13507
23597
30997
53463
20495
31761
24759
26669
17919
25242
12488
14739
25963
12437
14584
19437
20237
20935
18965
19959
46524
13569
16590
20982
14671
15052
25018
33218
52819
12401
28193
13433
16121
52531
18743
29797
17485
32954
13190
24659
46489
15648
19062
33437
26957
33491
21453
42983
43154
46390
12654
14163
24913
12274
15160
13634
28941
34530
13228
13283
22444
12887
43895
19374
35467
13835
25441
26855
46813
13627
28683
42273
13063
47300
15577
19178
28840
12735
18170
33898
34686
33735
51621
22715
51577
17142
40606
41014
53203
12775
13215
33361
12298
24084
29398
13075
43230
12468
17988
19826
12659
33346
24292
43176
17092
13070
15004
15955
20283
13791
13794
15096
24717
12926
13220
13547
53714
22475
30167
12631
32115
13084
13679
40974
13656
19822
15377
18330
32981
23321
50545
18102
39567
16098
19656
46245
13317
19812
14786
45599
13808
43805
46497
31891
39644
16681
13453
16347
29793
42912
12402
47556
15264
40975
17610
18346
24159
17372
20615
21815
14551
14574
44040
15484
23725
52478
26712
48967
24205
49335
14689
14795
16538
13575
20881
12587
28014
13048
15541
46937
12991
24186
31335
17466
42065
13252
23354
35648
12341
19936
35070
38410
40767
31641
40949
23010
43272
38663
41491
18665
43695
12713
27536
53205
13010
18571
41635
25480
13063
17103
22753
15610
25203
29925
15676
51237
15060
30068
41699
14794
39435
43510
13436
19488
25662
15391
34165
37850
13956
27368
37708
22238
41855
14049
44395
32596
48313
13783
19215
18851
22298
13133
14437
42731
14260
52493
27471
38906
12600
29815
45685
15035
33131
45449
12550
39681
44440
12621
23811
49839
13395
31648
44361
18072
30182
43037
14140
18327
23932
34469
41784
12514
35126
39347
22974
37295
34771
47045
19659
12775
16295
22665
33414
12375
14722
40230
25430
26888
41705
19439
36717
13049
14701
43364
13986
33949
14080
32135
35003
15444
18140
12836
20518
20927
22267
31084
43053
33614
43806
13004
49275
24804
30199
14033
18045
28671
51567
39527
45704
30207
35167
23158
31654
16400
32401
36345
12393
18911
25650
33939
21344
31485
35129
18538
38208
14056
31225
44753
17832
32872
18916
53652
17515
22922
24357
22003
15037
37053
14825
20732
39833
47077
12450
19750
12475
20662
20727
12940
31472
50882
17501
22831
25732
31767
38274
12897
22216
52790
12500
12780
42774
13217
18154
26754
28289
30645
29241
29811
21699
21928
46732
13740
39437
12816
22737
16734
33761
13180
19976
41619
22977
36712
14596
42195
44384
12772
43433
47917
12664
45150
15524
19364
44279
13512
14777
29648
34455
13934
14354
13079
23095
45788
44042
52992
26246
37437
17659
23568
24272
43981
31271
36518
37816
12827
35369
45550
27410
30142
14399
47295
13069
21150
26088
14631
16425
28997
37078
22109
40088
19155
27990
14144
14440
27186
23577
45111
30690
34767
32554
42887
33104
34210
30777
35194
48609
23610
24126
31894
40621
12837
45762
13950
34438
51994
43476
23334
27155
15845
20100
36788
17450
18048
32875
15796
19653
43382
30312
44251
16956
22390
39431
26730
31031
34379
13078
49958
34652
51796
16192
53830
15241
18662
17195
44583
13040
25372
43385
19733
20189
24887
19815
43975
20534
44044
28467
35457
12578
13182
39733
14064
14207
30577
15947
33770
14024
23356
45989
13598
35985
47220
14555
24128
26411
14862
17835
20329
15294
24157
39298
19554
20140
25183
18871
29331
31569
36947
14293
30437
33354
53252
16402
19501
20386
22282
40320
12599
17203
31155
14751
26372
32238
23517
39530
19944
35592
13513
17879
38662
42537
43469
19558
22564
34579
41017
51452
23117
34824
27540
51389
19848
40217
19426
43928
14726
47842
24989
13893
14084
44114
20457
32848
13378
26677
51165
30595
30773
32035
23558
33782
29976
39230
14463
42070
14352
14165
25989
36360
40491
19239
32748
13799
19854
23395
13500
25819
46172
14215
26012
31981
15606
27285
37527
26238
17993
29304
42489
52738
32567
42339
13234
31459
35502
29211
43129
12538
14193
38321
14882
27103
36863
46333
14313
20321
45731
15929
16388
48716
13814
20434
22349
49509
40690
42950
33408
16511
14614
17805
36453
26304
43701
17745
14281
33268
34892
13135
14090
16570
29518
36723
13927
18127
50390
15325
44364
40683
53390
22518
28534
12579
39278
15354
16397
30173
15641
25963
20577
22386
45383
21740
22384
15263
26527
14266
19463
32594
50389
53627
24068
12880
25141
42466
30304
32234
16550
35792
13086
19811
49572
13907
25943
28862
49124
23413
27194
13959
21338
13541
18962
21598
25143
30353
15373
18976
53190
21753
30775
16557
18611
41355
25864
42596
49556
15081
26239
33044
18792
27601
16679
48983
14170
40367
14905
25572
23416
25256
12584
19633
28919
13324
35752
15507
26637
14106
14764
51219
14854
16126
34246
39386
14156
21406
32004
22257
30702
13449
14699
20413
37433
52781
14586
44052
28806
37021
21546
44983
16631
25780
29975
38253
28765
48223
14890
40172
14367
26071
48304
22365
43106
14639
16032
13610
34161
45989
13485
14691
19704
13405
20420
32843
24805
28527
25616
53116
12942
14208
49436
18052
12970
21726
25322
29223
34623
12728
14008
26988
14454
21829
53560
33155
47601
22628
40473
20355
34795
13387
53163
23412
43277
39715
39719
13682
18207
28798
34590
32211
35189
16323
27714
35473
48373
53569
21920
14161
22327
42686
27412
37835
20226
26119
30403
36283
20683
49878
14307
19684
31272
45582
42083
42872
28312
51732
13300
18185
39172
23107
31574
36495
41143
44785
49926
27437
47584
13316
27953
35010
17019
46165
37972
41446
19269
32765
12969
30813
53321
53712
16117
24400
49912
22302
22667
51896
16315
32743
12661
25398
34690
13028
24504
41215
15013
23757
14259
45651
13548
23028
25618
14878
49348
21935
50741
46776
30162
13748
14485
21143
24498
32593
29087
39859
26403
28226
31812
15205
15302
29459
15454
19721
45416
14321
16821
19539
20689
43794
46786
14171
24677
31416
14436
18299
30772
15445
26431
46499
37920
27233
32905
12741
20908
33282
29667
32834
17597
30512
24982
20285
22844
36777
50288
12697
23241
26549
18974
35255
14065
17441
30534
14774
19148
37807
48857
29359
38161
24173
41431
13045
22794
33883
32546
43434
21690
33789
39539
22263
22686
12835
18270
37661
32884
45501
46599
26505
50900
14462
31326
37476
41185
14298
18694
14462
26660
14566
17515
49292
16300
20176
22258
45440
43690
14348
25950
50452
27408
41747
17201
17468
21930
25335
52607
16429
18246
37787
20846
33493
17431
41806
12975
17965
21472
18504
19085
26689
15159
19307
12723
19066
53614
26654
51003
51203
26929
43315
19968
21893
48156
33073
34018
13624
20128
27086
29635
13428
20136
39419
14363
22899
16949
28550
35945
17499
24180
15148
34983
25637
41507
13071
27638
42399
48513
28517
34500
29738
52215
12869
15884
28874
15056
15057
52322
19723
28368
19115
41214
49101
12965
48494
13820
23761
52392
13085
30130
31772
35166
36986
14216
22385
44108
13501
13668
20225
12776
13196
21127
44933
40958
42853
20175
28896
15322
18659
31674
36411
45169
13448
20090
51511
13193
14847
26312
45372
52491
14604
33285
15796
41205
50416
51037
35315
36313
15361
21936
20470
39996
24604
30410
34836
14557
29364
25987
23097
45200
51858
18524
14102
28551
13594
14165
19271
25432
40091
14522
19681
24813
13320
26395
27103
17567
46292
38470
28630
52967
19768
25265
34738
20513
24098
19555
23205
20982
52928
13939
15868
38240
13209
37787
39174
16202
33756
20246
31424
15448
30711
13169
37130
18707
33568
12817
14679
45250
35844
42109
13732
37882
15134
18070
29253
14886
18635
22937
13483
47234
47954
45049
45759
21041
32617
14823
23815
17644
27436
30052
23876
41101
52279
12945
25250
30133
19948
15298
16070
41413
13998
23146
28498
14831
16900
13724
16235
23185
17762
26816
15309
32325
21103
27850
29575
19686
39864
13301
19254
32354
31604
48046
27734
31206
28886
35880
35661
40311
48982
51653
12885
22629
38647
16794
28482
35791
36219
12953
21828
25630
16347
19451
14712
25521
39664
48648
29410
32600
13792
13858
35795
26646
32521
26601
26954
40502
15812
26281
46663
14177
19353
14966
31521
38924
15791
22472
37739
12845
32352
33929
13263
16420
31118
37127
14669
38091
50243
14092
26930
30959
15281
30404
16311
24625
32039
12905
36091
43187
13308
18552
15189
49277
12925
21751
33056
21305
48054
28264
28926
13213
15393
29406
48218
13920
22668
23212
14570
22193
24729
32590
23060
13437
13603
14142
33175
44313
23898
28358
29694
46148
14503
18424
20520
18304
48765
14855
27738
48975
12890
17711
21763
16078
22999
40066
36835
38797
18974
46509
23006
48080
14041
21045
26981
17932
37993
39440
43377
14328
27830
45355
13930
15683
22039
13353
18456
24350
45366
13047
52308
29736
39609
20217
52051
28300
38714
15305
15515
43410
37507
14428
21182
41910
16727
17726
21955
32312
36701
39489
20613
43798
30454
30726
16324
21105
12987
32779
13284
18832
35128
17421
19960
18189
41775
13016
17773
19546
18172
18179
36120
16917
38337
13859
21685
40163
16244
16955
52823
17459
25680
41920
16069
17414
22458
48810
36761
44893
14803
21495
53078
21676
50768
14158
26571
37074
16125
23350
16818
20285
15133
19017
52443
13008
17958
24826
52028
22059
14250
16694
30134
22554
36859
12926
19769
36505
31889
33370
37429
29981
15120
17345
52642
16715
14086
20553
36756
13218
44417
15341
17214
14662
52652
23626
51990
29416
14747
31652
45886
18288
21509
15471
33904
27202
50278
23130
51142
15894
17617
51583
15016
16183
24328
42029
13893
48091
16094
27026
13547
53378
13131
25506
39723
40941
15881
17996
19713
26039
30301
13600
13625
25924
34948
35849
20157
15739
19318
44804
30676
30838
13525
16142
36935
44045
33541
36434
18522
20639
50075
22027
25711
23675
33768
40688
13788
14105
13923
18573
37851
25229
15398
38189
38274
27491
53761
17541
27244
41856
51673
29231
36472
15201
15353
17297
32247
32949
48474
48518
48560
18435
18974
27144
15119
14405
29690
31554
13490
27173
28107
13653
43091
46140
15670
26145
30158
18344
18442
38799
15033
24958
31508
50346
17740
43177
13561
15195
36936
13226
44300
25144
41723
36019
23276
43484
27349
37579
29151
31883
21394
43835
15722
16990
32704
12997
21686
33929
14366
37513
41906
15425
29652
14272
34558
42579
13139
42516
13609
43481
15667
24733
14391
13441
46677
20917
39966
20573
20897
13802
21166
16870
17184
40424
16997
22517
24228
17391
20715
13364
14579
36191
53526
26146
26446
29679
23526
52042
13750
15461
41590
14827
16318
21525
18909
21377
27299
20372
36146
40283
44016
43300
53321
16612
28437
49080
14568
14743
16769
13164
17169
26663
23021
35145
16817
30290
13035
23481
27984
17213
17315
32324
14576
16081
44888
29766
42528
34438
50003
16224
36048
14531
38135
47985
32729
30053
44836
39590
40117
24029
49427
39955
47735
14239
19184
37178
30968
32018
42808
48512
14445
13979
21025
28758
18895
43740
35641
44282
27381
29649
13988
31176
38558
17695
15314
42057
15876
36342
14610
39900
48445
53192
13745
39046
44648
13501
15959
28710
13614
19392
20421
22699
22607
36428
47509
15178
33147
37995
14382
29862
45392
14640
16784
30639
14470
14593
30363
13815
24468
33527
21926
49414
16579
18349
34940
48438
31404
31935
15602
20858
40967
49185
49993
14062
38328
13626
31052
15693
13647
23254
19019
39630
18410
19136
13990
15938
49184
28056
33320
20753
24005
24448
46800
15620
44678
22617
53358
18400
27503
17563
23987
43249
13646
16830
37599
13891
16539
17079
15291
28558
14801
22535
30124
24370
52052
15028
25364
51677
13101
34193
36483
13130
16131
34942
14141
25438
28132
14917
19872
34674
19477
20717
38461
19159
34588
27736
16713
18096
44663
13879
20015
13165
43366
13457
14322
49833
13659
19630
47693
17823
49942
17567
27722
15385
21200
26218
13445
25420
31963
15716
19541
37670
14960
16221
16308
26086
31734
13257
22802
26116
13118
43191
16088
18121
49648
34666
13298
33892
13368
15207
18505
35684
36951
15130
35313
13127
13855
14517
36236
47191
13723
49379
50861
13128
36732
37583
14074
36546
41285
13403
47465
28275
35325
13457
24253
39569
25112
37912
40041
13837
34398
28841
15059
33578
38153
16974
29851
15957
36701
40904
15560
38632
36613
42818
34484
47118
18509
22017
14143
31878
52036
18188
29205
34368
13314
30184
30304
14217
30502
38765
13565
17319
24216
16027
29875
39215
13427
13866
40087
16509
18980
15715
18848
40634
46054
50164
18397
24292
15002
36593
38197
16449
17013
29213
16154
17285
50137
15042
15338
33369
16496
43205
13170
15562
23009
31117
32507
25558
33624
14463
14572
46415
16196
34921
40867
21847
33192
13196
19005
20895
44874
49884
13762
14390
34890
27495
35758
14251
17375
42232
32447
37313
30568
36312
13480
23692
51207
50724
21444
36813
20732
50028
44385
47503
13850
17798
24541
42319
52369
13392
18112
51809
14505
19776
21120
17881
34283
40341
40706
31458
40040
39884
17638
26933
39091
37410
49824
23426
13717
29509
35782
19784
14267
14275
29968
24164
42103
13304
24388
41022
36002
46281
27037
42440
29288
33560
16787
20592
37951
19536
22025
31803
14235
41610
14385
15539
16168
42053
17509
25278
15839
31232
15891
17991
43178
29789
14218
14635
26510
17920
15728
25188
30070
29598
41630
15362
23007
37972
40242
34231
26889
16359
32966
36112
38185
25022
19096
22603
42411
19293
22970
15129
19654
36878
19258
45026
15866
17912
46266
17593
23153
32131
15574
34807
49052
16370
23796
27360
30055
41583
17064
42622
14000
47596
33864
39887
13719
18097
39860
26757
43515
22352
18773
24929
16055
26003
44720
16268
18888
30944
14913
47894
17004
36038
23490
49296
25240
28257
15487
43615
20982
37587
13467
18297
42852
22275
22566
23606
41052
43451
45159
16005
39002
44429
23426
28425
25989
34485
28487
46277
36538
40115
38715
42059
14675
21436
28163
27386
49382
14482
44977
13264
34623
35542
36603
47116
21621
31003
43341
45451
18494
20346
49193
14569
15639
31776
13420
14168
25473
13281
29269
48053
17756
25677
40087
37778
41003
17464
44247
14199
27354
13586
14034
16148
19130
28503
37309
19449
18265
19487
43279
14296
49330
15488
15669
14439
13683
21640
45947
17283
22007
46573
28259
34912
43480
50983
21174
47473
19398
30897
31984
13961
25760
30003
13987
27578
13295
27235
50553
39273
47441
15160
27514
23328
48661
34294
41010
16639
13796
19034
20279
41261
14007
22270
28850
51409
16185
24715
30414
34550
18195
19623
33030
26878
39516
14353
24442
23793
35289
14265
15598
40660
17475
42984
17909
25884
46615
31390
28984
33378
39956
15691
17753
41382
50488
39536
13394
32920
49928
14586
25075
45283
51953
38032
15424
28034
52194
18520
18627
21560
13325
38622
17178
23757
15658
24535
13840
25013
14498
32085
25720
26021
33447
46457
15077
19541
15401
27204
30862
15126
33100
38702
45960
46118
13366
45289
48958
15003
37010
40200
14656
17341
16431
17293
37110
14771
25237
30617
17474
18969
23908
14220
25902
32261
23980
40340
37338
42336
16523
19499
29121
13776
15969
50445
13595
42017
50167
22206
29416
15530
16382
38298
14550
17126
18679
13925
17083
25848
13623
19163
32270
15065
26565
39094
43688
44193
24100
33539
39040
13644
49862
17138
26632
19271
30449
13757
16464
14312
21079
25504
13974
21003
14421
32560
33373
15856
25991
38706
40652
16716
37519
14355
30424
22991
32488
47424
16430
22998
40518
30510
34059
14828
16541
33761
20630
44127
16241
22815
23512
31297
49294
20413
50079
25929
52979
15941
17734
38891
37040
39209
14182
38927
42813
26304
47961
14595
18958
48264
16912
18392
41350
44877
48954
27446
49567
22164
52152
15795
18549
38857
16295
27123
13775
15505
26149
14426
24891
33974
29349
46886
16285
17994
24342
21133
33724
32940
52720
16931
29510
14652
25980
16367
33357
45377
22929
24533
37426
14407
21286
53371
14013
18686
31373
22205
47859
15784
21638
43768
13737
28251
13408
16701
18669
16996
21987
44921
18593
22332
27470
49604
21154
23343
35392
14756
36818
16525
27307
20597
21241
13746
27460
32078
18005
20676
22771
14376
23313
51877
25253
44393
45977
21335
21417
14112
44104
20494
16953
49506
18142
20417
40405
16534
39259
37814
39231
16942
24027
50031
13563
38233
13506
25826
14619
14922
46602
18866
22952
39171
13738
40423
40523
14796
20963
24399
27757
46265
13439
21977
18767
20731
46016
16552
24395
36663
16635
26691
47051
27481
49368
49360
51493
28010
43405
22877
29932
21931
52288
30703
35108
32296
35897
23124
38633
51798
44984
20069
40245
37146
15268
21131
15129
38404
16319
23008
43018
18576
19292
24865
14921
16378
50255
25127
25791
16091
26262
49939
25093
50968
28414
48999
15677
32502
13585
27824
45268
16175
21907
14850
31989
49905
16249
39090
37816
31284
53885
17707
15158
35588
43573
14509
20974
14133
14394
48959
17001
22465
26369
31469
16609
24002
14661
16478
23171
18396
34382
15231
24199
24512
34525
36463
33518
38067
27967
31281
24771
33320
46998
17590
17898
16896
52299
15525
20731
15090
33723
35204
17973
25165
14824
38429
16480
35278
14371
17284
47402
15088
39150
17693
18199
13912
19254
23562
35332
45577
48528
38491
19964
27314
48347
31489
26810
49369
17726
19557
30998
24796
28413
14481
40033
48980
19892
31439
31805
24191
52707
18051
25281
40117
13706
22194
19951
42600
30669
33121
14650
43712
18487
49422
25719
14155
18546
28358
51421
43058
18359
22880
16504
28345
33612
15280
16846
34679
20558
20952
35381
18025
19641
23191
38454
14059
21781
24095
13648
40432
28941
46736
16065
16462
18427
18984
44489
40529
48838
44310
33365
35820
13993
19325
38945
16887
20616
29342
25362
42783
38823
16789
36996
33427
43069
14238
27903
47709
49631
53869
20814
15114
31472
16766
30299
33686
14648
14228
14657
36490
24077
29176
17959
27136
39161
14043
27218
13874
24495
51662
18198
18771
23359
22340
43015
15989
19348
19979
29231
30884
15543
19284
44354
33711
41403
15173
47523
16133
18800
24516
14970
38533
14693
24975
46278
14081
20720
47030
31296
44326
15272
32791
46503
25042
42690
16233
18544
24090
24295
29496
21204
14049
32398
44431
18158
39756
19263
22730
25794
16411
25272
15445
17575
26776
19876
33005
20838
50925
16199
30664
40957
14646
42109
36780
36788
13983
24143
14632
34162
36393
30479
34281
20860
35964
18183
19045
15007
34189
16423
28775
45813
15182
22595
27569
34229
37305
14236
45259
46623
20968
50693
30004
38157
20102
29599
37058
16907
17588
32758
18875
23233
51749
23649
25525
38141
32343
46778
26316
44058
16404
29051
34337
26936
53189
32833
14324
19678
31137
13945
21922
30170
38190
18407
21707
17239
40506
16901
40666
41997
47870
16416
52511
23422
26289
13622
18713
28117
15416
15522
19869
23270
23573
20254
19156
22991
16656
27250
35260
36129
39611
48507
14780
37606
13665
31050
34944
37853
17155
18125
21728
14637
29561
35196
37591
40118
21340
32943
13968
35571
16030
46457
17044
29232
15922
23802
29673
20625
31253
15804
48027
31548
20082
31255
15916
18751
31160
37296
26618
41405
24129
31127
34838
48381
17706
24712
41434
14552
16873
46234
17347
40805
14952
43381
15585
18462
22250
38284
48986
20338
30454
17372
18625
15490
27419
35972
46053
16380
32168
15008
25937
46532
13736
13970
24846
28638
29134
18215
21405
53066
36756
42318
35190
16425
16463
22892
53502
26783
38427
19586
19706
24055
28408
31867
21076
52558
21668
40324
41842
45562
35004
49966
17568
33941
45473
24164
53148
16292
53186
17886
31191
22642
25922
47831
50793
20640
29661
15233
31846
45739
14912
14939
50018
14042
32479
37500
13725
17078
13691
17892
25570
43364
19639
24226
14452
15012
23659
15769
17680
13911
14994
53835
19899
47288
16038
17244
16778
21826
25019
19218
42901
17592
40434
15228
15823
23745
22630
37485
16696
40324
15173
18712
40028
15364
16233
20764
13981
21509
50705
32282
43169
30068
35606
15509
19978
49320
15150
31620
50338
14635
37494
29126
31245
19431
32663
14202
30871
14632
36143
14348
36473
38265
32344
37969
40961
48241
23568
35511
38449
41746
13727
19322
14613
17964
34793
35987
18769
27266
15790
18904
19057
42858
16123
19742
21473
30501
14144
14605
37985
14756
46945
16093
42231
14126
19226
15775
32277
41107
18963
51336
46728
14344
18280
17772
40201
22788
38873
46652
15674
24396
15951
28967
17441
49592
24029
28059
36356
20012
25508
14018
14108
21749
27851
49351
29342
43494
18775
22874
24930
15208
52556
16206
17526
16182
15571
44707
23212
24560
26575
14740
28487
37590
19667
22779
40589
44010
14347
14830
17826
14993
33215
42144
23852
44511
26008
34404
15174
22056
38201
14828
17362
24203
20545
41631
25265
40936
18640
24805
25116
24042
49750
49757
19626
34815
14444
28403
25910
52469
14733
46761
14130
16786
34286
34400
35825
17135
28880
15048
16887
26690
15212
16407
27688
14415
35009
39275
46242
51008
25638
41905
44339
25414
22167
17028
28340
44529
20423
50312
15974
30914
14603
16175
16336
14967
26584
39381
41775
17651
20802
19996
29569
19042
49093
38939
48888
39811
46916
15619
18119
25754
14118
14621
32782
38320
50841
39768
46079
14114
35463
35682
29239
43468
16870
15414
36925
39329
14385
16626
32952
23503
13827
48125
38193
53405
44150
45937
26436
27143
15776
17354
22586
20842
47406
16139
22676
48248
28604
45996
23787
32965
14391
15213
18753
19452
24828
43096
18773
15324
16214
24488
50908
15534
31526
14294
35121
53264
45693
18448
25696
31939
14925
52183
37750
42373
15113
35017
44068
25254
32191
44210
47828
42856
20574
21138
13982
36567
15707
49159
29635
50294
15352
19577
16003
28277
39836
50799
51465
15814
21327
23035
40271
45047
17865
30040
14841
16189
19154
18075
20127
27107
28497
40449
15296
16901
13928
17573
19701
20009
28422
15683
23805
40265
25918
28760
35659
41702
16861
15504
16561
31233
49838
15132
19835
49087
14865
25836
31012
17807
39397
26228
31784
18399
29622
52834
41578
49173
16257
21728
35093
33946
44069
53086
18213
19672
30564
27764
29828
20334
29992
43264
21635
48961
18305
21398
25767
49160
20802
51064
17565
19992
36171
17405
20269
29751
34146
13887
28109
22749
41200
14135
14792
30788
36812
15661
18964
44335
19132
24526
22269
32533
40631
15284
15241
20525
40996
18822
36720
15748
17661
47317
17109
38131
39215
43445
18638
23522
14172
33214
45350
22831
37575
14325
44197
50324
15865
17561
42142
17319
22123
47321
25998
18621
45164
20515
24070
21903
32859
24428
47710
46601
51204
53685
14769
30649
19408
20200
49210
22848
26522
26919
16784
19105
14253
44330
45976
38066
17123
49416
14289
19841
45187
22549
16756
26569
38575
18761
23454
45728
51080
15910
20024
33563
47906
14384
14547
36884
21215
17511
17116
19317
41526
19008
19919
25349
49543
17376
35798
39769
15470
21232
42346
18739
38077
17392
26240
44007
16381
37989
14896
21528
44060
19179
30350
32393
19439
32139
16412
37800
19150
20902
45296
13958
40809
21772
26879
30957
17510
19432
21148
27987
36637
47350
40853
13950
28245
16763
18069
52860
17458
34431
35912
13971
19409
52418
31163
15092
32518
39607
29352
31996
50988
14037
17927
50414
19574
34219
25934
31617
18167
29202
31951
19918
31020
15242
37332
43436
14976
19312
18979
27890
45185
47970
14425
17307
30852
14476
33787
50129
23918
39847
46514
17229
18033
17119
14263
14631
19716
24641
25523
25774
53555
42462
48232
50616
19615
29384
14085
21535
51911
16307
27437
49994
16025
17040
16810
24661
25742
16714
24965
25303
14884
15714
48187
39315
41765
21340
30687
20771
41046
14261
22285
31687
35803
22678
53552
24223
45679
17709
23067
28927
32636
14378
37373
43337
16251
32610
45885
33573
35592
32103
47929
15712
29132
36944
39364
52665
15097
41942
14469
24171
50092
15277
15763
29038
22075
36258
43897
38455
38788
16842
27106
27241
19647
50622
50582
18534
51705
14936
19349
34086
14282
34780
35429
20907
24525
20864
31040
18876
22625
14626
32861
36814
37344
15309
16582
29570
19060
21696
25028
52861
17412
20241
33386
15064
21067
50600
15381
43937
18782
20142
26924
20076
32575
19155
35080
44598
48602
15417
38754
15723
22578
46029
18002
52627
24585
36512
14950
50270
52991
44022
48370
41836
19380
22311
31972
31274
37852
26117
44772
18254
16101
24285
45385
20959
41181
14453
29703
34117
22004
53060
16891
27602
14424
26110
39913
15771
24850
42479
40113
30709
28767
39593
17279
25665
14054
15808
19033
17337
18158
25929
23505
25808
16528
16932
23387
30548
30767
39888
25906
50225
18471
19964
23545
40374
43094
43369
36735
26283
49096
41888
46818
17183
35958
30240
17235
39884
29567
38782
14205
27553
28042
14617
20680
26710
22168
19928
43813
15582
49559
36817
44796
21578
28154
30620
14319
31263
47995
30096
44495
14484
43743
36467
42198
49343
17765
19227
20199
30639
37112
30508
27566
41352
20833
34944
53295
22450
20728
34300
33055
14317
39474
20448
35643
29567
36131
14167
33549
35333
15049
37179
38595
29253
38009
14959
34415
29608
31291
37137
41656
15005
27911
30129
39368
49828
22035
35126
35606
52549
16259
23541
48620
17317
48937
17361
19363
26929
15446
16156
17940
24487
48857
43857
51765
15327
20626
37666
43888
15366
28945
41499
48048
21170
24352
14445
25142
42740
19378
47346
26648
27044
14937
15462
16518
17443
20169
18843
19129
33133
21499
25890
17923
25331
37185
19689
35080
39063
18027
15830
32715
37999
17084
20885
23801
17599
49582
32832
42638
50681
51721
18867
39679
14944
28219
23464
29632
17795
53603
37106
15662
37485
14721
18751
33752
34733
51140
28296
30466
25303
43642
18642
33363
34995
23089
38571
17362
25505
33278
15550
24799
30032
24887
40825
16992
22495
32540
39778
43800
14242
27089
14329
24105
24283
16470
17121
29332
15315
30754
30497
30657
24211
40731
39489
33447
23144
28257
22821
32947
15003
33185
19222
23324
37961
15454
46009
42296
45181
29540
35156
48760
26456
37099
21773
14311
38874
52508
45354
52818
17524
33314
28237
32801
14642
14820
36803
15762
20458
48430
18596
17063
15515
15408
24213
40731
16486
31376
14350
28817
44111
37042
38445
35426
37758
16438
18562
22375
26747
14998
38116
17934
18027
23260
24546
14272
15705
46629
29189
44064
14331
36602
38447
41127
45106
35153
38687
52257
14468
21480
25718
17424
17484
25677
23768
33301
49593
16899
19714
19755
33843
34069
15742
24282
41739
24009
33838
36063
24134
32634
14269
23676
35847
27320
50691
15346
22705
17041
29512
43765
14539
29719
35220
14916
14953
15435
14528
25829
31581
31934
50548
26274
27614
43016
51661
32283
35961
31614
36894
15766
31221
53409
40815
42368
14269
47350
20277
20392
46967
14928
42431
14479
26471
16258
22935
16184
22080
24509
30777
50132
15379
24039
28691
22660
46284
16090
18772
44183
19904
24776
14587
33016
15639
37412
37466
29430
42139
38257
16215
34444
34473
24082
30612
39487
43862
50474
41477
41703
26448
47943
50752
14638
20930
25868
16816
27838
28114
15768
22517
46468
24328
37543
15404
35126
20341
26459
42322
14422
42247
30942
41665
14860
23224
49880
42695
49287
20797
27888
30982
18950
22426
23687
28463
40353
18845
30771
16533
17916
20948
47053
23277
51612
36090
14888
30176
39577
14320
14591
39645
43609
14655
33756
17704
24853
14447
45615
19036
25044
26271
43395
16609
20770
15460
26895
29893
35575
31363
40652
22291
32315
29345
31182
17342
18068
21346
15605
34789
14404
32944
35241
35649
18797
19881
22351
26043
41036
25196
44505
20919
22032
29858
14533
36807
41787
15310
22062
40788
16067
28996
16496
24344
43575
27415
35312
14898
27637
23116
23436
25495
16204
41276
26897
42205
45260
48716
17452
24738
46811
38807
14497
14721
26125
52868
24074
47879
43229
45561
24748
45505
20438
20919
26527
14719
23415
25501
19830
32148
47656
49861
15595
31740
16709
19587
31416
48935
52033
14980
37715
38689
29478
38399
31494
35992
16664
42938
49252
24993
29619
15403
21424
23681
40821
42976
15426
17309
52791
48305
14631
15067
50037
51814
47392
51024
53624
53894
41605
43003
19206
31985
20750
27916
48459
38395
23552
37105
45044
49877
21593
39376
16613
35417
30707
28679
51214
17961
28741
14342
26324
47133
14620
24544
30666
34665
38614
14341
18566
33459
21664
42262
23286
49548
32430
33773
16243
29375
18064
41733
14346
14669
35991
16036
43032
26085
27716
20282
22427
25757
29222
32012
15329
17260
17370
15821
50972
22570
51417
46799
34985
35061
41017
39289
52334
28468
38004
16882
30591
15186
33455
15647
19456
50911
17107
28783
28976
40728
48576
23216
33043
47197
47303
25664
35594
41911
19301
52843
19054
21428
32396
16187
19885
40229
20527
23831
40633
21255
24594
14379
17946
22145
16481
17978
14611
26724
44250
44647
20896
20298
35331
15861
17679
41244
19535
22621
49984
24490
39081
14929
15924
43844
46814
48658
44234
15288
16194
25378
23875
44923
37194
38022
17321
51262
17202
26226
47023
40733
34810
41170
19594
48491
14514
29395
25564
26035
16391
15154
34235
48804
14834
37831
38951
14544
27667
33581
23345
45569
15943
22268
44111
53691
15600
24675
31559
20777
22144
45903
18254
19679
27116
23972
49901
18386
20531
27659
24001
27662
15093
21197
45516
29739
35022
19753
33576
24286
24670
25008
25247
14971
15339
36556
23666
32950
36839
42892
19575
49191
32686
36683
16797
29534
17487
32437
40376
47722
27998
46007
40814
46707
37291
46444
19229
49630
14553
33602
53452
16486
22895
17185
48236
23578
51115
18038
18991
35946
17391
36344
17136
44214
14866
16654
50524
22587
35726
28634
30925
15740
42296
30663
34820
14531
24480
26378
25490
30299
15967
16377
31693
21766
18126
38033
41072
50128
14953
15615
49079
21864
52855
21035
29365
19987
26499
14808
31711
38983
15778
17956
31874
17540
24341
15695
24334
39049
29457
16827
26731
43786
15717
23848
33494
24678
45220
14902
15145
27049
19649
52994
30830
46655
47545
28038
47071
21044
24636
31042
29792
40554
43792
44564
18755
19774
23214
34828
14727
29910
37323
28017
29811
17479
16281
17348
39365
42138
17127
17143
25371
24181
39539
16646
25214
15603
19367
34317
14797
24222
38488
16529
23749
50196
31311
38638
28397
47332
15445
20378
38695
51492
25401
31701
17177
18085
38682
17579
19494
33894
22461
33150
53456
32030
49294
15485
23102
52050
32418
39858
17100
47060
14899
15222
52218
22651
39253
15994
29115
38948
15744
17367
38766
15320
18205
34906
50374
16076
33621
33948
24427
26072
15103
49535
52259
41332
52115
14931
15591
22468
16232
19313
41073
31375
44304
14580
17033
36067
49003
37528
24528
35940
27804
36061
15478
35644
24006
50950
21354
28343
19362
27363
33835
30556
51239
15043
36794
42764
51607
16624
26572
29659
32299
44143
15306
34526
52073
14563
46536
15405
15525
37329
42463
47643
26255
44285
17580
39560
30057
20453
38525
33016
17860
28508
30825
27810
21049
14938
24663
36822
14687
21299
29126
37838
50606
42602
15450
17301
17008
30270
47763
15853
27362
29589
39683
39131
42658
15326
43322
20290
44621
31159
39987
14676
37339
41397
42629
46953
22315
36530
18659
22266
16104
20939
25300
16095
21465
51621
22229
30358
15292
16452
53870
32162
32743
14826
49357
15019
20169
21878
31424
19461
25166
28701
48099
18426
19469
44537
42639
46941
48565
15244
47347
50550
51268
15508
48016
37903
49684
17020
31277
32508
48568
39673
42762
14647
34864
46950
14744
25533
42457
26728
52820
15122
21113
51472
43510
44697
21800
30129
15949
44535
42187
43246
17802
53834
18755
24461
15054
25673
31469
17873
26574
29565
15864
29596
15593
14992
21627
22857
43450
14817
31285
47993
17935
24376
50785
15654
22328
43042
18035
19384
20170
22098
30310
51875
47743
15735
24885
15698
26415
49305
15437
22357
32827
38072
16229
27822
21884
36864
37013
49501
41301
43440
17956
23985
29944
14682
34452
36931
20070
21621
21938
32886
42666
15330
33692
50354
21909
24752
33176
16075
32297
27519
47443
45222
17024
17763
18443
15451
26763
48244
33252
15265
25230
50572
18949
23112
24593
37238
18693
18823
37112
15305
17037
17592
15835
39927
17377
31094
42831
14645
28993
36597
29408
17490
27735
25205
33776
34436
23593
38279
18652
20771
39360
46724
31406
49343
15457
38678
17380
27887
15465
17062
24219
33955
18642
39376
17868
20103
51130
14948
18707
20697
46930
15406
35203
26277
26522
16751
21037
32090
16294
18461
15169
21500
43209
15663
21024
27131
42616
15809
31318
26909
39830
42398
21895
41836
16552
19259
31045
15172
18393
20153
49709
26652
19578
27238
16742
49943
37796
49493
37321
37866
18374
43351
17031
18212
28763
16761
27546
16166
39913
18301
50111
18103
26233
30176
14924
45687
14852
40294
27574
53357
27525
15618
23602
38164
15094
15342
30715
15822
27275
48612
18430
28374
29692
18326
36453
42144
25570
14908
32046
49754
15871
30832
15424
18863
38829
20178
25355
25389
21136
35335
26766
16417
31395
20290
31644
16085
27753
47344
15881
52155
16053
16286
21989
16737
17078
19749
16762
14930
21697
42466
25439
45733
14844
18975
26709
23544
39420
32806
28511
18073
22078
27562
39456
41102
53173
16709
26196
46650
43587
53870
38408
42062
14824
26258
51128
16360
31700
35887
35415
50545
14797
19021
35036
45884
14736
29500
30562
22213
23335
26739
45720
14741
37073
43607
44733
19508
41075
25419
45179
19818
52248
37143
16256
40572
15203
39851
19073
39518
47325
48383
16780
38837
16952
22854
52066
34379
40539
31632
48007
34813
15471
17957
18813
17794
32739
15137
19842
33691
23991
25566
19567
28816
41414
44802
45099
19737
25069
18734
50558
14985
32607
50874
38067
36308
53684
18728
27190
38604
29718
51263
27601
47050
16712
52610
18475
18743
43946
34557
16087
40545
44583
16385
25475
40949
28723
46997
18109
21764
30681
40928
48847
16025
20865
36480
41352
33988
52636
17073
20294
28520
27551
53258
19157
25672
29841
24501
42905
23703
43717
15992
22720
50899
16707
25007
46651
29310
33877
17069
20666
33717
22232
31315
32475
17027
29804
16768
33354
52154
46841
48266
21244
37406
22809
18017
24505
49092
15532
27512
40394
16858
19932
25204
32023
37798
15358
33610
34167
15221
35171
16113
19597
31363
16994
21652
22663
15569
23115
47968
19629
22764
19401
36718
16265
28399
31724
19863
20130
18540
33607
14920
30774
33093
41136
49123
15646
22941
24724
15152
36218
17597
26477
52357
29727
38789
15432
17652
20703
16208
19743
25509
18721
26061
22301
48534
17591
20304
21731
43131
53905
51258
15546
35002
19501
18104
18545
52830
18074
27476
14836
34372
37413
16883
26498
33531
31213
51808
15398
26169
43610
34524
42306
44468
15538
28803
30639
21440
21735
23139
20528
22938
50656
25461
26662
35522
16016
25752
45222
22618
17717
28656
28841
16684
43422
15263
21491
22580
15344
23478
32311
41097
16793
45048
28880
20707
33715
20853
52924
33997
36859
24904
31860
26062
43505
16468
17320
43889
36066
43807
32274
50871
14867
17648
19532
30307
52474
16491
17493
21381
36545
52692
20390
38837
15219
21237
17093
46270
21080
27902
30602
15944
29895
45818
31222
38866
15378
17140
36627
21042
26654
17046
26166
30688
40640
51003
26699
34178
18004
38794
48888
29956
17806
29979
51637
17356
21598
40931
22198
31653
15089
20512
14895
45910
34505
38219
34422
47149
27045
48804
37093
38088
15736
42154
21803
44903
15361
17174
29104
42453
50086
41250
51977
16330
20097
32501
53411
22417
32235
19386
48469
18309
50618
24968
44500
15163
17367
34308
46250
25307
42800
16166
25238
39890
52816
47965
26616
39219
22167
25380
32276
41691
18752
19088
28079
16941
24382
53729
33604
52166
18512
46348
33226
53701
19909
33059
36782
32945
50411
19978
48539
15009
17229
37521
33796
40610
16705
33304
41164
20812
43134
43432
15685
19888
16999
27560
16399
21074
25804
17545
24932
48048
17687
26559
29150
40488
24882
43245
16730
16411
17043
29149
16316
26132
29098
17755
23771
18601
24467
33403
38319
30863
21452
46902
32601
15630
18263
27896
49591
14944
26818
41609
16649
18898
38388
20009
20253
15468
15470
27720
33360
26999
30545
49422
51788
24013
42397
21768
41497
51146
53135
16352
40630
18619
29853
15662
27155
29263
45796
47009
42425
49946
28689
26759
48337
37742
39163
42969
45619
40935
46826
33936
17090
50888
51194
21224
33413
49798
15650
51950
36665
15276
21436
30817
47735
16237
17757
45439
29034
36872
24711
45709
16431
41968
16762
36400
49516
15180
38096
39878
16179
20272
18123
30367
16531
25518
29526
30682
46916
21074
44134
38212
47936
15798
18672
26892
37056
28769
34609
17175
38750
43583
15907
37257
43135
15968
18551
17721
21299
32413
53149
33710
38875
21832
38160
16760
16874
15557
43788
15721
32014
47547
15351
22490
36759
16091
21207
23380
16097
30120
35004
36436
28454
47141
15152
16757
16925
42117
16413
17548
31856
36782
35596
16500
40219
41471
16361
35022
42240
19616
25605
37536
49168
16681
26303
27053
49229
15022
25778
52274
15725
19554
41016
20310
46747
38190
39824
18381
21950
38927
15684
28859
51970
28063
40847
40402
37275
44024
15031
18628
21918
15157
21683
36579
31712
19011
52390
27713
15036
18961
23227
31204
41003
20050
34969
19934
24799
39336
17219
29786
36090
18168
16703
27593
45096
31699
48607
23818
29498
16554
18897
16165
21318
45363
18997
32557
21382
34421
30983
36848
44385
15960
15268
16305
45022
27025
36044
38215
34712
39113
25661
50276
18739
19291
46799
53265
40195
41808
43215
30046
33074
16368
39834
50895
27350
31681
50423
23978
34533
16403
23375
18691
40978
16463
28635
19389
24450
48148
17186
35031
15852
18637
21584
26421
15441
35917
19123
22181
41488
15287
29784
43596
46154
20287
36271
17676
29355
32321
15098
37408
45127
15082
23998
48940
31193
42634
34127
35808
45225
50012
15863
32157
37590
26194
42074
45854
52351
22222
23853
34638
28640
32519
38308
48823
16807
40054
30952
49299
22623
24682
20608
18711
33940
26887
21230
43175
18312
20951
36785
44240
43345
15566
44412
44657
15243
30082
41745
17180
49534
19694
52096
18892
20430
50782
37290
15438
16785
26819
26129
40159
21376
22602
17174
23792
36626
31112
45398
15583
36892
44953
19597
15278
38811
15128
17195
31217
15352
21456
43717
18473
42666
16671
21640
47617
21510
51877
23193
17247
45576
37846
41715
28915
42283
29282
50363
17159
28819
45508
16365
47507
26242
30315
34987
15841
34857
47718
17874
49688
33593
48180
16665
44700
46656
18166
35233
48657
50559
15755
29727
40988
18179
36731
17175
36232
18362
36973
18279
21925
26941
15704
30356
33734
15252
17521
40573
19493
24290
18383
31343
42127
16539
20956
22364
23127
30741
15780
16392
27078
38082
47954
41589
50471
22237
20924
24324
22094
22221
41425
15158
41679
18238
38021
24065
41555
51617
16161
35566
38632
15555
20508
30465
24562
50733
23026
53096
19332
28780
29554
22046
26452
16687
35555
51224
21403
33721
42382
45483
48483
52027
16608
20517
25739
33376
25911
17016
36596
20874
22426
27012
23795
29702
37946
29153
28738
42486
25793
44392
27003
46744
26306
31196
34842
15395
25216
15185
36949
40700
15304
19356
39699
20793
27466
15335
43465
16322
21815
23642
32402
16105
32649
40196
16780
20183
49248
17142
27434
48242
29032
35527
16484
22472
50905
15236
23530
17064
32546
26163
17967
28304
51153
52144
16203
24478
36576
16851
22736
24229
47279
47976
19487
40313
22669
23013
17902
35095
15290
44050
19373
45446
16973
31979
15237
41670
37048
45503
16528
32533
22415
15636
16157
23571
49120
25858
51076
36938
47269
16614
17005
22636
24520
16682
26789
53029
16310
28911
31137
53894
26859
43150
34075
33946
42473
44541
33888
44949
30902
15388
38997
17973
23548
32825
44763
22256
29024
34004
51387
16875
27117
36818
45980
23458
33714
22868
26414
23257
28215
29335
27302
41329
20891
42231
41512
26428
18663
18897
20431
15348
15911
50852
24454
25757
26427
19192
28612
15254
25663
32732
39186
43021
16665
23342
27076
49521
15256
24579
46012
19249
22449
17739
25384
49496
31116
16281
21508
23640
33647
22411
37891
18121
29594
31079
16350
21848
24916
15578
19484
17486
23075
19358
19583
21961
18121
49265
25866
53540
32896
45348
20660
22917
18862
18901
49881
16013
51063
45929
15331
17894
22759
31763
16933
29715
40526
48334
49656
21263
33204
16223
29009
34222
42266
44315
18248
18479
22253
22491
16230
18505
29900
18503
23564
15374
21356
15332
30175
33872
17770
24554
17615
39953
36245
47842
20110
48535
22311
28833
21150
45405
23766
33951
18466
24712
35686
24278
44351
19230
21649
17846
22536
47502
17725
47364
24174
39678
23434
39382
25068
51847
32528
47069
16984
30747
31183
23489
47196
17498
19022
47078
23431
50573
17394
31445
37588
36340
23167
36955
50639
16022
47511
29415
36656
15800
16939
32363
46306
17151
34993
21607
15453
47934
44228
39254
19813
17518
45295
15945
32105
22761
27568
47862
19741
23900
16960
28397
19184
21775
20758
29055
26962
51502
31362
52523
17755
22363
34043
16645
21525
15815
15694
22069
43093
21254
25315
16185
31374
18087
23163
37871
29941
44985
17448
24034
44635
28446
48698
16024
24502
39789
34651
48039
28596
29699
21841
30295
25901
53457
25019
24502
33230
16248
29431
15867
16986
30783
42774
32451
43874
15556
40278
46991
25414
15567
35860
47830
17986
18929
20195
42150
51894
15526
39617
23427
19697
27385
48155
16153
20624
16627
16776
51784
35109
41956
15376
15703
29657
30693
38673
47838
25656
33808
38483
48144
17838
50892
31167
33580
23913
32119
21155
42963
20187
22392
40025
24004
24672
20250
25839
28535
41753
15551
25779
40529
16867
19887
20663
17980
15390
25169
28852
28849
37569
40606
41014
23434
39466
22242
37205
18321
35781
25383
16617
46770
48644
18661
21737
50052
29569
17171
20376
33350
27472
33279
42999
25480
29601
33440
39347
21202
41588
23244
26956
23647
47165
15772
24271
27756
31684
44828
19459
19805
24320
19588
25851
33228
34191
18384
19360
24875
44666
17854
38541
17784
38947
15559
32131
41788
23086
48929
48712
15737
23642
39447
23958
33237
16416
25460
43553
41409
18428
41520
21423
23696
31199
21480
47092
48194
53768
17277
24586
28145
16680
22120
39127
19598
27393
50272
16364
16897
19898
21222
24073
16070
42626
22668
26575
15440
43459
29525
50285
36127
21323
24945
26287
18685
21101
17259
30629
15943
17861
17696
21736
15976
38384
40227
20246
30297
17929
31835
18284
28714
42067
40015
50379
21334
18182
20247
29598
35832
37399
17836
23628
25394
33229
40339
44604
49457
41611
20794
28366
41092
28033
30941
39284
51915
16697
17241
31643
16991
37749
19343
16599
24327
32660
35547
18604
17427
39918
28742
42578
22482
32982
20538
23708
33425
17995
30259
31089
34346
37711
18294
38637
15851
16226
20148
18591
36578
48695
15576
32964
35699
17546
18324
45495
17650
35130
46877
26728
52823
16089
30970
49553
40941
47740
16768
46459
21922
26450
29042
31808
46762
21814
43841
18249
20592
35741
24450
19726
29717
44691
21157
23939
32975
16814
17039
22438
29399
15502
22878
37983
17738
16792
50977
18137
31378
22575
16719
32044
33495
23190
18525
36048
17513
22985
24709
38083
43944
34807
35284
18125
32461
20228
34505
25807
35350
43884
45098
18649
33860
49352
26746
15518
24767
46726
25857
27769
24865
45816
22469
36140
15803
16551
48384
19276
35006
22924
43273
34520
41524
44459
16274
46890
23646
42641
27393
37962
26985
17760
35936
38492
41139
22921
48428
19898
26211
15539
28123
44344
19019
20041
16592
36660
47561
17719
18359
31015
49222
19161
26694
24949
24069
28088
16354
16445
18646
17530
18987
26322
29178
20875
26294
45601
35642
31125
39192
46457
20245
30889
18193
38594
18924
19252
39311
22322
45249
19142
30528
24692
25262
26713
29640
35962
40116
46599
17153
25308
36023
39201
23445
25037
51825
21171
26603
32860
16536
21374
39824
29601
47686
16169
25990
19869
22901
28186
38125
41578
23472
24185
16845
17200
18306
19683
43979
23072
40702
23239
44376
18373
48304
49071
18284
51273
43866
21036
23294
17205
30051
34655
15827
17131
19210
29156
36662
38697
16435
17300
46177
20910
17497
35942
41782
18971
19671
20999
18467
19648
16644
21537
43732
32939
49104
30119
20988
22568
27318
16259
26314
18748
20295
23449
46759
50136
20998
48649
41683
45562
16668
18894
40816
26805
29264
31395
20209
31547
16813
41965
17150
23416
28476
15719
35386
53094
53654
21024
44930
15676
20911
24557
31550
32162
17509
39078
40647
19247
24868
35216
17778
42770
19044
39050
31140
51539
52651
32541
26138
31401
16516
16857
27561
28828
15624
46554
48137
16673
20721
45630
42374
38749
24018
34919
17570
24592
42666
16058
27499
45680
39259
35191
15634
43860
44280
26771
35340
18489
28979
43002
35763
19228
25047
20478
21512
29624
51981
49858
48711
34406
46169
19508
44247
20114
22661
17076
27531
33653
26123
43710
22221
24155
16395
26334
53781
40342
43758
16170
26001
29898
50334
19014
24578
20312
21680
43004
15711
45804
46412
34865
36349
49276
49405
20148
33582
17120
22026
49902
28568
20655
33321
17643
32781
33961
37753
42081
16427
21187
17417
24591
48710
16291
39881
49974
38938
45039
20466
23439
31769
38584
16605
33738
38711
40083
15935
37734
15955
20921
28879
16777
35967
47791
19338
46386
53203
19416
16067
19475
21314
34120
42889
16365
28231
16207
21839
26072
46340
49268
24117
41470
37663
20519
51141
48980
16929
25505
31065
40465
38734
39756
47839
50652
38895
49490
29021
52919
15901
40044
25701
34628
25175
35031
41429
22353
23309
45519
17892
17998
19369
17029
15934
34080
35125
28919
35749
17791
48885
16332
29868
27489
31925
21296
33161
50789
51216
15879
23462
31299
35987
49197
16909
36985
30642
40503
25969
45492
49381
36921
17375
37642
39952
29261
51266
47176
50442
35449
16578
26339
25915
27739
29197
38287
46531
23483
47509
24117
47885
24691
25052
16379
20879
38281
37772
19604
52131
20206
33529
44039
21148
42593
47756
43882
45219
19298
32837
50566
42675
49940
23926
28688
16762
20749
29860
21286
38466
27538
39004
20305
29368
37094
43218
52789
21656
23132
34424
20384
15843
38539
49395
17520
20551
25267
33964
19755
18914
21179
19250
20262
28652
16736
22346
38412
36376
45219
16611
23905
40887
20268
22010
44197
16440
48683
16470
46268
39229
27037
33728
22643
49401
21863
36685
22980
36423
43797
17847
24638
28477
21399
43638
29439
34400
16312
19350
45351
18641
19440
31238
15957
27502
21320
23846
32177
45673
15778
52781
31510
42560
23126
45873
50067
50679
21418
16659
40260
43836
51967
36552
22067
25777
35727
48040
17051
37148
41968
39926
41746
21537
28124
30501
46371
17173
22803
26232
25688
47965
35436
36795
15828
16990
34381
37585
48273
17560
20001
24488
29799
17366
41481
18919
22006
22244
34516
35307
22109
53338
43974
26014
52992
29432
29697
41459
48965
50346
51213
17665
35959
20692
52551
24589
40815
36680
44626
33598
37340
30337
44625
50399
53180
36239
18254
39417
40334
21797
23767
37819
20034
29728
17268
23764
32499
23537
25241
33522
16081
33515
16948
42404
16683
22806
30567
18131
22977
53206
16384
24877
38803
43468
47903
32885
16458
29209
17831
20443
25009
25866
53539
16674
19960
35408
45783
34737
47885
20494
21725
36051
24189
25078
16610
19391
44114
52344
20379
26910
39803
39641
25747
26207
16961
40024
47274
47272
22023
38602
33205
33878
26289
50744
35717
48269
28436
37308
18586
32711
20784
38588
20933
22168
38415
22323
25340
33600
23235
33038
22996
32203
38341
44710
33454
33582
19266
36783
30684
35145
27334
37113
21062
30352
41869
31110
15867
32465
41448
31317
32036
18746
31392
39222
37736
47918
21251
24416
19959
32501
35683
27989
40260
16967
30173
47952
18073
34167
48276
16439
36084
39934
40046
17859
18255
17150
23363
34765
17485
23954
36157
16916
33815
40558
49060
50148
16171
29157
44108
19911
34380
22602
28683
20768
26409
42673
23775
20011
26628
16204
17908
15966
17881
30181
35194
18864
27262
16279
19839
20632
18677
39653
19102
50804
16575
17449
25984
28428
45839
39655
52986
24691
29035
46769
52717
21551
43487
17418
27325
53584
19417
28551
16054
40501
50455
32330
42512
16576
18174
23352
40743
17024
42473
45467
17363
47239
52157
17245
41078
47470
18949
21990
23700
15948
36760
16175
25334
16816
52696
33811
46220
25744
30665
17278
17840
29884
32570
48853
20700
20834
21964
18025
37550
42710
16855
26583
19447
28864
20349
23122
15923
39022
43008
44063
48419
19774
25573
27136
26284
31252
44345
17210
36737
41167
22882
28499
40817
44837
18470
21093
53198
45819
53142
16923
25293
39909
18866
39777
17889
24959
17715
23258
41051
31764
37270
37923
45367
17599
47554
21096
25773
45470
20594
24491
33798
39976
20371
31232
42131
37970
42349
52688
41050
19250
45278
34176
37708
18727
19509
32547
48921
47203
16053
41066
23931
47850
16722
39363
25276
29582
17088
22057
51867
20757
23200
40579
49939
16833
20350
23764
23771
26631
20141
51697
31743
42548
17834
25276
30825
16269
16653
31819
17642
32320
50533
16945
34675
37641
16031
39626
44485
36421
44041
36358
45520
36176
40803
45867
38501
50433
29412
32797
17273
23604
18021
19719
48882
16487
20510
51634
33625
40345
17118
32023
21184
26340
36152
30602
37567
22577
38049
40363
16779
17871
16012
16679
50904
21238
32210
17982
23468
26894
38903
46962
16633
40903
34727
43721
17463
26200
52739
16845
43326
47626
31860
50695
18726
21191
35320
24859
35496
18813
21087
40390
18327
34636
16708
25173
18201
36043
16560
23353
39715
18814
28288
40614
43509
24625
37082
37676
44462
29369
52771
27510
45056
17274
18993
25797
38839
16327
16908
17181
22082
25569
17586
36006
37518
31069
31205
41346
23405
40455
20400
22019
19063
24714
25939
29677
36002
18633
16207
35517
17010
43223
17527
17943
28797
23705
33090
17926
33781
17422
17704
18643
19225
27813
20338
17943
23382
42524
45310
44186
52230
20075
30032
36006
49633
35597
39713
18690
39717
21167
21860
42749
42177
50142
16448
48754
16825
16046
26484
28737
20266
29600
18911
33937
47602
51339
17378
19409
20969
23955
16126
27572
29879
33492
19422
26082
48078
16374
25645
27937
18613
20115
24477
18546
29518
32972
16888
42100
17060
39965
45154
25497
19190
38477
39821
53506
18469
33912
36792
22839
18425
18907
27639
33142
53146
23627
35068
18833
18866
40966
16643
19603
32495
45203
46552
50666
27977
49394
25086
20419
20964
27356
22271
22435
35309
16815
22545
17609
31331
17614
18075
23424
26173
29162
33729
37121
16346
32611
18180
21965
31920
44947
16083
42086
16985
25131
43593
17136
44191
19126
29693
41924
47127
17047
34587
42671
43092
40244
46083
26007
50508
37190
32229
18091
20327
20498
20891
24255
32635
53421
27480
33214
33913
40953
17363
34705
27656
32289
17009
17613
30827
18575
41453
30730
36996
16693
30277
41472
26837
44519
33660
42513
16252
37397
34867
17489
17561
31382
19185
24091
18413
44740
24092
52587
44729
52716
33963
35846
24883
34280
18785
16880
25736
26565
19949
42490
20256
28416
51384
25880
26108
44249
16905
52040
16127
30012
17567
35650
17752
33880
39367
39756
28445
39340
26046
23539
18261
41853
49511
50226
16607
19618
35128
18713
20581
22155
21777
37540
22148
26453
30560
33702
17891
27029
50283
17238
17333
27715
50635
52451
17389
35147
17211
27492
39786
17251
18406
27052
18380
20617
42120
43858
49418
16228
26807
33363
16930
27226
34225
29190
35730
22439
25569
28726
18504
21199
22045
16881
19107
25907
18191
25725
20620
30530
16406
27304
46121
30629
37801
46711
17896
38119
33026
45696
16520
28015
42878
42516
23731
41640
17809
26443
42965
46529
41562
46092
16797
22247
40441
41042
43066
39781
46953
19534
27770
40912
32458
44168
18677
23599
27409
17777
31100
17969
28681
22115
38292
16260
46485
16767
29564
35424
17845
41384
21078
21575
28057
44966
34118
16275
29022
31635
23648
39087
19913
26698
28082
53049
17065
36315
51704
40358
49401
23433
30527
19756
25223
33749
24554
17926
21416
25284
16863
20705
27656
16931
29499
16831
20916
49941
30062
30383
30493
36698
26184
21555
16502
28011
30802
36498
24427
20729
29194
39781
42722
18799
35324
45313
28699
48229
17690
21782
31809
25317
32276
26665
53673
16222
17842
20825
16928
26267
41865
25526
41811
18224
23024
24087
43850
47568
26213
26365
19300
37768
18998
44612
16615
48302
24047
43498
19469
24975
18350
46513
31848
44050
17275
24331
26944
33401
52139
23150
26905
42510
17750
34916
25655
48313
21208
16884
18660
16240
36418
37570
25026
17183
21448
20240
21305
36638
25440
45226
42942
52050
17918
19131
30143
34186
35521
52693
18190
23773
16678
51148
18010
29047
30430
17245
28826
16558
38297
17503
33550
39315
28776
36728
18203
23532
31692
16527
18502
17620
42046
41041
48434
36170
29474
17221
36621
32341
46083
27370
39878
27313
42023
31537
28781
30979
21708
47054
38737
41333
25064
17034
33941
16479
18361
21933
20326
33637
18352
25552
27001
35233
30041
23820
25119
52275
53723
20090
23892
19760
27808
19502
34900
44315
20545
30735
20276
44524
17988
22558
46381
19251
20649
18239
26868
42697
30569
36287
43425
30102
33023
32516
40191
18999
48198
21618
47020
49319
23487
33341
41513
17628
33819
19144
30827
41386
42668
17019
27861
18853
33271
16467
18961
30131
30407
37394
17168
18615
24477
21694
47681
22932
37700
23556
24869
16441
22185
32366
40925
20001
49060
34335
20473
38669
30889
38507
18292
27920
21516
24401
21795
47893
23792
27057
50728
16664
27119
48370
33294
17208
29945
20025
21002
29392
46178
28245
25234
51933
29020
43421
37067
39721
18530
31306
33283
28680
38193
19086
33590
21177
35656
21474
25386
44416
18947
21277
38887
51674
17249
41511
18065
42664
20452
20852
22021
28494
36809
21865
52527
17353
30295
47884
17669
35389
37048
23271
33258
17137
51151
26242
34016
49105
25361
35567
28403
18009
22273
52489
29732
42449
22411
29510
29388
20672
22102
39660
18890
28934
29018
23909
24081
24237
20368
35966
39027
29974
24021
24165
49131
41788
47085
17816
42402
22725
33221
34157
19909
22897
49737
26881
45277
44477
48955
16546
35700
43508
17475
18758
22446
32376
17771
33662
18071
19677
23359
26600
22218
26206
27630
18129
19434
21374
31985
17120
47530
22743
23573
41937
30585
38950
28116
35480
25158
42984
45948
24567
40487
17103
24879
37224
16616
27547
38258
40325
46466
29543
31746
16393
21067
35808
30594
48350
17894
18161
17695
40638
40940
35468
52597
42871
46266
17130
20489
33268
20903
25842
19093
19336
20014
24345
41665
36889
38095
18264
28958
32445
42885
40631
16542
21344
47187
18674
28805
35491
18098
31590
48203
16420
19176
32350
37768
49944
21601
16421
30578
29494
46605
28663
46781
16900
34776
37745
24831
43733
18414
45786
42379
43427
27881
48883
40009
46917
17051
16969
22429
32840
18308
34915
40327
23992
43210
20485
18303
23837
26791
16861
17969
18303
40557
28099
42695
18215
49872
47931
43746
51581
17139
44591
46825
40694
50821
36106
40606
17571
35448
16920
19559
45195
25335
52917
32142
50690
18209
39926
17594
44776
25982
38608
41811
20785
36618
39053
26349
41626
18917
44396
16586
19040
32101
27500
38979
21701
26639
17798
20322
41707
21894
41521
17277
31430
41943
21539
36500
16739
18931
18100
22271
20340
26754
34596
20654
24679
26036
51392
16475
17315
18116
17314
18020
24059
24556
51851
18263
37061
40298
18387
25634
33199
22357
25560
42732
19187
28946
29095
18045
41743
46704
18424
36629
23631
35337
19946
27009
16501
24795
32210
16636
30214
49433
41620
20789
27417
34573
18281
29790
43747
20567
31568
52700
18403
24268
35036
42557
20551
23851
21088
16918
40784
42138
18118
36510
24484
52182
35602
20394
30618
38194
39081
20083
22820
16872
43627
29763
31185
18742
36933
28060
49570
17744
37944
47451
28339
40267
18150
34093
41398
24193
25268
18774
35549
35923
17839
23191
35875
21521
27338
18366
19640
49412
18416
21137
18622
31654
45740
41651
45637
20477
21021
29592
18009
21269
22933
24000
22233
28184
38398
20278
38332
19664
42871
43444
44036
46411
17681
35593
38373
25167
32566
21185
38840
40153
28735
42266
36934
41777
16631
21825
34943
38190
43713
52881
18565
27496
16721
36126
51836
37642
41372
21553
33458
16813
25271
38869
20696
23351
44307
16894
24652
48808
21260
41615
18741
51403
20218
33370
23467
27377
39072
45714
20564
19453
22468
35541
17848
40370
19908
23005
49426
16566
37673
43163
31192
38728
45841
36450
51636
28678
39719
21636
44176
45134
45404
38840
47825
17896
36320
40330
34664
38543
27236
41324
18897
22840
25485
28476
17258
25789
46345
38390
40518
19204
27849
48386
16728
16730
21725
20252
32360
17653
25132
25499
17642
23089
51021
36052
16580
24447
34575
37610
39026
26056
29045
22504
36594
39747
16660
29863
16588
26619
17036
20057
19770
34369
43201
17863
20870
22379
37655
19001
31661
18113
20585
44431
23685
42034
17792
19423
22115
20914
25703
23116
29409
16730
32917
37259
48536
16980
33798
37463
37451
32752
42686
22588
26784
33984
25508
20652
47851
17339
29916
49958
21389
32993
16829
25080
27806
17276
49099
36753
43943
21401
44324
23743
51410
49535
52243
18393
39024
19664
19337
48205
22092
39863
40248
21063
32208
20657
39201
49282
16986
41348
25841
47868
24126
24731
30872
23841
25301
51957
17843
28095
25536
40489
18222
38804
23181
23863
25116
21493
30670
17853
21595
40148
21462
16850
28969
40459
34710
19853
30755
48184
25848
29343
47442
20257
21442
16642
25545
20544
41179
31154
50227
21111
40621
20314
50417
36592
37650
19056
33673
25308
25908
19365
20228
42866
17824
17982
45016
22240
39920
22038
24559
30958
25220
25239
50815
17634
34523
24675
36250
18876
20779
17929
27089
16972
20327
22974
16729
27279
33640
38788
43980
26888
46094
18853
17034
50772
18446
26267
16670
29278
18607
19740
34494
27439
42360
18491
30921
45368
17849
20637
22642
28317
24550
24883
40655
42507
18367
27742
45572
20783
30571
38003
21396
27978
34718
50227
48329
23053
27162
38137
42291
16848
28957
18063
30115
41507
24107
29309
31058
43635
23848
49646
28766
17014
40045
42211
18715
31076
48028
18364
39425
33008
32428
51988
21612
27430
33545
18927
21668
23511
23581
18411
22502
40726
38853
45865
47504
52903
26277
26919
16727
20356
22188
43539
49902
23909
27012
27134
25288
53502
37729
31531
40940
28630
52238
30866
39413
28947
33917
21622
18896
28895
33757
26120
38119
29918
19109
25262
31793
34608
35818
47349
17694
25996
47460
17102
35056
36874
18525
32414
21513
43815
24192
34327
31066
17089
30181
31086
36084
42695
18041
32658
33646
16929
38156
40227
53290
28663
30507
17316
45773
48393
16775
22606
18706
38277
40589
35359
41028
39899
43759
20525
24020
28310
27452
32937
16749
25379
17068
34841
41497
16750
34681
38713
17058
45095
49585
23707
20940
23904
21223
29763
17359
32376
47434
19466
20401
28162
23546
23960
27801
38748
44688
42428
23260
24846
30812
32340
36940
28066
41182
34538
20460
38380
20435
38585
24879
50644
16978
34814
45033
17021
51195
19200
48830
32899
46487
31466
35803
21749
33089
16841
17075
53555
21366
25861
28571
29218
28829
45481
50838
30113
35477
23461
28770
18388
37122
46502
24522
27834
33884
36375
19891
21783
48543
24618
35360
18465
40827
34901
43333
21852
25966
34611
17335
18181
16947
25606
49719
40378
49353
26668
53496
17852
33868
43231
32211
48412
17835
33275
33497
45995
20926
23119
18925
23644
26992
17112
34361
23787
26739
23491
47890
26111
34532
18192
34934
17349
22886
23527
17145
42181
45442
26965
43589
17599
42830
45955
40917
41650
18290
19859
20669
20396
22611
23613
37961
18159
20236
41220
42389
16844
29656
27971
42512
21164
23143
51714
27697
35814
33158
47934
17159
35477
49785
33513
43627
18266
28970
51113
18292
22213
19948
28978
29150
43844
18278
29847
53779
27995
45747
25766
22515
53269
17253
36981
49076
17540
48043
20822
36102
34145
38416
29189
38125
40010
23311
49937
43285
52453
17911
27938
21130
21523
43128
41943
52427
34525
37839
28741
43742
18177
18592
21638
23057
18216
21929
27598
16998
53108
21756
23713
32652
44490
19145
22706
44581
25155
47839
17529
49473
22723
39846
34826
21722
36230
30238
39653
24664
43317
40979
46039
28173
41419
18636
42771
26253
45805
41974
44060
18564
19136
20242
21496
25285
28030
18819
33091
51391
24861
25651
29163
33251
17872
30744
23234
46197
20454
52515
17854
17754
33508
35643
19724
35718
24351
31205
41860
17388
23300
25244
50418
20543
28045
50939
52960
25898
45852
18228
27459
44723
44796
23227
33262
17539
17924
37043
40217
22950
48019
20211
35415
16897
40210
51294
17233
33357
19317
51620
35867
17031
27234
46935
24418
39730
40096
17530
32271
44842
37161
38430
18502
31786
28242
34618
43916
17841
30598
40135
22408
23246
35989
21055
24284
19680
22371
35799
17280
51026
22424
22634
53553
40058
19411
52464
44977
45147
20702
22932
30888
24829
50823
19277
37666
17738
25824
31971
39001
27181
50068
25660
38496
19464
19582
23810
25987
41224
29253
33278
31602
29834
19542
31565
46664
18354
22263
32232
24446
27827
44457
18605
28678
16960
32040
40363
19797
28152
43890
22608
45312
17207
37712
44754
49309
46126
49584
21239
46682
21460
24092
30319
43404
51591
19100
25383
45955
23096
47322
20718
53469
23051
38251
17554
41339
17633
18076
47386
18631
52100
24431
28809
19141
22842
30809
51436
19198
25202
19505
48268
20508
21207
35321
18782
38175
30665
50465
19104
30716
41763
22300
35361
43221
20159
35275
38867
24513
30458
28901
22290
42888
28399
34953
50427
19247
33218
48285
49021
35959
19782
22308
21201
25161
45353
35211
40133
18450
32527
48165
18400
26640
27851
25299
33300
49168
21343
22624
52041
19061
19206
32395
37117
51614
20081
34263
22876
18423
43403
21876
24061
50153
16995
25221
52889
28291
17746
43039
20082
19796
28722
36001
21576
52252
50515
36946
49110
23163
33493
17189
37059
48789
17757
17796
19028
24955
22450
28008
41037
34188
34492
34942
42938
19120
19140
19328
38060
18620
40127
18227
29977
17349
19506
48696
50198
43925
46148
22136
25664
35394
19575
50456
43705
51169
17381
30287
50085
18916
23569
20995
31354
38849
18833
22431
37609
26009
34329
49097
51107
34833
17622
36983
52502
34263
42418
18589
44996
47685
20175
26977
27732
30260
43035
44501
50901
38572
19709
39410
30375
32236
22424
20712
26665
27066
20404
44082
20784
36608
26961
20500
18288
21506
34269
37491
17557
36866
37006
17625
17902
28501
39467
19577
28605
24408
29341
34258
35363
19248
34416
53722
20505
30156
18312
26190
39701
18750
18951
29239
20401
35169
36969
20539
38800
18577
27714
32104
46120
31448
42356
26419
49912
30934
17286
17471
31513
21690
19464
49684
17167
26694
44995
44867
51764
18470
25886
50202
21833
28430
37115
21906
23272
51198
21536
17711
18016
17863
43810
18770
23080
48949
19999
17855
38181
17081
41720
41721
23686
35798
40645
41975
19221
21680
45951
17235
18416
44574
17157
18438
30422
36919
30777
49712
33859
43181
23914
51252
39202
23218
24376
18078
30202
49742
21217
29843
32555
45660
19483
33847
37645
43342
17532
22251
30185
50962
40232
34175
35456
50273
30160
39246
17537
42487
44171
18732
23417
17936
40540
21592
23217
41478
47402
52171
18960
29400
17716
35020
30818
33988
21758
34039
18022
19991
27943
27139
49628
18834
25374
44208
29822
38605
20969
35810
29540
17559
27816
17215
26877
51117
32764
21027
22778
18034
31425
39496
26783
47152
17507
31832
17406
26587
36271
27225
50355
27149
27294
26725
47281
32186
43905
46793
36677
30752
23148
47252
27004
19523
21514
29168
49454
25281
20414
28348
34077
28100
17160
24267
47323
19551
27880
18084
34097
43515
41873
45437
46257
17572
41433
21322
46013
17979
28357
24139
26044
31673
25004
31021
18730
33438
28138
36697
47819
18480
47644
21240
28746
30478
17165
20182
24707
17789
19567
31197
17303
37210
19991
48253
19309
26022
32024
41291
43884
33469
50107
21018
38187
23376
24451
37186
44282
19729
25793
43018
46836
19227
20098
41260
26740
32415
17179
49323
50107
22908
32748
24701
32999
17183
27189
49652
50378
25444
41659
18065
41429
17191
35818
40371
21011
21117
26615
35067
35287
35297
28967
40334
30541
49024
33725
39770
29697
37631
40479
33514
34446
17692
21639
47148
17516
51157
17466
39747
43820
33017
33300
32919
47340
30400
39558
50476
30388
36524
20699
39775
26481
35350
19593
27110
22329
33873
35611
21942
34414
44589
45005
28774
41777
30292
30880
24413
36012
27000
53001
18214
27624
29208
19076
19894
22858
34060
23765
41847
22130
33091
29618
21747
25502
40882
41994
24346
52695
34945
49545
24572
51303
34998
30837
43726
17552
19006
39846
17461
24492
19151
28858
46069
38875
53501
17242
26708
33247
18772
52887
28203
26529
31031
21114
36724
30628
43334
22792
32640
19240
19853
22047
18292
39010
26318
23386
25970
29943
30146
19923
26227
34683
35433
44132
18623
27758
37546
48488
33704
44902
37554
44041
42383
45136
30214
52236
21748
27788
20535
23149
18661
27617
37654
18258
22201
18639
19600
49925
43019
50633
29217
52110
17591
30253
17390
34984
41993
18729
21077
40532
20727
40111
43210
47334
17350
26405
46342
47012
30028
33147
40031
49483
22176
32013
49799
24151
46136
32309
34725
34562
18989
34750
25225
30418
29559
33796
38131
51160
49400
52775
23372
50132
46985
49293
19641
31222
34448
19600
19916
35185
19755
19829
26820
49692
23394
28923
30741
50917
22029
35478
22724
50225
17625
18516
31046
17868
20674
51463
19716
19939
22082
17305
19800
23286
17382
29024
17813
18769
33107
49249
18810
35848
38046
17311
40266
24938
32785
29862
17977
19133
42828
30901
32982
18978
23190
37588
17322
42620
47990
25584
44987
25683
25687
26552
26544
19199
37669
49783
27533
46646
29160
31614
48433
50571
45972
18107
31212
20045
25011
42481
30572
37428
26802
20720
50095
18258
25472
17933
19403
17774
39535
18687
23010
33389
46168
28083
52747
18481
30498
19243
30174
26828
31043
18872
25967
40755
25631
26716
34431
38014
53145
19934
25404
28047
21139
51017
25826
26427
32359
21729
24187
33417
23181
23592
37162
41710
49123
22018
22170
46542
21365
46196
17388
19366
49830
18678
20618
32756
37698
40275
18198
18492
30402
20010
43772
44037
19913
18050
20773
38434
38729
35801
20144
36760
17419
21109
48333
21362
24038
42477
47619
23642
19656
21991
38970
21020
31610
41372
41983
45576
25642
37865
34203
40278
31942
36391
42360
45217
35839
44355
19593
19834
29451
17972
35620
36424
17444
32250
44517
17825
33827
36194
20227
24415
33572
34422
33338
41103
45486
20481
47469
26014
43679
18885
26671
26269
38850
17724
23759
27478
30433
36510
23569
25930
18334
19245
40338
18375
23594
35051
17713
19467
25360
46393
17981
33187
40985
21602
21752
37391
22742
33561
25031
43571
32604
37752
20540
36534
44169
22690
41024
22861
35799
18756
29729
47780
24208
41764
17682
34867
37036
37659
48314
45083
45628
20750
18283
26528
52938
29312
46687
46286
50098
22110
27485
39794
18291
52596
39581
40216
45585
26757
43515
18465
32045
45534
17440
25280
18016
21071
49417
37025
18617
37730
38725
30953
35673
39982
22247
35306
22516
48525
25575
42517
21448
39143
39217
23188
49229
22961
25840
19158
30174
35882
18731
43252
52608
20617
27121
34459
21877
24669
24044
39830
34686
39765
27252
33483
20546
22633
17899
40659
18395
24293
28241
37246
51597
44210
48452
19126
31852
39636
17511
28242
40883
21420
23581
25042
51827
38117
40525
21153
24054
19508
22430
17512
32228
52175
52733
44711
19798
38331
19878
26442
33391
38819
45517
52211
27750
34155
18161
31125
53834
21108
40495
18554
28740
47147
17546
30483
41999
38284
48966
46091
23287
53375
20426
38199
40470
27563
30993
43950
18128
18963
48116
41544
46855
17487
47013
22230
41725
35473
24035
47628
17660
40112
48961
17878
50151
17822
34242
35597
19571
23076
25517
18598
28357
31562
45749
47061
23861
27335
27743
19329
19582
50121
29848
18089
22845
35404
21820
29356
28511
29502
20219
27279
19789
35202
37450
42500
17573
41314
47697
45647
46837
25896
50313
46722
18457
29603
35122
23408
38239
18107
18724
41980
53022
33015
18444
22356
19561
49170
36991
25888
25892
40144
20806
45707
29471
43956
18510
26602
30450
39095
46021
26220
31556
26332
42136
17875
43567
43930
26592
32628
33262
19224
33943
49218
35659
45956
17673
35290
32334
40451
29149
17754
44796
22189
32383
49873
53749
17948
19793
42515
44539
24172
20963
38462
47357
26203
44116
25385
27169
18175
36819
45250
47771
18575
31790
33631
18803
22195
41723
17980
18816
35579
21038
38324
18086
19840
29205
24344
50238
20456
46433
27506
18670
33791
23669
30211
19175
22303
33179
18241
20935
20272
29772
35353
18110
52885
20747
23868
47464
18226
36814
24775
42442
40012
19032
46327
50056
33822
52681
50027
19078
26128
35465
43735
51320
26969
45276
35654
29575
33782
17710
25312
43738
18777
19114
19068
31207
24850
27695
43416
20828
39159
30004
31723
39723
43444
20737
37467
39930
30508
34486
50981
27803
39483
39340
48461
18322
36165
53773
28327
22412
24210
38123
45962
50764
32653
37388
20274
28486
42238
19570
20550
30502
17666
34659
41240
23691
52878
23465
27734
21243
30994
38195
36074
21953
42989
21968
30474
17801
21503
31535
47041
18728
36064
18584
26058
31104
32084
21311
31062
34539
26271
36128
38120
17691
44379
38536
39637
38717
49075
18271
36749
41935
23074
37077
27706
43440
26371
29637
42045
46941
24481
36352
28505
39583
45616
53429
21531
30177
19650
30709
41818
22823
26354
38490
20040
45551
47484
37591
38424
19813
38482
38636
23587
24864
44523
20905
30599
34967
50325
24322
46070
30517
41744
18783
35601
44001
20936
38048
17935
26291
17851
51415
47265
52105
32861
42019
19717
25006
40865
45282
19399
39077
41198
26100
33259
37474
21186
40931
50116
37367
25434
27924
29485
46621
52466
49556
51239
19699
46174
35042
38250
26966
18534
21370
28065
43374
51411
33965
19536
19718
33039
37106
18960
46300
18527
21433
31235
25550
50122
19858
23600
32857
18889
27193
29164
43388
22971
28145
51441
18021
23543
26681
47449
21269
47407
18600
45475
32397
42550
33439
35202
36325
36530
29832
31736
25475
31322
34166
26516
31218
19078
27578
21145
22463
39360
42782
50683
19663
53106
23079
30116
21608
53452
48212
17697
46835
31627
34533
36494
27620
45050
48345
49509
17714
33135
48846
30160
50960
18071
38786
43994
23893
18772
30627
28133
52849
21970
37972
40242
22248
23557
33401
48789
17765
33173
32643
44074
49489
22666
51617
45360
19481
20646
40871
23915
19505
22714
39748
24010
36693
17735
30412
34355
48611
47424
51493
20339
41393
45902
24428
39479
19714
41526
21231
26017
29018
22330
27616
41735
19026
24899
52333
18612
20221
41196
33597
18703
33855
53884
18019
22881
46683
26613
18569
45177
30799
42008
17959
43945
18842
38090
18090
21313
32489
21034
26608
30338
22811
50347
19335
24533
17750
25548
53852
19973
39126
44473
31822
33969
47106
41687
44723
26155
31145
31918
18134
33910
51010
25127
34467
42588
53107
19806
23009
25157
37094
43218
27597
17877
24186
41774
20326
18537
51859
17976
36496
45604
18922
28999
29145
18493
45684
18521
31744
22130
23680
18377
49161
29580
33081
30248
32120
20031
26636
18081
41683
46056
32271
21736
24224
17914
19473
20872
32904
41750
21604
22558
38520
19283
37564
37677
18693
24603
19285
21147
33324
38633
23393
27535
36966
18488
25066
28191
18936
26462
30195
30943
52368
31841
47840
23318
47903
38689
45914
27308
39906
49006
21285
47579
52284
52903
21435
19939
48647
31164
49217
41647
43184
21192
47886
18891
27570
42377
40984
47064
39287
43494
39643
39890
18595
45336
27537
40520
27007
18780
39250
39468
53543
18500
22798
38585
19322
30187
23365
33792
20375
24017
37425
46658
25894
29512
21449
46187
19588
21880
28788
17880
48130
19011
44887
20220
21158
20965
24345
36528
48118
21226
22704
31651
22408
40129
21953
51967
41417
46570
28830
30778
44681
17838
32976
19955
19490
36588
42651
20303
39625
30278
18336
27718
32565
37477
23875
17970
25485
18067
18613
22657
31001
20716
27016
18519
39751
21034
34680
43222
18250
18907
40833
41006
48277
45319
48913
51103
30238
53038
20433
44149
19121
38591
25348
38737
52798
38553
48086
19147
42034
19197
23963
26762
20391
32683
34521
36374
47015
48583
28943
33965
19764
24458
25302
53554
19798
24750
32438
24693
26152
25314
19159
22568
34883
21397
18015
23501
41117
18237
23007
24321
28483
30926
19628
23617
42350
24200
49042
33577
51833
20636
25190
27598
36024
43477
21090
27396
42736
22308
41519
23175
29078
49139
22962
50054
22397
20618
40953
44639
18193
26276
36767
19275
37526
38671
48270
47261
18345
37607
29556
20162
36579
42222
17963
25777
26852
18682
19646
43323
44299
23993
24152
34951
40274
40764
45506
19945
21899
53143
45620
28676
39132
29882
18062
27232
25280
28461
42739
46858
27099
39908
35755
36807
18357
21755
39727
50306
23840
26077
21549
24033
50144
18337
46521
19864
31218
31483
29667
21386
35097
42603
18794
24222
23047
32062
18736
38848
48660
18934
23986
52761
31102
39244
18805
47004
19259
38824
30280
21463
22996
19381
30438
39902
26448
36676
50648
51589
31806
19203
34304
40352
44257
45737
18107
17951
32991
17953
22152
22958
33655
53789
17942
50237
21330
38603
23976
46986
20004
35980
48145
19498
20960
49727
32324
19993
26094
27373
18427
42945
18018
31869
48259
19953
20992
44510
18386
45286
26500
31542
27648
42594
18829
27306
37901
18394
19110
42971
18003
19790
38298
19142
33552
30348
18753
18943
22430
38791
43188
19735
31308
18941
27204
38182
18512
32304
32395
49240
22475
33505
31380
52005
35288
37423
22817
19200
24774
39051
18668
24104
35545
36831
39447
29414
48158
32282
19013
33909
43354
20104
36322
40773
19861
38947
43847
22673
25900
25645
28650
18092
37183
37717
18001
34291
35705
21156
21713
19480
45102
19124
20943
40221
40688
45167
38987
39066
38647
40635
23591
18420
37813
41754
33128
43712
18342
34125
19751
21294
38184
40180
19491
52648
29004
51276
20410
34784
21809
22428
20568
25870
45554
29498
19190
26005
47271
24587
29969
32279
27198
33730
19910
20683
24955
19571
26574
46420
31945
49752
34285
48078
41454
29165
48415
40684
20454
34848
19512
29490
37856
37209
47782
31222
19196
42259
42613
24846
18606
20234
31626
21685
23922
37597
19344
24190
40290
41960
21630
42398
23927
37765
33430
34482
32484
40173
18037
37365
21042
24487
29606
29650
23420
24671
37319
18118
53635
32132
34808
29120
29818
18339
23095
20975
28647
29099
50469
28280
31361
36785
20764
24931
52228
24564
25235
39125
39731
41187
22074
34264
37679
43447
35495
18334
28090
29631
21620
27684
49614
20888
29282
35971
21215
50257
45061
52131
18776
20552
18542
36094
39196
25430
28558
22111
51523
39197
45353
46575
18884
27567
38946
26195
24922
25023
49467
49776
38009
48069
26398
29361
31183
45310
21057
23929
38747
36392
36981
20105
32034
39970
22973
44802
42121
45747
19764
23997
25905
19432
21624
27020
34115
19531
24886
31946
29909
24196
26023
34885
24052
21299
48554
25733
42981
31911
37162
32643
34804
18097
25283
42985
19265
19843
52954
23513
34232
28168
31592
47580
19565
28389
43869
18648
43813
28262
43708
18966
43553
38088
18238
26040
21046
24710
27248
19415
27081
48496
39531
41349
33496
34434
27214
19995
22982
52629
19660
45138
30709
18116
30203
30743
18124
30880
24313
41447
41859
35678
24924
32909
18155
29806
19829
22208
33801
23230
39255
53176
31158
25582
46955
51010
53396
26412
36181
18859
28832
22906
23338
27906
43458
48957
46601
52445
18157
31004
44884
33053
47141
19968
43074
18401
33119
52837
18463
50765
19915
25536
40068
43407
19138
21428
29267
18214
30973
18144
36380
51754
52614
24256
36612
20800
35180
27248
53511
20124
25538
48410
22533
40580
22987
37955
18485
31344
51931
22702
25271
38961
23934
27242
19803
30131
34843
35009
18337
20635
28456
25917
32892
29427
45196
37614
44532
53044
25859
27042
20504
27329
52829
18928
53319
44311
45085
27709
46465
32543
42364
28444
49917
18829
51874
22707
42934
20909
30268
31600
30054
18398
48910
33606
43365
31839
33897
21558
35193
39943
22857
50422
20074
41594
36968
19019
33047
19046
33436
43504
19324
50359
29790
52546
24195
43744
24197
39381
21302
41982
46932
32993
18221
29228
35107
32034
45997
21380
31771
23219
30084
31337
30084
18491
33602
19093
38712
45649
19117
38446
19856
43864
44372
22812
19914
24137
19189
53559
18926
33236
26198
30641
37651
23412
26752
25193
35418
31698
43707
45144
36257
24391
37410
18447
35701
48923
18419
40850
41796
19457
26673
28748
18421
23060
29363
29550
35153
31479
37361
19572
33861
45686
45212
48649
41600
43518
32131
30393
33705
50449
53180
20007
30026
19106
19435
41235
18632
18243
42046
44965
26568
39073
30109
45897
21188
28509
39747
24050
36346
20107
40897
20967
28395
50609
21728
31673
21485
26156
42354
21404
37901
34385
52070
18433
53743
47649
49720
32441
53672
19007
20477
40447
51631
20138
26007
34254
23105
24289
50537
26399
32224
19943
23040
32902
19427
31791
41655
44803
19149
21029
20402
42703
43049
29917
52078
44620
48607
31946
40128
19847
33406
19809
20986
19174
23538
42535
18637
43221
20725
22009
18784
25861
47630
38490
49179
18744
39508
51556
28120
26004
47188
18331
19847
32974
32632
53632
24348
28240
33865
34609
26337
25619
33347
29264
44968
20859
45947
51314
18289
26107
36655
48807
48848
23946
39335
41903
18293
31145
47135
21129
34131
49309
18307
29161
40407
20328
35207
39298
31644
50332
22413
31534
32576
24991
39314
21390
29342
49553
38787
20463
28087
40938
35876
47768
29896
22870
30224
29710
36207
19714
27354
21961
18561
42597
26060
52679
19468
21126
39735
40886
48646
35172
44614
19764
24655
26134
37369
38283
24997
31966
31081
38541
47808
18528
20063
21119
48714
22214
28647
33920
47923
51322
20293
32905
28581
27055
28546
25151
36469
19608
35901
46418
19814
27900
37799
36356
19692
42552
45648
23451
32671
19550
20917
23000
41876
44795
39026
40396
21120
27185
32526
27359
18528
33567
28671
49231
39116
37608
52264
41643
44269
20123
30180
50999
29855
37369
18642
33805
41027
52015
21617
32036
19354
32354
18355
21087
23547
39159
39448
24551
29331
22723
26918
46258
21026
24798
25936
19758
38859
34066
30712
37417
49322
20537
24651
30105
45330
31035
40657
28331
28918
19118
20726
24711
18441
36856
45164
22762
31944
24150
37933
38620
42867
19691
26012
31111
28417
42780
21900
33532
18389
38265
38921
38227
53153
43457
35973
40239
26445
41971
43349
20131
30090
44116
39494
31216
45636
20932
33466
38333
30283
36827
18952
45206
45658
33984
41550
36642
32192
23019
30106
48029
27687
24279
31966
18643
23979
44520
19401
46761
18812
27530
30834
30428
32622
19918
24259
25494
51195
19351
24833
27747
42819
23061
19048
26804
32028
20676
37826
19990
38517
21284
26788
37678
22404
19644
20886
27557
36806
43362
34002
44935
47023
30745
53242
28092
35047
20491
48040
20917
21282
27621
39276
47495
44775
46376
19316
30692
39443
37290
42006
18464
34275
34570
30045
44937
18927
25463
19580
28089
29494
30578
37892
39380
43168
46412
20018
32302
40358
47603
21375
45166
34787
40161
49702
20994
41644
19970
39963
23973
31242
18709
27567
32977
46875
41341
44680
19844
34027
51349
19286
51903
30161
37044
23024
18489
19603
41621
21459
25727
52951
20465
34970
43255
27957
18970
24463
18989
25320
52803
29813
29937
30976
19294
21998
49857
47472
20925
47379
30012
31014
30768
37842
47719
21158
25916
28526
42995
43243
47320
20509
32725
19212
20140
44230
32886
25186
42079
39734
40323
28010
38540
20448
50091
45534
19018
40404
36254
19058
36902
34070
36427
44343
25286
31220
21741
22253
34636
37313
35420
20071
22775
24347
47044
46122
18586
21573
21298
27319
38070
44859
21060
33766
19044
19802
33993
38643
23547
38534
42482
51146
34844
42075
18505
27041
29271
25343
31067
32902
20844
39317
42055
20619
24748
38305
22255
26380
19074
26655
24377
36732
49300
33043
20953
44138
49534
23818
26324
34809
25104
36159
22425
24995
36797
45695
23278
27674
34921
30429
52290
22286
38069
47447
18848
43427
21517
45290
48179
18761
19526
48265
35822
48712
39294
18653
45874
50751
22473
31597
37639
26747
29602
30360
43083
19940
21382
29645
24116
39629
25253
43040
51348
33871
23947
45949
26024
26384
30458
19033
36239
19270
28618
37077
30026
32399
39624
21033
39650
24870
26274
50743
36089
27627
37516
21676
26172
43978
51066
20211
32867
48535
26754
19346
27475
23321
29643
30631
36037
18572
23928
38152
29360
23957
24181
20132
31276
31920
29279
42505
21390
40067
19698
42944
20406
42585
19568
29999
44286
20244
50524
25672
28073
22005
43432
23180
42245
24773
20791
21875
32984
39647
28463
20086
47074
28139
29275
20747
24720
39645
43804
20752
31115
19302
32226
36330
19603
20071
25120
36804
45175
33250
51488
19277
36820
37489
35630
48836
26029
49759
38559
19272
21605
24553
21708
53595
20109
37676
19024
33489
44685
37683
43472
18716
32208
46811
24349
40416
20480
27720
18785
40778
43482
18804
33904
42020
50109
27695
51136
35235
48025
32545
44988
33311
33549
47665
47249
48036
23344
39358
21099
24111
24739
27291
21170
52278
20708
49972
18676
34066
42117
41564
41960
21070
38036
18787
50344
22306
21807
40504
44444
20236
30349
26040
35867
37179
37441
20152
45247
28937
36746
23885
31901
37400
43841
51687
40946
42601
40467
41013
50139
42860
26592
44374
42436
27582
35829
38341
32163
18943
30188
37176
19242
20436
34163
19547
25995
29466
20186
29388
18859
23469
23679
27783
29382
33474
39289
21057
33521
36600
49305
22463
24689
37929
40395
32763
35266
28552
30391
29907
49264
40552
19230
31396
34606
21331
30652
24508
26706
34582
20638
23689
18893
24616
18945
19018
29511
36164
48496
49775
53284
23554
19172
35197
45993
26144
20437
26612
39461
41108
32564
45403
48339
40570
24684
26633
30168
51825
20081
32332
36541
24889
34266
20201
25331
19205
21122
43195
19239
22157
24460
32357
22752
39467
27583
40665
43728
21761
32069
27083
33597
18818
20810
21151
29339
32251
46476
52866
20131
21276
27149
21061
24019
31257
20342
40686
20480
20884
22819
24684
24808
38919
49533
29875
52284
19737
29845
49450
33007
43967
18985
22675
30437
23872
25318
30282
28854
38728
18925
19526
21487
37553
20321
29528
29731
29836
19229
34855
45085
46292
36974
29033
53481
38450
45507
32845
45194
20025
21976
44465
20788
26855
50918
51130
19476
23064
23403
32716
22523
48588
22648
32682
47450
40540
51340
19104
23892
18901
19089
23433
41277
22057
22560
41486
25218
41668
25756
47577
18734
30561
32617
30596
19459
41672
42258
44562
48890
34365
53916
37213
51555
32322
32370
41580
21616
37860
43289
21235
40062
48389
34987
45772
40946
48239
49731
32582
36517
40580
43197
29502
24762
44854
36175
29174
47599
27815
48869
19265
52612
23580
35215
35611
19003
27478
31348
23372
26766
29547
19406
24507
48619
34243
22810
29871
41288
44503
46478
51685
26142
30431
25147
27402
28580
37556
41367
50064
47638
30869
44418
28296
29187
39556
19286
21600
19771
41067
31423
33858
18962
25140
44944
35455
51342
22348
42245
53721
21345
37086
40544
48239
20235
21475
26705
34339
35500
53265
20302
30305
45598
23538
19222
19725
37198
38523
41406
19160
41268
42151
30733
53509
48514
20421
30119
32223
47193
52318
28320
19053
40711
41616
20759
43932
44176
40478
48151
41857
50984
18809
30470
19026
22830
35250
51115
51055
51765
38998
44954
51831
27818
21189
40859
38252
21390
33232
19047
23442
33961
20467
32458
20193
40538
19015
43280
36485
37974
20774
20844
36379
22672
33737
21939
29706
28621
35567
18836
29658
40527
24253
19840
24195
43879
27561
18844
40576
19320
29616
18856
20488
38851
32091
49099
49482
29289
47370
24574
36667
39505
18896
37519
37129
38967
19759
22649
29587
19643
26579
40860
20307
20689
23736
43851
47748
52225
24694
25705
22043
38725
24734
26465
32441
19302
32114
21481
26607
48394
23108
27175
52091
31876
42190
23262
23698
46441
46224
38099
45986
22918
34029
26518
28627
21990
26386
47011
21486
28071
33753
19965
22359
18865
43116
47551
21191
24866
41183
44580
33667
53109
33444
39195
29483
52556
19222
34428
40096
18874
27329
33884
26480
44448
32741
48158
36624
46515
46013
49396
44365
53717
33735
49149
23745
21662
20733
41134
42817
19368
33126
35686
19942
35599
40464
19875
39014
19955
24725
32872
18885
23881
28905
29816
41101
22239
23275
39722
34845
46472
23249
30819
26679
43298
51442
20400
23521
29366
29668
25446
46808
29829
50405
20114
43718
22735
32205
23096
42401
45292
48952
20655
19077
31546
38350
42268
43284
43005
52287
20565
28972
34550
47699
34949
19475
25714
41893
40910
47448
28271
35274
29085
19069
25249
30568
27912
27956
28953
21843
28087
19278
27943
39212
41105
23017
45584
23067
36300
20887
30159
42899
19883
27692
33901
39262
23292
27557
43463
34094
52641
27606
44265
22319
46684
24970
32481
28724
35248
20604
29195
38529
21629
24836
41478
28507
49338
19974
48890
27145
40351
47398
22243
20972
27595
34055
22752
50205
24496
50036
34627
48526
19553
22333
27398
47323
49701
40870
45633
35981
28695
31333
44987
35900
33341
50478
21092
32933
22138
45307
20323
35546
30731
50708
19783
37398
46303
29707
30800
29734
39162
40875
24031
39535
19804
19941
29975
44826
46413
28225
31264
20166
25714
24158
30392
30991
30344
41728
51236
31318
36431
19688
28545
37879
26940
41803
19561
49407
36851
38686
29279
36607
53623
27635
30966
21424
35837
35761
20060
43446
24109
51627
30538
43234
41641
44178
22126
38369
24916
47664
24325
26560
28788
31046
31118
20893
22238
23438
32515
50669
53661
19272
47725
22951
23632
26947
19006
41991
43596
32855
48276
28456
31283
29136
27527
38325
23518
41537
21942
34747
36321
39916
41147
26652
41218
48831
28066
37663
41483
48446
20517
32123
38301
51943
32330
42332
40612
26771
27627
36600
19550
28717
36736
19314
35619
36281
21878
26806
51377
25122
43825
20996
34895
45962
47371
33542
51494
27484
32943
45924
24901
36216
26201
28669
30625
19675
39830
40865
26519
26660
40768
21890
31170
19035
31000
34440
25811
23132
42792
26574
27532
20792
29757
49289
51722
53326
50974
19219
42924
48514
52584
21818
49278
20041
20932
28194
28473
23310
43646
22988
27191
30579
21801
29407
19500
28758
20185
30640
45725
42007
44625
36266
34560
41090
21908
46410
29571
31668
43395
47350
20207
22547
32938
20420
28207
38300
49922
19377
24985
48879
21739
22154
27288
47262
22259
52821
26787
31525
36313
26388
34672
19619
21484
25638
20161
39212
22199
26900
31250
34607
34859
20735
40418
31073
34642
21064
40038
30193
32076
20318
27993
29371
20197
32542
51407
19922
20961
20288
26325
35656
20002
36587
53549
20762
21266
30739
20718
53351
35692
38394
19797
29135
42976
49733
27501
33321
20667
34363
19162
30766
36902
20892
32490
23216
49310
19775
23592
29443
19781
49460
19102
21028
31785
51965
28212
47994
24766
25216
20832
23120
31181
38357
42634
52638
19544
53807
34968
51538
33711
19472
24411
35482
28040
31845
37568
50984
30668
47756
24027
40848
25505
45843
47795
46678
20773
40341
49043
51272
21804
53210
24674
34980
41179
23148
45081
31212
35746
30734
30899
39204
50977
39693
21557
23404
33217
28950
39726
40952
30127
50215
35221
51864
29899
42896
22742
19857
21280
46912
32631
48767
19332
27839
38001
23323
31080
19458
28568
43928
26578
52068
29889
33024
24729
43522
19506
19672
52955
19820
36513
40925
28532
45385
21014
47303
25838
20599
27154
49506
21696
21429
49639
46765
53137
29527
25699
28591
37632
20045
42970
21724
24633
34989
50896
25451
30383
23571
39072
23377
33902
35951
25298
37460
19682
21773
42511
20615
38517
47234
50177
33186
48145
20016
29002
51590
35237
36591
38613
19181
41541
24894
25710
27157
33415
49346
34423
39012
22313
31634
52181
24889
41355
26686
43583
21817
22134
28754
19581
35299
28250
21122
24152
19890
27249
53098
46306
27392
39271
20150
40566
19201
20088
45968
21927
29389
44738
22659
47918
26683
40735
21957
33958
40894
30379
40296
45954
26355
53028
25382
38685
24868
35674
26329
38290
39709
41124
48020
23925
28847
36151
37606
41159
20309
24176
38176
41622
20574
33040
36572
41325
47373
31921
39718
30473
19630
24823
27126
30058
21677
27836
53575
22499
37227
38773
19632
23584
34741
21438
20343
35102
48293
30956
42336
31038
48111
46777
37565
41563
50534
20301
46858
19295
52621
26088
35377
47008
27261
27744
21212
48100
29086
29966
39414
42634
23752
28197
33144
48828
48521
19595
29455
37819
24234
22201
24038
19268
26637
36799
29154
34971
22146
32813
34067
30893
42627
47410
47249
33910
19503
39929
26387
53621
23748
35381
30649
32042
43406
23776
24788
44721
23685
47621
24444
26141
23440
24170
26000
48205
19857
20720
31425
20286
21542
33110
32335
33703
20357
36537
51882
24404
20122
22467
26700
21538
22904
50728
41684
50935
22026
26270
27924
33032
35215
38571
21167
34899
40542
37525
37186
19281
23110
40722
19897
37720
26291
48653
19312
20726
50540
46367
48341
30856
43806
21888
28845
51798
28692
35523
43589
21356
26013
23824
30290
30780
46789
52122
29524
47211
34781
45168
28361
41441
21308
23405
20306
23389
37143
42830
47536
42324
20633
30047
40279
19308
19615
24052
24681
49499
26953
48201
23224
31270
19548
43807
45170
22395
28149
33558
28091
32075
47544
32776
36110
21053
23806
39100
19975
31111
39403
20928
53418
46054
47007
22561
28839
26117
29698
36098
44608
35161
49807
31822
28528
53083
19328
19558
19665
26215
19748
23137
47979
26815
24353
36197
19691
27183
46063
20194
36915
37310
52858
20043
27855
19426
24535
29610
35391
48655
30616
29252
29272
19702
39184
40457
21706
22393
19792
19840
46417
22217
26912
51461
35547
31488
32022
19377
21541
37634
24253
42675
23981
35410
41177
23325
35676
22674
49894
24635
27067
25366
19900
26181
39253
30235
51847
41169
20351
22891
45586
20069
48592
22531
24225
49002
22880
26190
23115
28924
40010
21276
34440
49368
19531
24626
38717
47063
49241
48065
23324
50753
30368
36710
34360
19865
26358
41614
19374
20652
38513
20561
40723
41373
48862
39059
48606
49059
20031
26245
28261
27091
37064
38215
42036
32668
45549
23726
30147
24851
26328
48797
22847
44494
19390
40646
35799
27428
25212
26409
37954
25528
33767
35303
37207
19453
20422
22921
26438
21771
43100
22590
34543
22087
29955
50314
53300
29916
36584
47274
47285
21275
26158
40507
23726
24088
34336
22028
21031
34607
39518
20144
32926
36764
21142
38682
21073
21509
30383
22486
23576
42462
46412
49354
50190
22943
35970
19787
49918
22589
32004
37576
29534
40154
28625
30001
21412
36195
42193
21358
34666
39871
32140
40573
19958
45263
28049
48259
24880
34151
21875
25970
19448
49657
28568
20129
48591
23089
29823
31783
44751
19663
23172
33045
20894
24219
31149
33907
21946
20032
19620
24227
36174
51360
19537
22522
37987
25325
36175
46223
25326
26526
26687
28804
24969
39904
27133
48926
39455
21306
37031
40346
24425
40562
32627
38010
42755
45292
20271
20384
31692
27461
35063
37595
30119
19794
34260
21259
22937
49162
45233
30967
44638
24929
45942
37536
53548
37284
43778
42400
46286
30689
34377
50508
37472
37897
32482
50654
26821
28246
43900
22965
32747
37402
19790
22769
44672
25259
36566
22080
40746
21400
28871
31781
24246
43985
26382
27381
25172
37914
38285
21263
25222
29815
27545
29121
21253
29125
20173
20370
42790
30216
41443
19823
32780
33726
22054
43025
21979
44167
36269
45453
43598
44564
19770
24913
21730
49263
27210
19586
52805
23474
46120
47230
23656
43112
47165
20167
25568
33426
23750
29957
34933
41595
40104
23907
41302
35970
39433
20522
21909
48330
27919
21505
50879
24941
30527
23711
25503
22677
29028
26372
44542
23511
25652
19549
23335
45784
26293
27718
28534
22735
36903
23867
26164
28661
21339
27941
47932
20461
22065
39546
21466
22059
21657
28161
29800
47180
39839
48807
19533
32996
34824
37498
20427
24473
27925
31917
23027
23622
36201
19935
39473
37174
48012
30519
50699
43595
50744
23794
41129
28012
30453
21083
24729
29276
41085
20076
33644
28363
46311
24764
30479
23248
50051
21580
28343
26539
28986
24957
29662
42291
49153
45557
19565
48129
33410
41219
36744
39477
42259
48267
20174
33141
37910
19560
24765
38060
21173
26741
25765
28187
27914
30259
40688
20204
34898
35564
25207
25981
45836
19846
29571
29605
52970
30702
51645
22804
32412
23074
50698
39809
21635
43204
21544
41108
27382
27966
29866
22400
32249
42899
20974
36722
40848
25364
28527
34077
28349
30222
48362
20987
27119
27605
20258
36589
40807
21795
25094
52965
21046
21262
39421
25032
26716
24584
41145
20824
41553
53103
20142
41198
44561
21227
36893
52197
19884
38696
46043
27600
32058
35021
21484
20546
27105
43211
26111
52110
40349
22055
42013
45821
20219
44678
48391
44449
51550
22923
37328
37644
19625
25767
40448
22323
43119
19703
39076
50622
19744
21243
46576
20068
44512
50831
26280
24833
31048
32699
19768
20010
29274
19670
43167
49127
20835
33433
24875
49112
23840
25082
32195
24427
39018
39114
49113
20126
37439
43349
20238
25512
28514
31952
22744
25346
48180
38972
40499
52179
19810
22109
38901
20954
32261
43896
51619
28356
21645
37288
27356
45293
34330
26443
31565
33200
52370
23777
52794
22422
27925
20094
35380
28992
43961
20760
48989
26529
39521
39949
23510
29987
24784
25313
33096
52628
19676
47608
20821
30342
38839
40043
20322
21229
23399
27047
48590
33289
20425
23558
48061
40756
22085
52571
23665
27940
44058
25133
21068
22801
38435
44946
51599
37342
27230
30142
42796
21494
33400
22108
29305
40437
41328
42398
48351
51283
20862
26864
30743
41703
39417
46682
31960
37823
21781
24169
44104
47134
41616
41990
42575
52172
21663
33224
38040
25148
30081
49660
23799
38340
20003
20979
21301
28507
51661
32438
47440
21812
26326
35693
27881
52070
41164
47347
21163
22183
31259
34643
39401
19961
33794
21132
46910
23543
28959
29529
27876
40485
22048
39085
42661
43961
51639
19972
24096
42694
24770
26969
48721
50070
22372
40285
22614
42292
20530
42084
45946
27092
31924
32420
20971
24136
45448
21251
41432
20485
23493
31666
20509
24169
23046
30499
20895
21127
33656
40873
48041
25949
27161
24101
29586
21673
45117
38516
51666
24014
43768
19859
23250
41973
20459
42511
45000
24184
19958
24542
28169
35032
39665
20419
43414
51901
31562
37627
21645
29439
38211
19999
30064
29783
39270
19971
34049
43134
24046
34192
37504
25671
30422
29803
48365
21983
27972
21873
38474
41210
42119
32223
45563
25783
26781
19750
32739
34493
23000
48609
21920
25822
21027
44948
46130
43412
40937
42164
26880
24468
35299
31351
23281
31262
41493
20093
29304
51601
34096
37658
29382
38282
19817
21433
53004
28573
48433
23718
28222
36166
20397
42002
28118
26745
31574
50797
20305
20518
30698
53023
23863
34898
45787
23951
24631
24825
19779
22713
31417
35355
41772
20563
34201
42847
22742
24648
43651
52657
44363
47911
20821
35334
29067
32397
28373
31657
39224
21172
51640
41363
41405
46271
50459
28139
35514
40449
43141
45656
20203
30538
19853
21237
22088
29119
35272
39474
45648
20017
21612
34516
43281
20249
40009
41050
52945
41446
45692
23816
51427
28347
27877
20078
27125
44750
25430
25474
26051
28088
43284
37027
44223
42432
45011
30481
49920
30840
42182
20135
21766
22926
21487
35213
43013
22837
32870
28911
39189
24441
25229
25159
26467
21659
32879
22487
25796
47857
24777
29796
37636
24569
39503
20158
20804
40975
21166
34278
21289
25746
44127
22358
22397
32343
20492
23885
44800
20273
20300
23793
24246
24758
42966
51843
22127
35984
30749
24145
38664
44937
25402
21853
35414
32660
35947
51308
52353
39450
48509
26273
37207
26310
49841
27577
19850
35502
23637
24548
36584
31465
25563
28851
47771
24479
33706
21864
22437
32452
21999
25519
39496
24751
41985
36567
30413
45575
38754
42167
20862
30342
38786
20924
29440
25763
26370
33968
42405
21888
36550
23623
30686
36846
32015
39882
32426
28369
30511
32449
22263
28007
26911
29604
22277
26053
19919
49576
22038
37496
26638
34974
22264
26236
19944
23164
33573
20642
21591
21351
28705
25975
30435
32916
34236
33746
48803
20687
45934
46661
21596
32100
22443
29011
35806
36710
45568
46810
26388
42461
21845
49459
20940
24305
46473
43192
46287
20214
36832
22926
51482
20757
36319
21954
21447
36403
45715
20528
28601
38009
20735
44277
20559
43103
21733
41169
42702
23906
30506
37395
30355
24108
38686
47639
21205
40236
40948
25033
20014
30332
44876
30895
39173
25395
52566
22171
23774
41652
23141
24611
51642
39580
24013
43091
26526
29508
43358
37705
21372
29704
38896
22435
33348
46618
24644
47520
20369
37073
41074
20363
22079
23933
22387
22796
34351
29466
24863
49759
51579
34565
48653
32140
39213
41100
26824
33800
36151
24641
30714
34531
22981
35651
30531
42030
31067
38765
21048
38035
46697
24502
30173
26781
40385
24832
39621
49900
52480
48722
20391
36447
43383
21106
42881
47202
27286
23753
40754
22466
25629
26435
30890
39721
36081
24118
30301
26663
32691
21652
44124
40334
23289
19985
21288
38400
24340
35254
48659
31533
20151
42545
47720
23443
41215
20799
44862
27723
45334
20775
34764
22331
50213
21800
39486
22546
26505
48852
23369
26476
20591
23330
26025
23862
27090
33713
24135
24307
42992
43982
50186
20876
26956
51594
29057
33879
30723
34267
32153
42279
26176
43154
22384
22689
32191
38544
20606
36628
33845
31602
37322
41055
21671
30720
42358
31308
46211
35736
32646
48343
27664
36130
53826
24036
37687
24299
45993
25684
29249
21246
50276
30139
53716
20582
24203
44037
40478
31189
32388
27594
38457
20080
38320
50505
35573
50997
30625
47605
21532
47877
47688
50083
23834
26049
27991
20493
26433
39979
21921
32243
51583
21485
39492
22770
52337
21490
40451
42331
26796
37265
40439
25464
29284
30296
21569
41579
43475
20609
33464
35516
43300
51697
22419
25718
46331
22836
30609
26907
42010
28439
38784
28129
42282
21223
21415
21638
24014
48401
48146
51073
26169
37714
28353
40484
52637
21962
20053
27047
50080
20050
44359
39589
50993
39674
20908
25914
53328
24440
27535
48426
30530
48484
24737
43774
20882
39650
45259
23243
42498
43692
26028
20858
25450
41514
22150
30859
37198
20931
46054
26848
26863
29322
34356
46403
22002
22091
20466
26909
50676
53226
32683
36464
21964
34735
42832
20149
47235
21275
22726
28470
21870
24269
29480
27930
47326
50071
30217
26537
29595
38155
35906
39296
21463
41153
45760
23526
47613
27327
30389
48661
51209
44110
48340
41816
44465
21155
22948
23886
26673
29721
41642
20534
22627
42228
24371
34056
20264
45888
30899
47790
22432
22498
40348
26862
23765
35008
20326
28141
24744
37173
44979
20541
31613
32850
49257
35024
45223
24751
34927
25634
40769
26504
36696
21324
27950
41024
29405
32328
22532
29314
22616
32345
45539
20505
22132
33902
21951
21993
48177
21103
23322
30485
24870
34325
45022
24381
33394
45626
45650
24635
25531
53234
23683
24079
20766
24126
28098
20393
23222
32064
35662
36914
24925
29023
21296
34545
45282
39231
52163
27190
38369
41416
20857
26351
27602
35800
28716
34418
20959
31612
42494
26237
37108
26211
27309
32834
29537
39582
29736
39266
41589
52835
22892
47274
43279
44620
50064
31583
43967
26766
46968
20315
20821
41147
34734
37185
37801
49808
32769
46638
22272
27320
21650
40339
20748
24696
32432
33879
47802
42535
23645
36119
37317
38943
39803
46320
22122
28756
38672
21789
25324
34524
38021
23585
46285
22166
38573
53362
20170
20981
34891
24807
33487
20335
32033
23091
24398
35655
22404
30456
40269
47145
25875
26712
23630
42574
37162
42936
40255
46928
30247
23358
30847
21980
32979
38797
21681
31586
46267
50269
26653
34848
20390
47575
22227
39338
39229
43237
34165
47462
41111
46840
33958
37841
43063
46297
22098
22356
48317
48719
53217
23472
39031
41340
40276
43425
48756
51738
36703
40427
45438
45985
53003
28759
33986
29302
52067
23747
24630
32630
44734
47319
22651
30617
22442
45234
46048
48641
22169
50201
22342
26609
20335
21245
20557
21927
45502
21789
31327
42560
24438
43870
45469
21973
34644
21181
23013
32032
51625
36450
52804
20475
43910
52750
28964
40619
43348
30648
39104
20992
41360
20358
21975
25288
38224
24686
32221
29881
44345
21809
30307
52578
20395
34517
50727
20254
40042
21116
28552
30111
25530
50006
24407
27297
30646
52101
22630
20575
26724
32497
20446
41679
44245
33411
44918
30738
44555
27265
30154
32303
45177
21435
40387
28240
23075
37668
20251
27246
41711
29273
44111
20462
35298
31505
37846
21568
37565
28359
37534
33748
42798
41479
49965
25533
27174
38149
47025
25286
40250
26858
35744
20658
35751
22692
39048
21862
29169
47311
31184
39990
25583
34719
36825
47263
29970
44202
23396
43003
31234
40077
49496
23532
36800
35879
48599
21461
29340
52978
37199
35593
41647
31037
42449
49337
27799
40622
22321
30779
36677
20383
43198
33136
20288
24323
34057
23701
24142
21368
38631
21384
37193
30487
32893
40018
23169
26840
47367
25604
40849
27597
41644
53455
20340
32186
43906
25068
32429
23643
47463
37762
37925
50339
21273
29317
50421
27108
29582
46727
31733
23939
42457
48275
22065
32756
44851
39188
46279
37906
28803
38679
27854
48817
25878
44828
22995
36155
32098
50429
22394
28249
43306
20782
29676
49318
22422
28862
37716
38229
22114
31973
48475
20373
34179
51599
23730
39395
20330
24311
26143
26962
32529
53593
26455
26767
31835
22362
27948
53276
24268
29766
30166
31032
28869
43996
27260
43877
23615
20356
47366
24825
44442
34873
35748
49568
24298
37313
20348
20793
22903
23049
51259
20348
24856
28363
38809
22987
50817
21402
29423
21609
24513
38355
44903
24264
31244
20929
31480
34469
26796
41514
39839
23762
35848
32535
43748
22203
28950
20536
34531
52911
31456
47027
20549
43688
51827
51119
20366
36638
43110
23570
27990
44194
33407
39527
20449
29397
41227
28167
49000
45602
45889
46150
45927
47342
27036
31522
46422
25620
44821
31127
50174
23609
40214
46264
23174
32423
34174
34061
22160
39719
49169
25150
25079
25662
36371
41548
49155
37360
39944
25425
35533
49250
23269
26166
47817
25852
31535
38566
21006
22034
51597
24251
47868
21430
35488
45566
23167
31022
48083
26311
28861
38309
20781
25946
45442
23008
32214
39018
23137
48074
29166
36044
22983
30138
49963
21834
25949
22756
32416
44611
20623
37003
22524
38036
42372
20422
24258
40487
44552
46394
42257
51182
28188
41948
51312
35716
23791
42882
23182
39883
42649
51589
22452
23290
26338
31791
31792
43496
28391
31703
21113
27873
23495
45319
35133
43079
25945
26259
44407
42075
47527
22986
26015
20560
30498
28559
53118
27319
31033
39261
21842
26693
32618
20444
33959
37754
51474
29081
40377
29168
30314
41159
49186
38323
51293
29436
23154
23361
35931
23936
49281
23751
24977
53863
21762
42616
50142
32039
42712
21899
25232
34063
43795
46972
23239
27355
33980
36020
21190
32262
47062
47299
35696
47585
24818
42656
47205
25766
28045
45936
38630
53133
20594
33291
51872
39701
30225
44122
22003
44689
47556
20700
40231
27676
32228
36673
21247
33382
36690
33360
20500
42941
31006
50928
26598
27952
21534
31920
23734
21213
25260
40551
20653
21978
47335
29203
36476
26043
28147
21257
33974
53397
35962
52867
32010
36518
33299
49097
21373
21378
35273
26109
51276
51786
24113
48285
24301
25760
31697
47478
21542
25555
44902
46028
26588
27380
38257
28728
29754
36693
21919
42827
48577
20766
28784
21923
21781
29741
37514
26186
33599
29448
38206
41529
23893
30014
40233
27298
22975
23000
30507
21125
48151
47439
23176
37210
38873
22494
25795
30140
30378
24548
28740
20949
29329
36657
21415
50439
22086
40477
24793
31475
23250
40646
20947
28711
48813
24119
22770
24469
44360
21992
43285
43961
33982
43754
36726
45268
20616
44091
25766
30641
43558
45273
22657
26565
39044
29462
21655
46035
27021
38765
42261
22278
25551
43989
47021
22242
23999
48421
20886
38089
25976
29488
45040
22528
35452
35626
34757
25696
44540
43421
43573
22441
22466
23714
52583
21675
23861
38511
41506
42098
48414
48704
52300
53807
20572
25651
52095
21304
38212
44881
29175
36781
37256
33343
35395
22570
25277
37577
27974
28449
21125
35838
20688
28908
41571
20951
42667
45169
22441
31003
24964
21850
28420
34051
21144
43412
53218
24906
41027
22068
23729
32267
40541
25217
47828
20828
42896
46335
48532
45677
52210
38835
20599
41161
44305
47639
21135
32887
35699
23402
31025
37585
38306
47529
41400
20696
20983
29509
51492
23447
25422
33283
22254
49968
22305
36021
25336
45027
33541
37294
20611
44683
21503
29792
26006
50386
24642
26466
27894
36772
24995
33115
40696
21437
33683
21026
28323
35304
43141
44851
36285
20624
21893
22910
29934
47659
21115
25034
30183
27090
36055
22302
22292
51750
24336
31023
26930
28813
23164
32560
39103
21379
29377
32058
23697
25746
20907
26641
25960
27374
40411
47400
21974
36066
49751
31283
40746
21999
42424
34721
35055
25399
29071
43846
48398
41084
20867
28676
32124
28894
37770
30711
45958
20817
31463
47725
53835
24381
33394
29192
36789
31942
36391
21410
24896
24527
47348
22746
31410
42262
40333
25016
48124
39917
30916
34784
51308
46643
25316
36535
44018
51581
20698
42273
38172
51379
26521
47833
25821
30988
42626
25467
26554
25831
35959
38279
38402
25608
25804
30075
26650
31069
37111
52936
24006
29327
34332
52534
22832
25040
30015
51215
21363
25522
50840
25564
41631
43558
35551
44161
21712
33732
42983
41918
20682
27055
40869
29396
30806
34481
21559
43060
22279
24398
47645
21739
22599
26600
37693
49931
42427
51210
28093
47304
23353
34110
41835
21415
35648
29127
41655
24114
42155
44816
36997
22701
39611
41089
51314
34735
27362
29206
30112
21267
33162
21052
22675
25778
22106
35034
51602
22285
25532
33101
22530
31406
48176
26605
29412
26887
27030
31978
53673
26933
44362
20940
22215
24994
41906
43671
26234
42558
40297
48136
32561
24612
29174
30069
23412
43277
21350
23382
30148
20724
26348
47908
27287
45691
50190
43117
53837
23991
42131
47342
49896
50714
31063
45225
32106
37738
41175
25407
34005
42530
50558
22225
33633
33980
22440
35802
38702
22145
25426
30919
32950
51717
29669
53611
22299
28787
33316
23348
23423
35015
34646
46420
21627
31663
25174
25769
46134
33074
29258
33867
36976
21243
42119
36742
43296
39581
41793
21178
29324
47200
23367
36205
29479
41898
45800
42491
44463
27665
43914
22544
23180
27544
29078
37879
32028
33718
22337
41124
22273
21811
30442
25125
47290
22768
38720
44885
41309
22677
21562
23260
46779
36640
31198
31618
38848
46200
23575
28360
28376
37662
39995
30924
36899
21752
25246
21582
37273
49130
26702
46360
31681
45748
35387
38716
23373
39416
43490
22745
45150
46776
22945
30851
32045
21133
26041
20906
26122
22366
29472
32803
24678
33202
33193
21319
51149
24614
26179
21406
51892
44835
43546
53514
21001
23966
25189
45672
21185
25941
26850
21579
51038
20841
22206
33670
49133
22859
43389
21597
33694
34880
21407
42406
53574
32702
35084
47079
51080
20815
21196
28112
38442
35326
40445
52806
53381
23547
31549
39816
47236
21198
30024
46852
32960
39486
38704
41684
21858
36997
46930
50969
20829
33212
36854
45688
33033
50136
39448
26363
44381
21138
32148
32770
25535
34613
30783
42577
28579
50735
43910
49541
20933
34721
22035
53899
22745
23055
29497
37346
45130
29507
31942
51094
20919
30512
39670
27350
20877
21355
30680
43927
30717
35158
22517
22559
23587
27749
37533
40727
26880
28276
30494
42476
49390
37071
27293
48167
23084
34863
46486
48073
23931
24368
46237
31091
36526
48428
34990
25390
51278
22141
52341
27245
25797
25983
27528
32347
34339
24378
30454
21342
26441
48246
25253
30341
21917
52838
21086
21335
37976
42298
36315
33845
44097
20905
22835
31927
49260
39905
29021
43127
31099
43729
44079
50949
23633
47128
21252
29263
33160
21507
34447
37422
38257
20906
23463
34700
22632
48506
26357
31929
26626
29906
51654
24417
36065
31551
45007
31490
43628
34816
43861
49297
49395
41931
52861
36632
21529
42032
40347
53541
24218
30410
48287
21947
24058
46966
25158
29644
34840
25694
41739
42549
30075
30077
47662
28622
28971
38272
35657
30197
36144
26525
46879
36436
37235
22031
23907
21976
33077
47571
35877
46840
27559
30742
35978
38549
53229
22557
22866
28473
20925
26521
42505
21141
21576
27814
27979
21295
32371
52967
37614
43737
23639
31636
35504
45961
31517
51880
29157
47205
21658
39443
41545
47292
49588
20936
34373
44036
48161
22098
40141
43986
21844
36458
47602
22301
34054
26084
52477
23380
28761
31493
30067
37524
24922
49846
27622
45535
48354
21325
23784
45669
26087
34192
44905
35884
45767
42368
22953
44758
22064
34007
36602
50980
23473
32740
53214
22219
31879
37678
39246
22968
39157
36235
25908
43472
28160
35573
30713
45119
20973
22789
26167
33571
22032
24565
52384
28393
32117
25248
37471
42747
48250
23446
24178
48724
21963
33437
22433
29914
31089
27626
33737
21086
22850
36745
40173
37066
40155
50944
53603
22343
23265
47272
25180
29128
27030
29816
34588
36094
24610
36582
46641
33216
25169
28021
29533
26730
21716
26682
48212
34059
22110
26911
32416
41280
27824
30038
35094
22480
24976
27410
31617
35177
22307
22027
33077
21004
39186
53554
24160
24202
27475
24414
34963
22935
38833
25041
26309
31058
24548
26103
27334
21471
45014
46924
21735
45744
23692
21015
39528
40436
23651
26967
35181
21684
32679
39480
33056
27613
52873
23846
39057
22972
45350
37269
44549
25938
32882
43801
25405
25849
33337
24985
21861
46421
28042
45331
21492
39842
40090
48546
22918
52812
31868
45782
43150
23052
40296
42589
22995
41209
21040
22488
26876
49070
29302
36865
22179
26381
50237
26894
34471
36924
41050
22220
22872
28261
43616
22009
25413
25453
39207
21051
37215
42386
41379
21320
33049
33912
45441
27806
30677
35822
35124
52865
23683
38841
39161
37300
43618
26886
36871
38956
37405
51259
33476
50454
28755
42297
28151
47680
30381
48832
22253
29405
49652
50076
28051
44568
22223
29699
33806
22350
39008
44330
21703
27742
42204
31738
46254
21784
23407
23690
29935
28254
38745
27216
32182
29332
40988
25374
25729
36307
30674
31865
21906
22898
25498
26278
42583
22460
28232
33372
36883
43138
32232
29247
36909
23135
33383
42814
32310
22808
23841
27424
36395
26882
31529
30076
37492
35520
31435
43993
21670
40086
23949
25329
40547
26195
30616
25364
51028
38769
34053
36945
28851
36779
46463
32616
39147
39914
21111
31650
49782
44163
51004
21359
36309
32298
48868
21118
47415
49400
35798
31728
21431
21836
21383
34879
21587
51841
26834
30533
23026
21969
23053
22512
37828
25358
30520
42815
45729
28518
49921
50009
21218
45959
35921
41515
22380
32108
40555
41618
32151
43952
30630
24134
27191
31267
29826
34776
24185
22787
29344
25037
34691
38582
38337
52464
40128
41934
37714
53387
28076
40929
21149
30686
52366
36550
37449
28919
52179
32746
30395
31248
22111
38460
24892
35676
23345
29557
49174
21998
42409
23350
42457
21297
26250
49098
31506
36607
26063
30650
51106
21165
27548
31384
28381
44423
24122
42769
52777
38289
26136
26768
31313
21627
25577
35842
48678
33334
38326
21283
49404
22156
31366
23175
45783
22757
24919
39346
33683
38631
39099
31030
43678
32151
35452
25382
36180
23942
35343
28165
31586
26143
28637
43465
41955
44504
39206
37696
40302
24420
34906
36441
47897
30712
31911
48006
53298
47277
30945
35953
21195
21315
27540
37726
51478
21693
23588
24230
29714
22862
39422
38463
27798
46960
22069
39197
24252
28983
29338
37461
38028
36484
27857
31477
32005
45394
39520
47579
23559
36263
22186
30248
21488
29696
41070
31272
31740
22423
42804
22712
36253
44338
22871
41029
49842
30118
41530
42941
25177
35462
43113
22297
39990
40247
31295
31398
31526
35245
33574
43196
28802
43659
24907
26949
33765
50164
27939
32846
23298
25421
43298
35750
21896
33371
45905
32060
22063
42007
29008
35239
38296
22640
31106
37237
33246
50097
42269
38866
52118
23510
29830
44961
21882
51933
33197
33938
21838
21632
36327
27100
29197
27330
49158
23641
27645
51706
30351
46900
48106
45131
25726
40892
21897
50027
49206
52417
25947
26652
24819
31287
23486
31868
21752
22241
23198
21457
37733
23734
24051
25066
38304
51178
23799
53242
24546
33778
25015
36337
42610
25933
23333
35974
21291
30078
34069
21288
36973
49630
22615
42660
50563
33095
28035
33652
39319
29132
52768
27549
22888
35789
46366
31898
47644
38656
49927
39246
40357
23701
25555
23878
24908
38179
27765
38196
25134
30659
26209
44630
40213
41664
52777
53763
52497
32729
40865
22064
44506
29513
31640
27917
28471
23051
31947
36679
36775
22697
46965
39220
47097
42923
28307
41490
24557
32124
47293
23031
30190
34611
24886
34302
23028
37069
23485
27209
31520
39115
39748
35283
40382
30667
32787
22883
26171
39578
44443
52666
25757
44368
31864
45317
52274
33228
50502
27618
48687
41395
29726
43287
37219
24770
29484
21701
45035
37189
43482
22514
37359
52349
33528
51928
43462
50135
29096
35836
21348
52288
29590
32886
25824
31157
46805
25487
27513
23972
28440
21349
36033
33889
40725
34976
26279
31704
28729
33641
28096
32545
21931
43257
24511
29471
33399
21666
30545
50385
22334
37383
22243
36554
50481
27713
21361
39671
48948
37558
51024
21779
26635
29376
32110
40316
49675
41144
46251
22737
25913
23139
36007
48321
22190
29164
28448
21799
48934
35707
41085
21371
48105
35035
25476
28952
39302
28523
40587
23469
27143
29545
29683
35582
35470
36388
34437
38122
27600
37785
40617
51867
22978
40328
23618
37230
37142
43792
47292
48222
36056
41813
37392
41763
29504
53796
21553
46886
48509
25979
32269
34164
24032
32728
44981
30094
30496
37239
44974
26159
45949
27040
48262
49088
22543
52605
34397
37111
25266
35649
35102
44818
30893
43402
34186
31714
39524
46898
32345
44281
21430
36829
22373
32362
32232
40389
40997
43606
26901
33977
38421
23675
24183
26588
31716
35716
21421
36305
52525
46238
35254
51670
21464
25415
34939
27939
42416
44412
22195
26470
44810
27418
40155
23666
31710
34466
28418
22352
48834
30891
42990
47947
37387
53092
22805
36761
52519
24693
49714
38552
45257
41931
46005
35000
36525
22397
28774
35592
33387
46019
22073
23567
27153
34277
35015
23939
47563
21913
44079
47029
39239
50614
35914
22099
26904
26371
21689
38943
41540
21454
44080
39387
28257
52663
29594
28570
32629
29425
50070
25423
28650
43086
36150
40420
51543
22739
23804
40698
46272
29060
39356
46076
23088
40437
22180
29671
22653
27072
33823
21477
32878
45283
23981
27915
37613
51136
23256
36343
23429
28959
21479
26502
25986
51869
25742
28328
22650
33866
36082
24573
31932
31695
46653
23548
43293
24071
48500
46884
50915
43799
53344
30268
49054
24129
35087
50510
32334
22228
36047
25513
21843
39923
44346
34189
43030
53233
21500
32669
22995
30357
46830
23784
41421
50007
21856
36618
45278
46993
47672
23615
24127
21838
35347
31868
39650
49870
50992
22973
25991
48565
21888
51622
45573
22849
34431
34835
22498
24220
22500
27580
21695
34209
42860
25238
38098
44678
24783
24821
49788
53631
29810
42477
47255
21538
39571
21711
37149
44352
34206
44915
37352
39844
22792
25319
25738
37554
46999
32120
24939
37789
41922
22722
26820
23751
30073
25473
30457
30592
34251
21774
44506
48686
43758
37299
21737
42017
33178
22944
40508
41560
25292
45204
26483
28101
47057
49837
50446
40487
42882
22897
41290
39631
46812
48705
21772
41080
43309
27099
22007
30675
50660
47492
51963
39128
43742
47456
47853
22052
41402
21841
26757
40379
23453
21604
47399
25471
28544
39561
22030
22588
49037
23250
34534
37951
23223
34477
41260
36815
37088
27348
28592
32320
24690
25452
35238
24342
28925
33483
33501
36390
28879
23614
29680
46407
22721
35714
24299
32049
42468
22958
31552
23748
36905
25891
39956
26067
39970
22027
46211
34451
40669
21642
46150
52442
22035
53882
26869
27666
22112
34783
45530
21682
33675
22695
22887
38991
22338
30607
31849
35666
41008
42838
27976
42108
51456
36316
21636
44580
21901
28553
22400
28605
33906
40191
40472
28043
51863
44772
48793
22826
48522
22471
23896
34278
40335
39083
22791
24033
25928
29541
33307
23133
25653
27706
25627
37049
26079
31317
21619
39743
37563
44670
26955
52522
41765
36296
23484
27877
46713
29943
45576
26718
33702
43196
51837
27817
33813
52348
43780
47523
24141
51168
22610
33825
22841
50431
23527
45788
33626
24723
29358
37440
23295
22786
21917
23237
40823
24384
33441
23611
33806
50624
22373
25659
35352
21754
22904
45168
23051
43307
32218
44838
22142
26508
22863
31173
42884
42961
24265
28391
45729
31227
35756
22002
26925
46719
36137
23301
37551
28072
28337
52262
23282
39654
44703
44126
50186
22277
50704
21792
23709
21723
29216
49092
37647
40188
25298
34403
39666
21669
25463
32860
39313
33516
36344
37846
51241
27490
28743
35713
48217
29041
48875
24659
35156
51743
32333
22889
31838
40351
39272
44289
45555
27001
41756
29689
33474
25107
33168
46357
47581
48753
22523
48619
21767
28316
41354
34417
35098
46232
27311
40620
21734
34208
34875
23786
24453
21750
41182
41089
46619
32843
36754
39440
35724
37504
24348
34354
26909
24303
24000
37223
21850
37434
23760
28987
38220
23068
32987
47333
24568
42882
53537
22177
25234
29869
32202
31502
48115
29546
29414
31322
23325
26476
32800
46831
25054
28049
43881
22719
29356
34863
44515
45109
50855
28258
30327
31431
32387
35618
41912
46421
48335
22349
23113
22964
30770
44927
23046
27527
31107
25755
32286
26843
49542
22270
45695
25291
40078
44358
23465
35421
24896
25892
39929
53548
22689
23374
22491
52857
24196
25682
30300
24988
49332
50834
52267
21756
29221
39941
49120
39734
22147
33979
23479
23692
22843
39871
38625
44459
32765
49606
21785
44980
30547
24879
49336
21920
42435
25546
27229
32856
30418
35841
25920
51218
27265
33070
35111
32466
34152
22428
34476
38219
25656
33296
38772
22222
48832
22401
29589
41133
22101
22221
38024
25842
45000
45012
49098
23430
23910
27757
32622
25004
28756
37867
23495
47558
28112
40436
46181
24125
25404
44134
22818
41098
37792
39692
29888
47820
22061
45146
34552
46397
52714
31410
25392
32816
37579
29837
44691
52931
33649
50046
33250
48349
34214
45768
32588
39774
45304
28510
49513
26261
37455
37887
44931
22663
49978
30164
39341
27622
30249
31355
22601
33673
34505
22660
29263
26515
52602
31058
51781
28791
46679
22682
23480
31955
51863
22806
43990
31904
53267
22370
34701
46737
24308
26110
22140
32141
42495
23733
44106
25142
36619
40753
34402
47374
48427
24831
29359
26285
36107
21952
31194
36704
45272
40660
22079
23186
25507
33345
37684
42028
38898
39711
22510
23738
53395
23369
24568
48085
29347
36916
38863
45666
30257
39912
21908
47879
26563
25179
27480
38366
41192
43993
26322
49703
22698
44002
51704
38830
27166
39561
31907
42066
22709
26799
24490
37393
22631
28457
44093
29825
45818
21967
28508
45861
30138
40322
23601
25563
30485
26071
22603
34121
40533
23300
29685
42078
41137
22143
40840
50102
23897
40298
42170
23048
23610
33506
42499
24364
34777
24634
35007
30185
30636
38537
45847
23838
24642
34878
29638
31749
51164
23689
25625
23858
31051
31980
39272
43655
22951
37553
26799
47919
23039
30046
32042
24168
36685
26292
30829
43396
23519
31245
36984
23070
24466
38625
23243
32539
26662
51176
53648
33129
40098
21913
22143
37233
33864
42483
23674
44049
32182
35343
38730
47789
52318
23198
29110
24110
29994
42816
46003
33290
36288
22036
36512
39142
50643
23840
41752
27429
35146
23860
30227
31937
23995
30420
21948
44297
53153
49947
24840
38249
22619
24443
33690
28380
40460
50691
37182
42077
22149
46207
45476
23244
26444
30145
21928
49388
49336
49503
31120
24656
26906
42252
23982
44940
46131
49723
23149
24469
22782
26250
39910
27614
36626
46990
28731
38386
29517
32408
48044
51928
23809
27082
25424
26407
29166
26030
27250
35676
24209
31866
23268
25122
25712
34316
40480
42920
35251
41579
26268
46983
37640
49765
24147
24049
39813
46260
29982
25181
31910
27051
27625
22593
23853
41497
47758
49699
23252
43126
49273
26087
22203
35830
50328
22522
28506
23145
26090
33339
40352
44219
26068
29705
23789
24581
29923
43645
22942
40807
51101
31144
38576
29753
31991
44752
21981
47679
22096
41574
26675
36385
41021
32679
49147
21985
29922
42426
29579
50349
25571
35759
24169
45909
53398
24043
26300
29446
35970
32301
45724
50266
30642
40503
40951
25787
27629
34083
23945
39041
23155
24599
53275
41295
44189
23857
33809
42077
22415
42845
41708
29426
43588
53525
46523
51785
37889
50305
24322
24987
34039
22105
29653
45155
22091
22856
41010
50729
23261
40893
49350
37219
49108
24044
26228
23763
31941
40418
35512
23699
34320
26410
35540
22812
47571
35689
45927
22454
31511
48128
35541
42520
33972
24639
45403
26634
43019
31434
52266
31089
53118
22040
30353
46247
28654
44834
29963
46646
22099
24229
37291
24592
22103
49425
23069
38607
27701
46358
51776
30326
46571
26206
31968
37298
52825
53763
30883
34570
38032
45990
50827
22459
28079
38727
25001
32563
37213
22071
23268
28904
38228
24942
31180
33887
48136
52572
23407
32450
31771
22101
37978
46750
22920
24252
24288
31601
46572
49537
27994
36117
47889
53792
37351
40366
22219
36955
47669
49266
53643
24379
38213
30141
46038
34800
50145
22541
26717
41299
27686
33614
25372
38402
23572
27146
22104
31408
42495
33064
48344
23528
26553
22684
24888
22884
37828
25166
26257
30529
41495
51320
23576
50721
22519
25872
42260
50139
27122
30553
50192
53642
41139
22604
23502
36276
52269
22101
27071
31367
45873
49668
22251
38623
48531
46444
24088
30438
48254
32790
33348
25210
26939
28697
36822
36749
41956
47994
22889
23781
37519
43653
47742
40723
37278
22131
30658
33023
29298
22328
38376
39006
25332
31677
22999
48298
37637
46933
22602
23493
25470
39916
31279
45077
24138
27163
28293
51422
35634
44577
26444
29600
28198
36420
24499
30331
40586
29720
30236
50528
37404
23522
53279
24010
30411
35933
48629
26612
39545
23111
38477
48753
23633
30634
45880
33085
22141
25053
34633
41936
49316
49438
34262
41289
39648
39720
49239
25087
43305
23431
43073
22152
39449
34597
38515
51063
25393
39602
23963
25242
35859
24179
44322
23103
24156
30128
31608
39210
47777
22804
24637
26940
22163
22658
43097
39690
50390
53396
26955
52522
47520
51519
22714
29084
36725
42645
32673
43699
28020
32514
24312
50736
24429
27663
28055
23288
35704
39948
37517
42929
37080
40172
23099
28876
52089
25245
34084
25106
45460
39835
29473
29797
26838
50201
40365
45514
30666
50235
36269
41094
40178
44945
22196
40951
30730
36996
32074
38498
22552
24012
25365
31738
37998
24521
25584
28695
34705
47257
22453
24021
25538
47623
35208
40930
46501
46594
35243
31421
34673
48135
22431
22267
25219
30698
24460
39716
23579
39627
31093
45256
24766
31773
42131
27736
35300
25636
47741
48250
22226
27758
44471
46873
26907
42952
31857
36160
32676
52221
23500
51120
40366
40585
45797
28690
46511
42655
53393
24666
38742
33156
23130
32212
33102
46463
47258
51660
52032
22913
36897
50685
26670
35442
23655
37397
41656
25756
46779
29841
29515
42708
35192
38522
27465
29818
46608
23611
22248
48346
33694
40054
22249
29900
34507
23918
53852
31848
22979
26328
38930
22347
27893
43858
45789
22256
29354
36868
23535
30663
30413
43872
26651
29927
23209
42335
51511
23597
24217
49265
26475
32616
44753
27406
23061
25208
30042
32805
48893
31202
49121
48672
42278
25417
22612
36401
39330
30495
34726
41099
46030
28189
37033
24845
52935
32904
47991
23661
23944
33850
36954
40146
46317
22346
36987
37555
29995
34180
48294
22416
31947
42997
23922
32664
34259
37376
44853
34698
48730
24234
45595
49402
27211
28211
33464
24244
24955
28772
22310
25101
53013
25486
26157
40915
46839
28441
36214
37661
42028
22783
40101
23844
39600
25095
25631
41458
41586
22318
26238
44862
34692
24806
31892
35815
28620
24311
22566
37637
26300
48450
22899
23715
28058
22489
42518
26971
28942
48242
31357
37297
44906
45931
48196
53742
40195
27745
31446
46159
22353
31473
22724
40137
45541
23887
32177
32752
39401
40247
48804
40617
51553
22336
23721
22414
47504
32612
44953
40545
22435
24053
38865
50212
24218
40001
27371
48311
34131
34692
45423
23038
28277
29728
24097
52915
31267
33436
45684
26697
29204
29538
45891
22514
38910
51791
51455
27118
28348
26546
46853
50559
46352
22474
43986
46864
25256
32268
23443
42274
46778
32960
39676
29950
31070
38619
43266
43576
35980
45746
40924
53348
22790
24934
31766
38892
46559
25213
27148
44629
42130
43523
27539
40338
40843
24667
24358
26788
35027
40028
23679
29602
39896
43407
24306
43935
22381
26663
34653
27687
39695
46419
31968
30835
40761
46860
35643
44723
44261
29157
24248
42276
22785
37278
23098
24385
30756
31092
44152
41962
28912
36435
43419
31441
32059
24429
40466
42159
44404
44009
47430
27486
38309
42016
37983
40858
25484
51947
45246
53646
24862
27762
23064
48646
26697
29694
53720
40778
53720
24330
34908
35891
40234
51947
26358
36446
49562
30048
24967
32946
23762
40492
22740
51169
25730
32388
23101
24897
37277
22829
49849
25415
24906
45174
33009
25927
48481
34553
53887
35417
38351
46703
39171
33061
33520
42395
43980
50339
26084
36081
22802
29427
33600
46752
43741
47171
26762
44212
49701
27028
32375
40950
25917
38918
27305
24147
47905
50767
29003
35922
47157
31465
23220
42846
46098
48724
23296
27391
31638
25391
34672
41527
36575
37997
26709
38306
46341
24563
30097
33046
29138
33752
31280
53414
25277
26353
48771
34499
38832
26047
42520
23924
27992
32577
34753
22647
42210
43667
40090
41552
46742
26857
31907
25060
47164
25449
33421
25635
33606
23024
23639
22506
33791
22582
30845
22698
47458
25290
26023
43131
22488
29226
30034
34089
36325
45775
25401
31203
44234
25173
23285
45219
46435
34452
44406
39314
42243
23251
25698
29938
23833
36056
40846
34917
35410
51819
28580
22622
26464
48024
23342
41374
29761
31436
34631
42065
43456
24024
40593
48208
42163
46439
50820
53419
30732
33944
36939
43649
53284
32395
48020
33083
33451
31834
43078
23416
25256
28002
26835
38018
50993
23178
36766
22532
44570
41338
25044
26925
31271
23356
35016
40185
25055
52548
26557
47130
22581
24800
39260
22592
33400
22600
30939
31672
34130
45680
33890
36832
42168
35729
38451
30322
50862
33176
31896
24787
51375
22670
42047
52277
25076
38737
42799
23498
26552
36900
22727
36674
27381
28410
45844
22591
26914
26678
35443
45604
40803
52669
41083
22766
23002
39870
23192
24466
22556
40263
46550
24654
22605
40500
44486
41833
44097
23110
29198
36179
35892
39750
24286
31261
39503
31336
44776
32302
41547
52929
27130
39379
24590
26020
35086
39158
52277
28436
48305
38963
52353
25676
32003
42679
25786
23852
24015
40311
29518
43921
24722
25080
43940
27575
35685
42519
26994
31230
23935
35433
37718
22582
33086
46097
24038
30626
47989
23565
26527
23987
51824
33297
24452
38210
47691
24075
48918
37406
27506
47706
43450
44582
44900
31714
42177
30764
30704
34085
25462
37614
44867
24930
48529
52711
33026
22774
36660
42555
52488
29627
37082
27937
44131
23530
33829
40504
46421
28532
33486
45060
45721
28829
27077
51608
43835
44075
32241
32715
41552
43917
44155
22659
35664
27892
29184
27068
44284
32813
38489
28903
48498
44462
37782
52557
25036
47294
34102
35123
22777
24494
30593
40970
29541
49598
26165
26253
23842
24488
36748
49793
27703
36544
24821
34321
39790
49344
30221
41243
43982
50772
26167
29965
38640
24675
26528
22639
26664
23264
24158
27640
29846
48000
50110
32015
41733
44174
29212
37054
22992
28906
32888
34548
37540
40824
51923
23207
29872
44005
46249
43356
37314
52309
30661
25083
44961
24867
27150
23751
27974
48564
23670
32092
46517
24104
38971
45588
42413
41913
32955
23386
39512
28820
53495
40167
27986
40637
32423
32900
25368
26466
23306
41161
29112
38079
34579
39187
27070
33245
48295
35507
43125
26265
27271
26550
49784
22967
52917
22769
30264
23034
42964
50549
45431
51394
27558
29684
23811
36340
45753
23098
47214
28007
24451
28172
40261
31943
34539
23142
37865
23393
23533
41267
24973
31036
37277
49245
23422
38541
52798
24192
24421
26639
29554
50954
29345
30386
48547
26575
26819
40686
52295
31195
40207
41965
43302
25077
26975
38347
33536
39232
24257
41162
23791
34935
40168
30908
50618
34948
35849
22731
42173
43198
41479
49523
22718
45123
38456
35162
50475
30445
38893
24462
33807
42692
27085
50746
23340
35270
24798
39584
35398
37076
47771
49065
49671
52299
35715
46705
27263
39337
41459
23632
48758
40696
43291
43582
45378
23259
37792
51982
47536
43011
52292
38522
23938
24841
23861
33871
42531
31553
35794
31073
32472
27779
35160
34104
45880
25403
29760
47351
40502
24523
27291
31541
23667
38398
30757
52558
30335
37304
41673
28481
35303
25089
23483
37362
32571
46762
24339
28094
38150
31596
31254
37817
25014
34461
35973
30230
32858
25961
40066
41048
38995
48591
26872
43485
28509
28706
24971
36509
51212
41789
32371
52610
53111
37826
23348
36907
50210
46933
47506
23113
28855
36031
24375
48401
24762
28948
23281
44264
33453
30436
50143
41786
53640
38234
39007
32142
37396
37141
48780
27680
34738
36166
23238
23361
43022
31530
46221
23832
34007
51618
51655
46950
24455
41413
44351
26611
23570
33452
27859
36930
24542
35520
32868
40463
22828
46239
24401
25167
39149
36943
40748
30936
45979
50230
25160
29655
30522
34932
25344
28720
41406
29355
42652
38731
44281
39742
45623
22825
28827
41749
27189
36073
35925
53064
25165
26217
33926
47224
25190
25228
25881
30081
24872
34298
41328
30885
34525
45879
52044
45612
25162
49660
22905
41116
49106
24676
26109
30205
40630
23418
30834
36776
33373
37306
23388
36208
35694
28669
30952
37748
29997
30841
27048
34842
34123
46257
42724
50022
25999
28125
34666
30792
43760
32929
40633
24124
29754
27183
33332
37938
23789
39585
24799
22853
30427
30490
46084
41753
26355
50525
23421
44095
24068
43673
49469
27906
30412
22860
38205
33090
24667
35346
29515
43260
44483
49002
52174
34183
35646
43384
29792
40550
47648
23154
30334
23785
28132
34309
41874
25251
50889
32605
52388
24011
27641
36752
22959
24845
23147
28155
47717
32465
44478
37420
39857
36805
26688
33701
50507
32026
48512
53417
28008
43601
42114
47651
41376
43078
26864
32772
45404
27919
33031
44535
48264
39396
45051
45289
22896
29663
30453
37578
46896
27006
47296
31967
36062
24962
52639
27878
46780
31501
27960
45114
47216
24136
28649
35955
38806
22970
44069
46708
23413
30412
23590
41225
47944
44138
48828
45509
46004
24585
39142
44220
23112
35885
37509
43598
43732
26175
49209
27804
35046
24395
25146
40639
26594
29388
35846
36100
32422
31172
34435
34386
44027
42288
46892
30760
51210
24884
24206
44370
44818
47293
51370
34417
35248
29674
30917
49066
35919
53590
39345
46004
24096
52479
49366
26966
34544
24261
28352
39398
25088
28405
28848
24057
40722
42207
25545
28460
39251
50566
30631
37019
24307
34432
40170
23092
32250
33485
31302
33068
35569
22956
50581
23746
38969
46514
23232
40430
41005
47078
32005
25648
33082
35539
52963
23843
25574
23419
41065
41292
24983
34409
36895
25955
29767
23917
26675
30627
36262
51565
53772
35108
36471
35052
42452
33079
40136
33603
40410
25133
37345
41978
23896
42374
53703
25179
33214
25083
24895
29035
31151
33078
36046
48953
43493
51227
45369
47738
24658
27289
32971
44335
24796
31443
45840
53367
42082
46891
24597
33844
28005
35898
28860
37307
30366
46156
27438
53918
27041
33037
39068
32494
34376
50820
23515
30557
30980
39262
26496
51482
27978
29273
24432
31557
45691
27179
27789
23525
31277
23693
27556
32499
38295
32809
43145
26028
50451
33442
25613
39840
43321
23688
24178
45831
24240
27508
30581
32183
23803
37843
30362
28131
23764
36158
28616
34889
23582
30215
39544
24789
47376
23056
39628
49505
41285
30719
46231
45787
29301
42331
52671
43788
47547
29429
39392
23037
36967
40403
47468
50550
38006
23040
43375
23110
37423
31447
32518
34753
50040
23625
34078
43636
25969
26861
31443
23829
46314
46328
26426
29079
41265
24923
37991
51000
25716
23817
39890
41073
41705
26183
35329
28763
33272
23722
38715
33162
24577
30900
39282
48813
49846
42225
27261
46371
30080
37869
24149
31935
53830
52908
30586
25988
33127
25353
41807
53314
23915
36078
39712
27731
32190
39158
24063
48478
25143
36702
26081
52990
24536
32825
31301
23647
26041
43045
24287
26457
36204
23486
23640
29682
30366
31316
46157
24249
28924
49434
50910
24424
24915
40613
25576
41967
23340
28014
53213
26413
28944
23806
30193
36184
25155
48542
24422
41330
38685
42864
37115
45462
23668
26460
27436
26732
31950
35347
53159
45332
28063
35640
27416
28589
28584
35471
39825
49245
49360
26150
25252
26512
47351
49846
23484
52962
23460
33963
35281
25809
45635
32865
48143
28426
29256
32544
38033
50722
39283
29724
33232
29751
28188
37260
31588
36106
23540
29515
38802
48822
28442
31226
40880
50877
32139
38241
24272
33990
28223
31150
32538
25599
26714
38136
27590
37155
42813
41926
50140
36461
27948
24782
44618
46923
24809
29614
45540
29785
34026
33162
33778
31094
47786
47831
25493
38950
44992
24403
32839
38229
24266
23349
24903
31295
35851
49085
39826
41369
26417
41020
37372
29143
31675
34261
38905
25270
24834
33695
44968
34111
31324
50991
30903
37476
42743
23596
36928
40137
31121
31227
29807
39025
23490
33841
41491
26992
42274
45959
53426
27374
46543
41311
30739
32098
45126
23988
37438
43255
28844
37560
23331
49750
25435
45795
26566
34931
23184
41424
46193
36946
52850
28295
38683
35582
51119
42844
23563
24722
23203
30932
53072
28933
25471
42507
44263
29989
42716
26625
27112
45031
34578
44097
25647
26681
42925
26923
28361
52048
23389
36830
27523
36220
25768
33577
38443
25341
29059
49058
25744
49500
33434
42613
26033
32439
26172
40040
27360
30850
34821
24371
42394
25313
26170
47387
23231
30996
32156
43143
23216
44240
52400
24461
36920
41823
46217
32236
35255
30402
43471
40360
47080
48289
51326
32264
39548
45033
50387
23336
38424
51092
23316
34392
34439
44865
49808
31257
31702
34658
26482
45984
34837
44613
25575
37600
49637
24337
25481
26797
48263
23242
26578
41475
26507
41330
23563
41369
25184
39446
50420
25985
23246
36569
30713
29237
34177
26540
32920
28237
37511
24127
24277
27351
41551
28247
30192
37145
24198
23392
34724
47776
26927
48669
34925
45031
25428
33381
38017
43512
25895
53114
32114
38690
24475
38806
39111
29887
23364
26115
41903
33822
52708
50834
39286
49955
48023
28285
30842
27213
47487
24814
33163
35941
24873
30693
34038
29615
36397
25428
24313
40643
41864
30034
36941
45846
39300
50185
28238
39309
28336
53408
25483
41395
44047
27643
53518
52895
24435
33938
49074
29427
45064
23823
48177
30415
39656
23499
25097
38883
28024
25783
29410
32600
26319
28627
28576
30482
26227
26471
39728
26490
29348
36522
23306
23409
26854
24891
28900
44305
28029
28702
36206
27064
38405
37515
24141
50325
48000
23314
44355
50992
38873
26433
33252
46332
50809
25899
27293
48582
50972
23327
53026
28952
39144
29216
32353
23956
52347
43282
26957
30492
30874
28143
44454
42637
51209
35829
49612
23775
53257
48218
24242
32774
38371
26990
35984
40254
27549
31590
46914
32392
35375
25748
31988
35750
24399
30182
45632
27959
50103
53419
24550
34799
24119
36390
51379
24342
35089
47791
38288
49625
25533
42169
48300
26881
29266
50109
24197
37068
29920
34600
36088
31553
49829
43751
49396
24478
32178
46452
28002
31524
29322
42237
25071
52901
25049
40612
43063
35764
41830
30865
37388
28563
23526
43517
28335
31862
34444
40109
31613
43410
43986
46742
40419
41847
46928
47799
50352
53598
25315
33521
23475
49606
32738
25326
29209
30902
38663
31054
32215
36583
26519
32872
48588
31050
35687
27688
34862
26850
40153
46391
23409
47998
51179
24016
31286
34659
45811
49257
36770
32372
38007
24306
43935
24354
43146
27433
39316
44831
25206
30631
30079
38957
41500
40428
42642
36538
34952
47514
38242
52563
25832
29103
35537
24660
29942
31023
49673
32348
51455
42629
52912
47705
24598
49467
49938
27884
53751
27484
35332
30262
40405
50592
40277
47718
37957
41885
23937
25496
41362
47687
37657
24494
39704
26961
49815
37757
48245
27867
44048
47946
44328
23436
52808
32778
24410
27832
30511
45793
30972
36716
23512
41770
23801
29112
31722
28836
45767
25300
27038
33191
24153
36729
23452
46264
31799
39841
30469
34978
24374
37989
35921
39579
26910
32853
40352
45861
26356
31235
25761
29346
34698
25209
27662
30197
23477
38161
46464
51545
27969
36197
41347
35820
40645
52343
23493
33703
25123
42321
46295
49375
46835
23474
25652
25226
50725
34567
45115
32121
25934
35439
47243
23489
29101
33458
35335
41873
48772
47990
30461
45168
25327
28796
45850
27322
43559
23967
32256
51207
26570
30781
24483
50010
51628
23488
32890
37636
35793
35237
42535
29278
52963
46519
23903
29381
32222
33524
24486
27132
33607
28619
31300
46718
46500
38653
39205
37160
23505
26042
26305
51125
27610
39131
38817
44493
24229
24841
38862
51122
34331
29904
34096
37208
51181
25512
32497
46166
31923
25975
32881
32230
32598
24131
27503
52031
38508
28326
30441
24540
24964
31049
40287
23706
34247
45775
48800
29941
24125
53446
36370
47405
25688
25692
53369
26316
32421
40380
29993
42454
23917
44073
51277
25541
27784
26920
27478
31861
34945
26375
31884
32699
38651
42708
24349
25163
26373
36511
52755
25386
25289
33166
33992
48367
40715
42420
23901
26726
46204
23747
38813
24790
26290
48795
31120
32798
43093
29006
30156
42318
25548
46108
25775
38968
45994
28549
28794
36287
23564
25589
30141
38403
46024
24309
46676
53393
30188
42561
28018
46085
49559
34187
46754
24991
35215
46839
41176
53106
23583
35250
40990
23796
42690
39011
29294
36849
28052
41661
25806
33698
25581
32444
47818
49224
25285
47573
40877
47894
34509
41071
25570
44715
31911
35996
30783
26177
35527
53128
51948
23600
34927
34613
45479
51042
31470
48999
34045
49385
25469
33311
42732
35827
49013
45475
48767
25962
38401
38559
29269
29850
23723
46499
30085
37643
35765
36116
36829
35138
25159
24835
29044
31946
50693
43693
24761
33404
27428
34252
26865
31810
23835
49713
30708
49818
26625
29999
33509
50061
24946
32400
46369
26118
41682
24859
31228
42087
52936
34821
24030
37520
25719
45539
48535
35977
36498
32329
37293
24429
25456
44706
24976
41760
39142
46646
23736
48275
28425
33287
29910
37942
25350
26952
43112
32536
36523
26548
32682
39145
23704
34994
26461
34968
39628
30163
32105
27374
46543
49060
50148
38003
25151
28446
34947
32772
48682
23790
24095
24813
42644
47739
24434
32928
44333
23958
44758
24684
38475
40246
27794
51684
33470
38974
27434
28942
24800
28013
41199
51043
25109
31755
34337
29926
51142
25367
29006
31777
24423
27947
35932
35386
38287
23680
36141
25617
26997
34954
45197
36751
35498
48209
50575
25642
30732
40828
27873
50713
23948
41513
49344
24669
26895
39552
31223
34014
27701
36074
29122
39983
26514
51371
32009
32846
25033
34109
44764
26399
48183
40955
43599
25316
29089
29505
30194
32629
41001
36524
36547
33905
38143
29761
50192
23710
35461
27701
47631
35658
42653
49420
29201
31571
25019
38975
48576
24951
32730
31753
33019
42927
47747
26317
38969
33618
38230
53141
35549
49157
43762
47599
31177
31815
39998
49044
45978
34582
42129
23783
45397
29759
33951
35485
41252
24103
31352
43891
24926
42986
24552
25693
38545
30919
24937
25966
30190
35704
48865
52592
53599
23773
26339
35451
25722
27928
30811
28614
28793
38078
28884
39792
27788
46949
26165
31105
48539
37098
44905
28631
44759
32590
44708
27702
48947
41878
47795
23896
38965
45171
39186
40573
30999
31209
35595
27276
29943
35711
26668
32796
41254
42265
53478
29091
26695
53882
40419
26727
35874
29965
40535
28985
24532
26104
39759
24495
33083
52441
40924
23830
44008
28939
24875
49529
51996
23877
30776
24108
25882
29234
32440
48106
24515
38852
51198
40527
42068
51708
41857
45602
28252
30466
40911
48892
45720
27825
37989
45086
24259
26958
24315
40885
27763
25607
41237
51887
33625
52430
46512
25084
52391
25387
24940
38298
30514
53522
24957
39658
36694
43519
34662
27425
33013
50707
27843
34298
49948
28225
38137
28306
50121
40439
24882
44257
28408
32240
44131
46455
26023
37723
25644
26313
39643
33773
33345
38285
42565
27748
40987
25841
44807
47076
28939
42687
29656
51402
32913
50567
27248
35788
43594
25812
52689
52077
52958
48786
50869
43893
46369
37941
52272
43816
45359
27223
46250
25448
30086
27187
30230
23871
28153
37956
38356
26822
39273
30332
38752
53248
27642
34665
23968
47074
41599
43082
52035
53650
51592
30451
49064
35451
24122
50990
25813
35678
36510
34462
48463
26170
38831
27028
34730
35684
34113
24717
39696
42778
44478
37800
39496
26867
28100
48887
40665
41866
31622
41903
46112
36689
47472
23940
30909
26361
44858
51519
34748
35802
24772
40593
27299
40910
26750
31739
38485
24473
33163
37722
24940
29289
29673
35345
46527
39791
23881
46734
30039
52858
34297
27546
29303
40742
24092
27507
51929
34354
24531
25594
37229
23889
34371
35300
38210
51231
48374
28748
34161
31561
23890
24858
27378
27737
38821
40907
25100
28597
42770
47901
37176
31733
40263
25092
52323
28125
51712
37329
24176
33178
37479
33190
49714
27564
29775
32736
53440
25697
35474
24720
24772
24948
37056
27572
35557
30259
34617
42933
27394
28604
48037
24825
38520
47974
32301
43599
28908
34281
25047
32469
36385
42593
48963
50253
24335
31923
44961
28243
32718
45908
27591
41360
43931
50303
34047
39967
42072
45928
26085
29100
31162
44054
41646
37415
51328
28307
35548
28387
39817
38679
39610
28396
28643
46807
53698
25667
43454
24089
28858
24267
27621
40496
50889
53725
26082
37164
24156
25311
26159
29222
37945
41029
48508
52356
46769
26459
44571
36258
40986
23954
27280
48638
42022
34004
40557
50071
24163
31522
32314
24702
40408
24296
32484
24022
24060
37862
25310
24190
36811
46100
25899
26632
25777
39563
24212
26985
43649
48053
24099
25354
43845
30669
53166
29378
30941
45799
25090
51478
24558
30855
24732
32727
40057
26651
44092
25660
41132
27272
25758
25708
47519
24750
39485
33776
53141
27267
33309
34536
33913
36023
24699
35039
39317
25376
26696
37898
38280
40751
26530
47743
25279
29002
29482
31916
42316
26498
42099
44268
25705
26573
29453
45075
49580
30197
31240
31926
27767
35917
31241
38604
28290
35277
37171
25696
27589
34936
30929
39850
24937
33498
35280
29812
51434
24839
30613
31897
35481
44548
26418
38153
49051
53793
53793
34170
49370
33897
40082
25783
31312
39214
30428
41499
49608
25810
37497
38600
26535
35039
38344
47896
26444
39972
41934
30231
49104
24478
28892
51598
27224
31596
47174
24979
25743
26765
44519
34819
43452
33527
52302
26672
38025
44433
30088
25800
40272
40396
48353
48926
32307
47150
31047
33870
35261
50104
28191
52841
42278
26377
31603
47893
49979
34564
48653
24191
26875
36448
44076
26263
29670
40126
43101
25770
46454
49429
26286
24065
41681
51133
33866
37752
32207
34880
46753
48985
24853
33715
47653
24764
36970
42995
28356
31239
33743
36458
38396
43825
48254
31796
51576
26551
44108
30678
38925
31096
35185
45875
29401
35083
43025
44133
30635
33423
44917
36567
41973
26312
38836
42519
36977
24240
30634
24093
41863
41617
36688
45858
25152
43105
53920
26523
31314
38887
32253
44711
24130
25427
37464
42976
33040
38801
32487
43350
51731
24411
25339
48249
28751
45982
24244
28435
33398
41598
41628
51669
35445
43226
24915
31330
44640
47538
24291
25582
47353
33541
24123
35294
26154
31917
46576
49911
46419
46423
26642
28728
47246
25311
24658
38825
29539
50099
25769
29836
26286
42797
47836
24172
31504
32258
41952
51548
38907
26659
36953
29650
49297
26934
32377
40252
46943
32549
40532
41914
33001
46756
29499
31188
37855
25487
34717
44551
37228
51679
32188
51226
43195
34140
24603
43532
28537
40623
24263
31798
39864
26301
26860
43648
32528
32720
40209
40880
35283
27075
48680
24243
27039
42404
24245
32841
38676
39134
46296
49736
24604
43200
43223
25772
34231
29280
41495
27346
24188
35605
53735
47820
25008
27628
24925
31720
51509
29321
39321
53215
32854
24562
24961
45592
30809
34295
28202
44391
46066
44258
34238
42471
24741
39276
49170
24228
36155
37113
24449
35805
47675
49147
27876
31754
27977
25983
24927
30961
40534
37736
43626
35102
39295
24519
40575
34711
47480
28329
42777
24213
37807
26147
34634
24223
42554
50330
32688
35070
49298
39709
52255
26149
32608
26434
45423
48077
47427
38850
36869
29637
33922
34959
27009
41269
46080
26782
35607
25887
26462
33701
45494
51008
29777
39855
44011
25494
29404
38888
24470
34097
34302
49111
26273
32664
37414
25022
26460
30052
30595
33502
36223
30910
49073
33916
29497
46796
30449
30768
33972
41129
42269
40010
24575
25741
37777
25737
48894
28055
24457
47485
50019
34437
42266
44315
41961
24567
35541
24996
25628
28610
29675
31831
36013
40412
25628
26524
32889
30706
47387
27505
36718
40120
43460
24963
32055
42853
24272
44692
29755
31905
31706
33072
33266
24441
34246
25024
27312
49141
25159
31782
39608
47242
26648
27503
32167
34228
40759
28162
25304
28065
24811
35482
52803
28532
36669
28194
42140
51855
27663
32649
41792
52773
43759
46481
41528
52728
32987
37948
24671
31982
28174
30867
34014
24326
26584
52882
26407
49422
36285
36904
45908
26200
31603
27329
33449
39867
49283
24518
30716
44774
25204
52718
53010
35270
49165
25078
41670
25785
29366
48593
36457
30359
33333
41501
24595
35964
45768
29076
44318
36583
42484
30135
30655
43161
24323
26869
31665
25274
40780
43736
31402
53559
32543
44730
43230
44532
35330
43655
27780
29812
24876
42526
26513
26630
35468
35656
38988
40326
38308
53819
25539
27069
45127
25003
37064
47346
26370
28142
43340
49742
43508
27499
40237
38833
39419
24671
33073
51263
41935
31775
33103
34406
45149
37445
30605
31502
51698
41797
36170
36703
39044
50839
39451
41347
40477
45050
26081
36120
30228
35355
48567
39297
24492
25168
25718
25198
28672
49363
24366
27287
28191
25170
32065
39983
28725
44488
43424
26458
39502
49916
24707
45640
45718
29056
24752
26191
52056
25814
34627
45918
25448
26524
29675
26679
38950
24863
41583
29781
25903
30726
40663
29745
31388
27003
32063
33177
27488
35397
39499
26287
45754
50803
52209
52413
39003
29019
40583
24699
51861
26739
52725
53037
26998
39856
25837
28330
33554
29762
31817
35379
39712
37932
38988
40707
24694
25411
26573
30875
35117
30837
27019
31664
31895
27970
40666
49282
38411
52405
30785
31344
32826
45464
53014
27049
37334
35389
26145
31542
24447
32000
49176
24821
39962
28375
48637
25094
42323
28423
25059
37961
38869
45224
52964
25328
42540
38237
48335
40823
42642
28355
33831
48285
49021
53089
35769
39149
24433
43549
49128
29819
51374
28506
28883
27509
34707
52267
31032
46897
26760
26769
27021
28419
26928
33506
48368
49274
42454
43992
53401
51057
27768
34050
35486
44511
47172
32937
39804
32347
33188
42663
35099
43330
34101
42744
28112
33060
46075
46092
27251
30790
25597
30146
51472
40514
40895
31353
32193
33857
32394
51475
53429
24465
30794
32316
34372
40681
30775
48582
49479
36240
40905
26271
34098
26738
30644
43605
43637
25595
29627
32039
25403
32792
41056
50367
31341
45463
26311
25139
49208
42096
42543
43596
51197
31106
46222
24946
27626
38142
29493
32180
35569
48628
53479
38194
35858
45878
44913
39432
42141
41629
52550
26174
28707
25117
39264
50807
24500
42260
40321
47764
49182
27135
33950
24855
36359
44006
24606
25300
31470
49682
33903
36013
25352
26519
31741
42128
31350
25205
46665
30554
36057
26268
29555
48522
26633
36244
44372
41189
50643
25235
38387
47633
51987
38934
49708
34405
51524
25086
37165
25781
45314
24526
29460
34350
30722
42326
35012
39720
24534
28658
41482
48427
42116
28982
30023
41444
40005
29734
30795
25185
25782
50464
26065
41773
44004
27678
45882
39080
41922
25261
31973
47048
30019
37226
25420
32366
25171
30300
50014
32603
27451
40915
26027
35661
35811
44428
33926
36917
25222
33384
33793
25743
44760
44144
52766
28070
26775
29313
33617
46857
40050
26684
41002
33898
37771
42329
30409
45120
31641
25395
27258
35267
34575
35125
47559
53893
35060
48519
25883
26099
48435
48595
30082
34816
31929
51690
39428
34495
35042
50731
27694
42645
26212
53310
28269
50300
31097
39648
51440
25464
29259
24972
26868
25902
30359
25160
32771
31095
46313
28779
31843
39346
40971
52412
33169
51438
25878
36942
47018
45304
51312
32006
49631
26474
27188
27676
26837
30245
26419
31759
42250
24676
31554
26720
35105
37416
42576
29701
25516
47687
26728
30054
27212
32407
32608
50945
26893
28077
37169
31722
44175
47987
51917
24981
44254
46098
26841
38252
40132
26261
30714
25007
53032
25135
38408
46894
29627
24886
25291
50033
31903
36053
46132
39332
28587
35267
26034
27030
24848
50152
25193
39064
33006
25720
39959
29252
28974
46969
28228
34641
34967
25657
25375
26308
32988
44914
27783
44942
24737
43728
27207
37914
43575
27278
39842
44590
26731
27462
45465
27541
32678
28530
38293
26917
53767
25432
34487
36546
26249
37141
25705
24779
47702
25266
27696
46171
30056
26172
33471
41515
41688
24890
38662
47835
27252
44887
45539
32527
51885
26714
38222
47516
24728
31829
28677
48343
30947
26196
47039
40860
44578
30673
35404
35491
49081
51799
26379
39337
28227
37652
26576
31389
26423
39926
31028
38187
51470
24700
34513
35122
32785
34797
50055
25780
27649
28853
50173
39844
49893
30028
33241
25969
32101
44082
33461
34495
27518
37512
27761
28004
38406
39322
24707
27292
47904
25998
36835
25543
32483
29122
39983
26667
46243
28788
48573
39909
33126
30574
32333
34072
26092
42332
32086
28455
43525
47587
25493
34257
34971
26229
29526
38925
49384
43932
44348
33892
26660
29457
25835
42537
42954
25776
29413
43875
31263
40079
25786
33851
28784
29787
31448
39771
28745
47165
31497
34114
33797
49642
34908
44436
41156
30390
26966
34610
25712
26606
36927
26931
45213
30650
30683
32417
30136
25616
53377
25119
31153
43509
24749
44777
25553
30570
33747
34282
37783
46105
31467
40727
42932
25091
27901
45256
27542
31746
24896
32362
26044
40257
48809
39531
47514
26779
51738
30275
36661
26698
53760
30061
24937
27698
32284
38896
47366
51281
48147
47211
26254
40291
48296
24780
37236
52109
37140
25921
24994
25816
42176
47526
29809
31462
41043
39806
45921
26032
47567
45099
49388
49096
31133
35132
42597
29673
47370
26559
41604
25639
45063
27638
29106
36050
28953
39476
25439
27817
30245
33286
30002
53117
27138
33659
37225
27260
43877
26207
36087
41070
50996
31388
27167
36351
50706
25592
48313
26801
27909
39292
24980
25831
26908
36595
26441
39103
37165
26633
42424
41989
27083
30808
37188
52254
36938
28051
30198
25061
31721
33503
25562
25606
24912
36988
38460
44637
42860
46619
38449
53470
32795
43795
40272
25186
25703
40552
41133
26076
28782
25329
37896
47630
41571
49334
45379
52340
53561
40471
28718
45010
37871
45530
26344
39523
33460
49714
30990
45054
48168
48641
26572
30155
32234
48329
35165
36299
42478
36751
43514
47500
25131
25721
25935
34274
25520
25818
41487
31626
47904
49904
26278
53338
27104
29865
31964
36750
31619
41121
24857
38518
38677
24861
39740
27122
24999
33666
47874
26072
48052
25706
31609
37969
35819
53278
34233
51418
43279
36756
47021
42185
46582
51105
33117
29219
47837
26161
41219
29905
39505
25412
37285
25051
36796
40371
47750
32246
50446
53817
44248
26013
28356
29695
40530
48036
42630
51839
50953
41838
42654
24898
46347
27101
43831
30651
38560
33267
46677
39596
47454
44466
25593
32372
47103
26362
28772
26263
27327
27406
31398
39249
40212
49908
24914
40577
52033
28719
25525
41391
49936
25118
28852
28744
36056
41064
25201
26153
31495
41488
53151
27778
34178
28656
25124
27223
39280
39893
26599
38268
44735
50089
35604
36670
43871
44424
26078
24924
40793
53517
45101
32695
44100
42913
46528
26279
52935
29376
39551
34937
35463
32708
43513
44922
26690
27644
31670
30396
32272
52355
32153
38146
41456
28116
34283
41519
25197
25684
26514
30162
40469
27114
28599
44270
25482
44484
52473
27603
28575
36461
50880
26018
28378
32025
38013
35198
25183
41325
45780
30014
37176
30542
37386
26193
29041
51806
32363
36147
49608
43845
47273
35143
31376
53271
42681
43086
25639
25132
43642
29109
25263
25683
34916
52779
30491
36824
40905
39557
39799
42697
26567
27521
32293
34719
43546
38587
51911
37411
48080
26616
45838
31978
33821
42027
48277
32584
45698
44806
47500
34250
44205
26368
34494
38106
27436
39911
41296
48242
26428
26176
32336
49136
49347
29987
31923
40966
42810
32337
33353
31020
44521
25223
31168
46244
30368
26822
36110
26843
30737
43192
25465
26344
45205
34996
45238
25702
32603
31281
40262
34114
35772
25035
28287
32571
34887
32616
38259
28388
31758
51566
31107
49263
26686
46756
25585
27178
50492
32127
36431
25516
29299
48622
32149
35478
34223
39475
47583
25554
40962
26031
53861
25480
25993
25333
40267
45952
31165
49318
31143
38493
40398
27215
38110
42043
28263
33035
27192
33352
47272
42116
49538
28319
39307
29660
46429
48947
25222
43793
45685
25717
28935
51761
25964
34171
28751
31585
29946
32948
53838
45745
25442
45275
25048
34687
33544
27284
32257
43823
48805
25273
43934
46229
47779
35677
53564
27750
28389
37164
25609
45965
46588
49220
38364
40628
26983
33186
33917
37966
25602
32592
26342
44701
32568
37824
37970
31018
36093
40350
27046
32172
45055
46368
53354
32269
35151
53144
42832
27205
32396
50963
51295
27061
41915
43377
26132
28613
51029
25513
25582
32878
37837
44900
46067
43940
30871
36036
48336
36971
42871
46266
49742
33319
35806
41469
25714
51069
30619
42226
25275
26124
25523
36497
26264
37002
25612
50175
37822
45765
35290
37992
28181
39801
25107
33167
30789
51938
29489
34027
27387
32931
42737
26436
27985
28212
29997
32119
26601
44993
49988
52960
25288
27967
38228
31071
38095
26056
36684
53607
27278
46579
47980
25400
47532
25471
35875
35930
29016
38607
45097
26795
27078
34639
50322
40523
41907
31310
32571
32106
26158
42167
36409
48138
26606
46826
41444
45337
29411
26249
28317
46577
43027
46584
33052
40080
34239
35769
28560
42734
37427
42192
45489
46800
29180
33154
35053
26597
36730
25273
36773
32641
50245
27976
36828
49973
27863
35290
38448
26252
39108
25620
35210
43634
50912
26927
29435
30103
50994
48359
43915
31728
39243
46715
39700
43556
29305
25178
33643
31435
43993
29945
30567
35762
38069
31077
31259
40416
25534
41806
36829
35026
45664
44572
44765
37052
47212
26098
46828
27126
44883
39758
27494
27782
45771
28186
32426
37924
43080
33239
34038
38413
51638
26456
28282
29506
26809
46380
35792
25635
31182
43365
48386
50522
37763
49617
45384
36012
45220
33396
34774
37913
41976
43562
25197
29070
40813
49699
28499
49144
27141
30217
39538
27309
29221
25246
27002
30834
26539
40884
28571
26771
30125
49261
50729
31600
32032
43519
44320
25334
44515
47036
37741
42553
36859
43650
26990
42606
32483
39365
26541
27361
45207
27202
35722
42942
51664
27440
37582
30494
38260
46800
25957
26719
25728
29050
25994
30210
34309
39683
41523
35212
32583
45493
46876
25690
41341
41220
52304
27604
27444
36857
43514
45995
47714
53599
43996
46902
35340
39137
26313
28340
31896
47502
42202
27591
29818
29882
36781
37191
46361
40991
43947
47739
25451
25856
26021
25923
40654
41932
25918
27015
27900
36976
26500
32717
30010
46290
36089
38857
51007
25519
29486
31196
48403
41645
27672
36337
37548
39668
26204
27880
47445
29039
34584
50259
26941
47840
51476
25410
51417
27973
38562
34389
39444
41581
31186
28438
31373
49736
45757
33685
45585
30406
33405
34943
37255
35781
40011
25682
50397
31512
25297
25432
45709
52713
52948
26976
28623
33276
28594
53111
36500
39374
26886
39976
41114
52674
27373
30059
26983
28102
49241
27111
36036
33145
33209
45911
26748
47811
39612
29315
34474
47616
25845
26313
29142
42146
52206
47089
35763
46943
38778
45780
29144
30198
26465
26708
36025
38743
28562
45400
27547
28855
27522
34459
37928
27943
34382
38016
41602
27492
30718
29755
25795
44496
51841
28824
30557
32428
39565
41752
42223
25895
37909
25838
41979
49793
26531
35306
40936
31931
32798
35324
46138
50277
28107
35278
40572
53126
27085
29899
32513
32792
33344
27519
47356
47486
49037
25959
26596
28146
33709
47191
51980
26740
40768
28693
34758
25381
31290
28217
52767
29506
45148
37947
38486
27674
29242
42839
33511
38015
45045
25750
40184
25707
35706
40771
46577
32722
38789
42293
25375
28382
44458
53478
25749
27073
35246
45399
52088
47752
25970
29160
35687
41875
28285
50585
53845
33125
35041
35965
33933
43821
26035
47343
35795
47286
26587
39129
39757
29152
42980
25879
43308
41955
44263
27333
46414
51946
30471
36488
25964
35001
29832
37852
44131
46455
25397
42660
32994
52251
32496
48498
25626
39652
43695
32306
34788
42701
27808
29533
30019
31336
30233
39568
41983
28735
32693
26233
36945
45519
28508
36828
27449
29662
32389
33569
39103
27725
27925
27330
37409
40437
25442
27320
43729
52811
31762
37488
27324
45809
34202
47298
29619
49964
29211
37281
27396
52687
48356
53313
27951
49954
36724
47220
25518
29581
45664
27784
30702
33484
26361
52588
35197
25437
48914
48915
26025
36826
37619
39932
31882
30577
42932
48135
35356
33335
38838
26149
41275
32383
27870
38452
42870
28798
34795
30380
45891
31395
32855
25514
39424
39732
32014
42310
46773
50720
25588
37099
44472
27917
30758
33223
36483
35720
37719
26915
41724
38367
41910
33334
35120
27882
25467
25650
28800
48021
31298
37876
47107
50975
28092
43639
27566
27597
32038
38617
40121
49498
26356
27777
39710
27937
40484
26346
39018
42340
27208
43949
25483
36947
36948
32147
26951
40491
51277
28069
33328
38121
33723
49383
36564
53254
25700
35084
37759
27422
38363
42467
26425
42570
48779
38747
25521
49372
40008
41056
28839
33606
34998
50843
30303
48199
28694
50101
51533
30560
27416
49886
36888
38827
27445
28483
34530
46449
41528
25615
50649
25946
40629
30808
29565
48841
27964
25687
32922
33882
39148
29041
45574
26622
35715
43104
33827
25640
30166
25552
39323
45752
28447
40832
33716
33821
42559
42234
32171
52795
26420
40029
27290
28535
32262
43303
34537
38709
25561
30878
44200
27367
31764
33005
37047
29257
26129
39066
41329
33892
44658
27134
45485
44500
40433
45678
30868
32356
26617
41756
37370
43429
26509
35850
37325
25893
25906
36451
38180
34292
35703
29979
32427
39811
25821
43050
35886
46258
29371
26976
29444
41061
27774
33440
26543
49923
38550
47631
50146
28117
41697
26609
45242
36367
39558
38401
26917
31564
26756
52140
39311
53719
27297
44939
41809
36961
37612
25613
51001
40768
25587
39052
45328
42546
25791
52174
26602
46038
46370
46791
25893
37403
44713
45148
49777
33038
48263
40483
53039
52856
53388
25598
34729
49950
51230
31055
32898
46365
30973
42216
27006
46453
32143
38197
49962
25794
38393
32722
40988
34856
46150
52442
33542
37514
43708
29422
52035
28758
40680
41130
27264
29428
40592
33548
41522
43470
25909
27026
28074
37363
42931
29224
44642
26012
43351
32808
32150
42048
26146
32935
36514
52537
27031
41564
27669
34986
26994
27519
51317
29142
29115
35045
27455
30282
46797
25686
34599
42491
49397
27927
34539
26990
41428
52704
45240
45843
30415
40223
33412
49715
43612
26670
42797
45800
32278
40484
28409
36394
39803
26653
35366
34546
36650
29975
35419
38784
43628
26643
26596
25658
28183
35506
29319
33273
26013
37239
39073
46750
41642
46528
35295
43216
31108
36913
38638
26897
33978
25772
28272
35660
31300
26329
27137
49465
28447
33058
43426
32209
39025
48338
50083
34383
43676
31713
37775
28237
36937
46022
45637
46857
38233
27163
41508
41048
43033
32018
33992
35077
35999
51780
28877
31461
26892
28786
28149
26641
45597
32065
32178
36576
37523
43522
41398
28916
29315
26892
33011
35186
33556
48948
26136
31346
50391
36709
27438
39561
28009
40182
48702
27963
31236
38255
31255
34090
50687
50536
29158
35632
38623
26414
28585
33077
26774
27047
47998
26330
40149
49332
48882
30293
47713
29513
45964
39536
52921
27551
40105
51351
26352
30079
49428
30100
37520
40714
48315
52901
30622
49956
28682
46675
26718
48322
26468
26905
37338
28027
38814
48951
53594
29793
38404
27337
35909
40138
36090
41847
53565
46698
29886
35989
51484
33634
32549
26058
43524
33517
39807
31647
45600
53890
33106
48822
47929
39348
53282
34599
38130
29633
36143
26389
48407
51000
39129
50428
48152
38043
38994
26873
31174
42670
32994
35744
42888
46954
52676
53011
26577
26224
27600
52513
48247
44578
45973
46613
29985
46424
52427
42776
46278
29134
29182
47047
39658
34610
37562
36292
40155
49950
50782
38377
45051
27283
26787
34606
26454
40603
40704
44296
26122
32531
40776
33848
49399
26610
26864
27156
35986
51805
26225
44729
27423
45864
27379
38960
47985
29238
35774
46589
29485
38700
48441
28309
28645
38758
29635
49554
26481
25811
46405
51212
51771
28853
32924
47490
27964
30433
37261
33328
37231
46399
25891
27794
45480
27685
46971
51114
51346
32927
42435
41012
46338
26613
25968
34346
41342
41697
46754
28401
31140
26745
36890
27369
36291
43374
26793
34214
27885
49922
26713
32284
51007
41928
44398
40906
52971
27491
35416
50269
26318
28826
33485
36076
46061
42012
35467
39059
25847
44643
27625
36018
29940
35019
37606
53182
33509
27749
28146
29947
37089
45174
38189
42700
44098
52405
26290
30909
29826
49892
31487
36481
47928
27158
32089
27599
34726
53181
36121
43672
39167
50742
38708
41377
33233
39619
45267
27253
27910
45009
41831
28186
29758
43355
36475
27203
45443
48885
39367
48290
52141
26496
51183
27687
27923
42298
26875
37330
47880
26978
53214
31057
32866
53525
26374
26747
30838
36577
31894
43643
30133
40991
33651
33310
45479
27008
34185
29032
45791
26866
29251
28771
30281
45928
31685
33877
28026
43209
32367
27913
26233
33642
44271
34995
27103
41151
51356
26690
27463
43497
37174
49445
31444
37375
50590
35487
29546
34833
39387
31677
45232
41866
28357
50924
28973
38966
30782
34037
27069
34874
50081
28315
46622
26220
31456
27859
30071
31389
37799
30093
42648
47805
42136
27213
47690
39183
42328
26763
42381
43682
26171
39726
53088
26133
44973
30157
40637
49670
30114
30384
32532
41660
36479
36431
31410
45017
47467
50384
53825
27310
42137
35809
28634
31279
37828
43307
26982
36535
38706
27014
34621
26295
28736
41718
28737
28898
35229
26178
27468
47355
32331
43343
43582
26116
43653
30325
46006
38582
45131
43170
47967
29972
36365
40256
51504
27246
28143
34768
41293
49374
29364
29505
41835
51324
35513
36282
33498
31096
33422
41627
48590
29756
34541
41437
40022
40603
32361
51862
32269
26643
27509
45583
28381
37736
40416
32839
47717
26350
30911
45716
53868
27423
28560
45394
51594
48150
50947
28379
40323
50287
52346
26922
38733
31039
26101
46242
26105
51845
26586
29311
29939
50966
28241
31826
44770
50241
33486
36669
47227
31021
38645
47620
32697
53391
26492
27166
34806
45940
33380
52455
26010
40304
29351
46685
27673
36858
26018
26188
46502
33246
29225
29445
53866
27498
31930
37575
41748
29230
26343
28778
28856
53781
41167
50065
28916
32757
29688
34522
30513
31789
28582
46591
33530
44103
29816
37965
28001
28119
26577
27564
30643
29271
29623
29900
30858
36215
38021
26097
46110
43111
27623
26580
32612
42939
37395
50209
27603
29628
36889
45941
31449
36906
29001
35392
27153
33239
27254
32466
42522
48388
27004
27339
44621
26896
41582
46850
51318
44215
47190
37393
28765
29780
53211
40947
41128
26738
33270
44606
49378
45178
52529
40013
52075
34973
43020
26069
42169
26504
48782
26550
27637
43516
44340
41557
27321
29746
33920
29842
38479
41625
28809
47102
48992
30469
36810
28901
28994
28729
39323
46037
26974
32170
48604
41186
26658
33479
46701
38484
27869
33057
43630
45405
31597
50930
26679
29402
27349
41098
44980
34909
43757
27998
37817
41317
27158
30380
26429
29277
36932
26795
46359
30350
42859
30229
30302
26705
30020
29319
46871
46332
50710
37237
44515
37113
28937
37011
37022
43302
26119
37470
26115
45879
26501
35894
42758
27081
29217
27482
34279
49300
28807
30995
40081
28015
29469
26863
48793
39579
52009
43644
53553
53696
37005
40916
27786
31242
33085
44260
29392
40093
41788
27968
32985
27578
38987
27385
28274
30796
35268
51860
47942
49394
27373
34578
27043
30066
35232
31782
27302
27923
34812
41416
30869
51562
26551
49659
37071
38824
46543
42174
26299
40493
50216
50815
27054
35892
28930
46246
28955
39419
26624
42456
45532
53919
27394
28934
38722
48038
47198
28817
26680
34720
46182
37166
52480
26251
45326
51945
28810
34150
38979
35466
45444
43448
46113
44895
47049
49651
27238
29290
44868
36563
53410
29552
47762
30811
53571
35459
46039
40864
41542
26743
30661
28792
34405
35445
31898
39738
38810
45258
27887
42865
44432
26337
36279
38013
49248
29194
35057
40751
27005
40127
41859
50253
26260
42465
52030
33094
48191
28573
47250
39433
40550
28563
41668
42201
26859
27516
29616
32172
40581
27850
30234
31061
36139
39181
38221
41482
52063
27523
33134
34464
53012
28807
48515
36916
43327
28814
39861
26219
43856
44475
34703
43293
29784
43579
45145
43036
29086
31875
34837
28951
29336
43702
37542
42972
27400
48307
35709
51319
27805
51225
46961
32566
42009
28017
33849
29193
45500
28057
36645
26561
48515
31877
36069
48909
27012
34553
28503
32216
44757
32903
44538
30037
41081
46680
26244
26246
45296
50752
43647
52388
26980
28974
41006
34779
37693
48127
27496
40228
46188
37060
48201
33490
36208
47368
36194
38347
27735
40212
38899
45357
37534
41867
27050
32295
40146
48858
31247
35968
53470
33816
39156
27871
30358
49859
41316
33696
37267
48441
32685
36412
39512
28286
29552
32299
36436
38483
28519
44113
26543
34222
41165
41552
33006
41981
35312
39797
48406
40277
49305
30580
46198
26759
26780
49077
43595
45736
41371
28479
42898
28577
48138
32711
32905
26298
31201
33586
51150
53101
27646
28380
51499
32908
38446
31411
31499
40150
35726
51354
27185
38097
42426
36248
51181
40500
27891
29461
51781
52877
48226
35057
28475
48357
35570
37818
39005
31672
39216
46514
26932
27590
49972
26460
27579
30886
27219
31451
40471
30523
35914
36647
30387
31665
37524
37899
39784
26615
27569
47379
28937
47755
26430
35369
48355
28056
48531
42890
50567
26615
27569
27310
37334
46977
27875
29863
29333
32021
43119
43417
46005
27894
34878
35004
35577
46068
42585
43189
28492
32723
46037
43737
52811
40463
43560
49709
50457
33262
38271
32398
44395
35902
39109
31386
43631
28427
27294
27347
28127
45370
28253
39223
45538
31511
36861
38345
26365
26751
30060
52713
26826
26649
32681
35475
31264
38137
42678
26498
50418
29383
53171
27938
30377
43687
44386
27623
43663
45386
29573
40743
45512
32661
36838
48301
42497
44135
34350
29649
27643
39946
48090
42473
26462
27010
49461
35900
26794
42631
40417
39940
26396
38593
47282
26542
29091
35848
26398
37035
32684
37424
46398
29297
52866
31653
53335
28315
33751
26406
49258
32115
34319
41950
34117
48971
27835
30818
36466
34214
35537
27034
36384
45297
26561
50794
28314
51788
26452
36370
41059
41741
46287
36423
41523
32278
47989
44724
36827
40277
26731
27707
29547
31639
42427
41240
35117
47762
53128
47240
47958
27947
41746
49194
26495
47641
47884
30585
44055
44310
40770
33395
44784
40497
48259
30069
52681
26447
39700
53337
37494
28975
41732
26762
32474
37531
26439
36887
27942
39808
44847
41322
44437
26968
32471
38150
36793
37225
29295
30925
53026
33281
34857
29915
50066
28305
28408
33197
47405
42227
46701
30707
46561
44472
28020
28965
51154
29905
29607
40192
26517
27159
53771
36892
52302
35772
28289
29403
42336
47177
28314
35554
45735
26845
28792
27125
35265
42040
33740
52959
29549
51432
39481
39703
26702
26775
30772
38236
32639
38812
51252
34210
48198
36625
47552
42018
37041
43121
26489
26595
30767
38387
26592
29725
34303
53734
27781
46492
26683
46117
29785
33084
33595
37153
31919
40122
30894
32204
35710
35510
44087
43991
27813
53209
27019
27740
39729
42162
37869
34778
26996
29613
39925
53587
31101
35760
38670
48360
28047
34903
36068
26524
30086
37543
26819
28842
51818
40876
27590
43443
29807
32806
43725
26525
52948
53461
47833
40607
33170
31745
42228
44044
33446
43148
26553
40215
44829
35826
36280
43258
27164
28607
40699
46076
29225
29849
30206
44045
27082
29824
33697
52762
26807
39357
28504
47828
34355
51822
29384
33854
40854
28541
31030
38642
28084
32721
41870
30717
28224
42390
30791
43066
36494
40230
31855
47883
27512
44602
51372
27654
32222
28366
38111
45373
48573
32323
28313
42416
51724
33064
36666
29966
31875
39616
27435
34293
28652
29959
42564
29270
43206
45454
28515
40739
28452
30354
38615
42031
36927
29426
36880
26913
30060
30331
29773
46587
34798
32853
35351
28251
32705
32253
32831
33154
47507
29450
47862
48787
29939
31019
43051
28236
32037
39888
43843
46998
47818
29106
29805
40885
41367
38356
43880
44565
53293
43067
51637
30267
44035
29011
34403
35149
43027
45133
43328
31919
43948
45041
30378
32906
40082
37224
26749
30822
28318
36284
47765
28398
29686
43838
46553
28074
34792
52563
51909
32761
46181
51995
27708
31368
39310
28231
30374
37353
52005
28802
47334
36185
48411
45280
27972
28261
51372
28249
36713
48033
32782
39577
41855
48708
30505
42267
50251
28181
39801
36783
43747
27366
31899
46202
41947
32640
33556
42899
44600
42196
44092
41043
41127
26657
27401
38354
43059
49946
42551
52759
41256
38270
39736
50087
29215
31623
26685
29162
34899
29902
33020
42810
35702
36380
28276
44856
35105
52262
37932
38596
53350
32052
28947
48087
26682
39879
40697
45906
28335
48110
33001
35265
47876
53090
30515
38463
27096
28564
40901
41842
39915
34274
44840
32274
46582
35226
42874
27653
27603
29648
48227
43436
35979
47714
51664
31694
45933
27209
44987
40675
37893
32696
34914
40633
42263
50140
30190
33935
27386
32411
45605
26945
38225
49995
48301
51131
34860
35494
26723
30172
29434
44830
49609
33254
49897
28956
31624
40426
51859
26790
28594
47107
32457
35584
43216
30545
32053
40522
30984
35923
27808
42475
46551
27426
40794
27446
32459
45667
37461
50492
50823
43913
45352
30801
34557
34307
34944
34536
29324
43535
29499
29510
36275
50314
26755
45663
37694
40285
28354
32538
35170
40147
47230
35779
45844
40232
30363
48946
27024
41730
46364
53665
27487
44927
50293
26837
27811
45380
48244
33105
37776
42572
27470
32523
45681
32160
43789
31756
43475
48589
51177
31969
27059
47881
33312
38468
48278
26898
30293
48166
43069
31060
52043
28185
46067
27587
29196
44054
30733
31750
36757
35515
41270
46220
53471
46535
48234
38855
41263
27837
30271
45581
26979
45768
42702
44292
39153
36468
49653
27879
33899
53451
36235
44269
28048
48009
33362
28337
35209
46744
28441
28521
27366
27886
50147
52859
45089
44176
44463
27632
38778
47503
49801
27127
43831
45189
28757
34896
51281
28795
33674
28498
35913
41690
41475
53667
27996
47362
28891
30252
38467
42129
37336
42071
48387
39827
27840
32598
35760
45551
33877
40147
28292
36097
48379
42288
43273
28451
34758
32314
39697
27606
43081
47161
32858
39554
30763
40888
49495
27782
38213
36295
46446
36725
47220
30756
29069
51457
37385
40390
28417
44498
46987
33349
31240
33114
27529
33133
29676
44824
28216
30724
36424
48354
26854
48296
31275
32434
32881
27296
53643
36190
53485
41840
33724
27370
33093
48288
27150
47585
28953
49990
28899
33554
35768
27671
52629
33445
35620
39346
50089
39299
46053
35338
27763
47482
30126
30184
32246
26874
28954
44783
34446
48600
27426
42903
28495
40992
51220
47715
49288
26963
50017
35177
28789
27067
37032
27650
48133
48819
27858
47015
27301
53297
49865
27605
49510
27654
30474
40070
27036
31818
36503
38885
42164
29256
38171
40210
51294
30671
52397
28708
46299
44766
49993
47299
47317
31403
34855
28118
42357
47910
38862
50670
46335
30355
49426
38221
27079
41271
46320
39330
28850
53215
42154
47657
26939
49442
37690
28662
35679
36428
44028
37366
42781
27171
34704
42609
35581
37802
34535
52801
48491
47792
29909
31718
35424
34137
28421
49068
33771
35053
40892
28497
35514
43812
39618
41452
27776
27912
35744
50935
53922
26946
30025
33315
32113
35934
43623
48172
36644
31841
42723
46472
27949
38989
37279
27192
46373
28023
28466
27652
40238
44376
29558
33680
28418
43524
49500
28624
27388
27752
28513
46160
29050
42262
27700
47098
34270
35821
43886
31333
53202
44330
33275
29179
37263
27448
45842
51046
32587
44411
32163
31859
38548
50041
41296
27711
29107
45016
29104
29315
38733
30857
31421
27098
53030
27706
32740
37698
46313
28786
40810
39418
40009
41640
46943
31871
39426
40872
35480
27201
47386
28158
46496
30685
33148
27481
32869
45546
27607
40113
41518
39400
39908
39339
27710
41751
46465
40444
43438
30246
33762
33462
40522
50499
40670
31776
36776
34608
39138
33375
40359
29140
44409
38121
45194
41532
45301
53799
28753
37810
47553
27365
34087
32641
36352
34172
32401
28440
48104
28837
29047
45967
28876
41983
50040
34389
49358
28028
37870
39840
37892
39380
43007
39937
44481
36951
43914
49590
47093
52031
32211
32219
49810
27971
32143
50426
33585
35367
38336
49272
53294
27038
35961
28687
30015
31302
33293
37109
41862
37356
27102
48978
33873
36986
37090
51764
35994
47072
33812
30764
31339
43998
28284
46721
40312
41880
31218
37796
31611
40908
40142
43271
27128
43945
46046
36764
42643
27062
28816
47372
45548
35590
47851
27999
45865
53085
31659
29666
33918
40162
27079
52412
53234
43656
29782
29495
50695
37831
39277
43775
44366
33588
40492
27821
43755
27836
38056
31311
51966
31066
53044
40971
28759
29449
39399
49165
44788
48257
50370
46887
33293
49687
27419
48194
53755
29534
32288
34019
27833
45340
30286
33478
39899
49943
28333
33138
28511
33085
35432
29716
52375
28379
31813
28521
37307
39138
36359
42469
38856
50066
27127
37242
42615
39810
28857
42807
35550
37349
34154
38058
27852
33924
45359
29451
39875
47886
28215
29103
29940
31352
36212
28956
44651
47281
39605
40237
48451
28510
27567
33962
39901
29743
36935
32423
40190
27372
38570
53698
48039
51499
27312
37471
50374
28027
44232
27492
41755
28268
29222
29235
35905
49111
43490
43711
33521
27364
51228
50486
43087
53316
31011
36706
42874
32666
42173
27792
30097
46605
27985
29781
46842
34336
53799
29328
41572
30321
36995
45173
29720
34227
27941
50629
52982
27915
47519
39960
30662
32259
40572
35972
28250
38433
30059
41591
50377
29027
29465
31007
38063
41898
42771
47606
33854
27165
35777
30731
38978
35930
30723
43212
29073
30216
33847
31053
29695
39437
43047
31119
40954
35835
43453
49502
28445
46167
27239
46715
28968
41344
28400
30876
43236
29636
35605
42687
43368
31250
49993
30443
35719
42123
39841
28016
44076
48766
33164
29161
31763
51564
46566
46533
31241
27553
39011
29402
30559
45116
27200
29255
44619
30821
37282
48260
27844
31246
37653
27896
47795
38467
52626
32350
33932
35454
35949
42235
47903
40528
35530
35534
51498
33345
50108
47640
48937
47811
51790
50386
29661
41084
40008
53053
29621
45179
27746
41667
27846
37767
32937
35388
32460
30137
31992
27853
31780
33642
29262
41594
44317
34308
27669
36586
27484
51897
36113
45678
50854
53355
30219
32180
38040
31334
45834
35175
39979
28718
39091
46059
32711
30660
32247
43549
50580
28157
34376
30607
31347
39165
31165
39373
49385
48689
41378
36452
39430
36817
44792
31412
41736
27712
27259
42848
48714
52675
42654
37309
32141
27360
42497
30750
38022
41431
29417
34194
42445
27353
40379
30672
51796
32595
50102
29566
37364
42895
41844
47944
31753
46367
48816
29391
46544
49798
31201
43970
29083
38207
28628
29134
28330
34533
28300
30730
43388
31389
32221
28064
33557
37415
50569
36719
39003
41891
27284
30427
28642
32574
49926
27288
31087
42438
31854
37343
29813
47100
27292
35487
27459
38188
30111
50360
48797
30236
27493
33723
34682
42608
48833
45682
43915
29227
52931
32266
52792
51751
28611
30574
28256
33645
41896
27529
28792
35221
51870
42139
40443
29885
47803
48360
32934
49738
27318
48367
27316
39886
49030
31148
42307
29048
37037
38235
40721
36527
47047
53588
34394
45160
41253
28347
45347
51241
32621
48997
43653
29799
36810
33431
38052
38029
39964
50383
51514
29340
31069
34548
45042
45243
36347
48897
51481
27895
35231
52158
33159
44192
38412
45891
28373
43026
33976
49615
27891
50642
27409
45802
28105
36059
28048
41387
42608
49366
46592
28001
44578
29477
47340
47780
30193
31408
32017
27888
37288
50624
40080
42201
44652
52885
34568
44615
32462
51439
32272
29442
28197
38096
45846
47486
28017
34746
27522
28034
39785
27378
40902
45522
49808
28068
28977
51607
35932
36994
29886
42000
28218
28617
30705
44951
47518
51479
31545
35631
29431
48044
30615
38408
40344
51903
30461
37925
36905
36740
30703
39968
32346
27805
31669
29867
36030
28821
29988
32581
40268
27403
51852
47098
27501
40995
37171
47096
32332
39160
50245
28195
39874
33310
29958
35341
43547
31107
39351
30445
30654
45932
28443
41636
50432
28756
36247
46973
53718
28750
53317
51805
32144
43170
35534
37208
37658
52038
43982
51797
28291
47151
47867
28318
36348
38143
47255
40015
42773
31189
53168
29433
32132
33538
47646
52054
30886
30022
46706
28420
40187
33140
38890
42763
50640
50749
36011
37087
38895
27872
28782
43258
52306
27997
47854
27628
37253
41126
44456
30980
33967
43276
51615
36658
39990
28471
46940
27805
28810
45876
30582
47588
28870
39813
49675
53776
33840
34365
34903
37537
28713
27466
45340
39438
44417
50659
35607
49274
37718
28394
29653
53303
28218
28617
32810
43992
48061
27474
28776
30358
49569
36774
41354
32373
45153
27807
35149
43052
51574
46544
51700
34751
41538
40290
47900
32737
49575
41337
52175
46121
46900
28949
43566
31949
32150
52780
32978
35005
30074
36556
29592
38553
29058
29114
32145
37834
47072
53583
53908
41897
29423
36929
34297
37354
47071
31605
46048
35473
38649
53097
30751
36655
36444
51623
28075
45834
46090
31998
35439
44667
30804
39883
44268
38983
53068
28195
36000
35353
29251
49374
29743
46736
28727
31382
43232
42436
43154
28402
34079
35182
28294
33940
40576
29925
46041
30404
41410
35103
41117
29963
34542
31426
33103
42104
39046
43214
29472
46591
28868
40962
31109
36000
53016
36700
37582
29986
32739
33551
33917
35197
38416
40794
42699
27550
49594
49159
40907
52559
30749
36734
28323
29791
40672
27793
32953
53737
48286
52977
38089
36692
41407
44636
48952
27829
52230
38307
49306
35978
46563
28178
37449
52470
36480
46387
48787
52765
27640
28121
38216
35097
27980
43446
27774
43848
36182
48215
27583
34547
29130
34223
28580
28419
40584
43375
30658
34598
53079
28206
46876
52044
27619
31061
33657
28594
45396
51280
37968
52670
50409
37686
51531
27722
35650
49956
47872
53551
28259
29241
30759
38020
32505
34099
46818
44091
28940
39805
45386
28320
30548
41868
44460
30373
47543
32244
33650
40754
51049
31439
37646
38996
51438
52828
27841
50743
33856
37849
49487
28268
40956
28574
31939
35077
27667
28260
52527
49067
29753
42216
49874
31990
41467
34982
47969
43923
41437
43186
35519
37607
43387
30163
39477
32996
37443
40954
35887
35948
50661
47339
53423
42590
47674
45725
27650
34926
39738
28572
50528
52882
45690
51616
44745
28412
36085
27648
50382
33424
50503
46218
28367
41266
45277
37805
52643
49280
40294
29409
37735
40820
47511
28192
34852
34412
48615
29365
42510
30107
46557
51230
51702
42513
37137
41656
49081
27810
39406
46428
28931
39334
39987
33397
37835
45988
51385
35547
42346
41335
28600
42991
48699
34306
40180
28824
51178
32006
39889
35924
44855
28559
37977
44298
28134
47392
51024
33584
46168
30815
34975
28088
43806
40283
29723
41196
41254
27862
29888
47111
28175
41032
43181
42620
48708
28164
42202
28458
36249
37613
30152
32122
50188
33838
52352
28932
34886
36965
28885
36606
32287
29788
44354
44490
33394
47864
51651
31086
40109
45586
52819
30000
38707
49392
30598
36595
28561
37280
33933
27754
30452
30072
30655
28234
30962
42955
43050
27776
43041
50415
47662
36391
42837
33317
43301
40614
42565
29246
33452
37622
27952
32557
36050
37437
43675
28386
47678
49519
30498
36254
39545
29669
53538
29881
42323
30674
33487
49452
41214
27737
30758
36363
43650
31599
47027
28111
28876
30561
43862
29435
46371
30521
32259
48281
33780
36957
28099
45215
50523
47750
30294
36339
29520
41784
31516
29852
44994
37918
35562
41102
30285
52718
29944
31874
39894
42907
33564
36960
29347
37253
29127
46513
30421
28160
46062
36984
50285
48214
53240
35109
29652
39575
29200
30515
53351
28238
37921
50511
32880
34375
34800
38836
28432
41228
47552
29346
46448
33661
30340
36646
32643
43938
27999
50591
27790
32952
38804
36670
38428
37990
51343
40597
51720
53308
43779
28341
30404
45906
46921
28309
33575
45613
28128
41334
42624
28769
33865
48519
27800
38311
50534
27933
39484
29599
41565
44343
46096
47482
49487
49832
46194
41880
28517
29586
43815
48095
30245
49790
35038
43028
49127
51591
39933
49804
36989
34364
31023
31169
35793
35019
49186
44105
49242
33225
33692
28036
28355
30324
46170
41004
28471
38191
40882
42679
33249
44572
29521
51763
28733
48300
49673
41435
48558
42654
52204
29212
41889
34966
48954
47834
30949
46424
43264
48033
32239
38611
50419
52023
28262
29478
34769
34998
43266
35113
44958
29693
40151
32334
28177
34977
28255
33605
44049
32485
43286
45957
40077
30549
43816
34488
32266
44846
29844
34259
27861
30572
30621
44758
50864
34685
48583
39889
30915
39096
47324
29335
33133
44810
30171
40898
50407
32930
33318
44443
28691
35516
28459
39115
41501
34056
44994
29124
29962
38742
48402
28041
30469
52108
40381
46632
39449
50451
48371
39453
44434
31056
46053
47693
28278
36058
39452
31540
33166
41610
45434
30396
27890
47218
47336
45531
29898
32277
33226
29870
48294
35691
30031
49957
41878
29261
44725
30506
31629
31983
28918
32633
47653
48502
30818
48225
29265
36978
45511
28820
49620
53395
28233
38892
43502
28865
29319
30940
33739
36549
45743
28592
48150
35217
46669
42916
41022
28209
47294
50050
39032
41699
32986
37203
43447
29083
51459
53762
29562
44717
44982
45204
51751
53081
46170
31083
28218
29375
37389
28489
44317
29362
31372
46450
28596
34632
41771
46960
29630
34093
28365
42828
45275
29897
34569
40965
44077
49428
30304
39956
48104
28641
41019
30043
31708
35923
28491
41963
47366
28406
34272
28036
52868
52912
30732
37865
31749
47223
40693
29136
31789
29464
33532
52647
46991
30414
42794
37868
41824
34282
36109
41768
40888
29609
50643
32062
53615
28097
28196
42184
50520
28319
31675
33994
48113
34111
39647
38937
52292
30846
44928
47804
44570
30073
36206
36784
28404
45763
33677
35476
44403
32415
43236
28863
44469
29183
40138
49762
38142
41467
50619
30384
38856
50066
34979
47550
38491
48944
28889
29962
33712
47233
39156
40450
28011
33670
44329
46133
39732
52871
32742
44735
37359
52874
34140
37943
28823
30323
45947
38049
40063
52759
29034
49133
30919
48356
34964
36574
38982
39463
52253
28629
38278
34637
34850
36648
30098
37665
45327
52143
33680
35919
53769
39832
46847
45025
35183
44645
29318
35326
32351
34839
28633
32296
53581
28175
43194
37212
42892
34421
30640
41874
29973
34690
38749
44747
28892
35826
42975
33157
34332
28205
36414
29770
31092
37053
50822
48355
28815
30079
45671
51650
32766
38440
28929
34527
51546
28878
39553
28249
28400
29492
40271
29631
52393
33014
34197
30459
33837
31002
34787
39286
28068
51761
44929
38147
31719
50738
33361
28248
50012
30341
38128
28220
30805
46867
34775
52213
46628
30566
47304
50301
29654
50333
32599
35325
41678
42189
31538
31726
28166
38739
52892
50964
28312
36551
41654
29167
35840
47214
47317
41517
44453
36545
38770
35779
44743
41148
39609
28190
33391
29708
34679
52489
49287
37096
38264
30606
43001
29175
42140
52094
52391
29668
44439
31840
35247
35406
35159
38941
49795
32628
33517
33998
30189
52101
28624
43710
46406
32484
40173
28185
39989
49085
46754
53151
45084
46756
28311
39163
46987
52609
31481
33383
50436
35076
28265
33615
46409
28179
32353
29366
37568
42037
28863
47398
44963
52663
31090
44396
30230
48835
39168
39998
29088
40451
28997
48609
31195
37469
34357
34702
49504
28872
30776
52077
32597
37380
41376
28153
34910
46552
52064
40337
47385
31496
33475
34725
52097
28647
36001
28825
49913
29022
29504
29644
29420
31577
31437
52129
37930
44990
39709
51521
28167
31688
32654
49942
30700
43249
35035
28299
36962
39661
42157
37967
39978
46654
33636
28170
36086
36214
36328
45757
29918
30856
33350
34893
45762
53064
45860
50785
33433
35695
38415
28896
29042
40844
45018
28464
47997
35622
48715
28762
28183
28776
33279
42926
38568
28757
30477
34828
28296
44487
37417
50929
36403
46195
28395
49277
29146
51327
51886
38999
31906
46471
28557
35924
33393
34754
35319
30580
33494
49646
28864
35719
38291
39856
42667
28617
53105
45067
50878
37654
46794
36910
41894
29123
39929
33298
38445
40384
33681
35423
32818
28465
42524
42718
29393
33495
35543
31719
49525
29864
42325
29878
30865
48297
29147
32519
37168
31888
35349
32285
36881
47622
42682
30691
53655
30933
48939
32781
45920
29314
36440
44279
35981
34157
41110
52438
35253
34520
37181
41588
46200
28240
31841
38917
28245
36875
30565
42947
44383
32510
34630
43832
50987
30460
39673
37342
29873
33823
35696
41846
43854
29084
38415
35924
40624
44072
34811
45998
37381
42084
39359
51099
50684
36592
46690
29075
37895
52774
28618
34053
32012
37690
41724
37506
40228
30977
34124
29459
44289
28640
29147
31423
44655
48108
28280
40089
31324
46663
47516
52032
28372
32365
39680
31840
28738
33526
28578
29629
51495
39853
40015
39273
34997
47762
29724
46693
38493
46213
41538
31487
48235
31974
33841
49296
52136
37854
52415
30464
37804
34184
50198
50619
28972
40012
46616
36539
42925
29122
33938
46875
50412
49812
29757
33553
33592
47097
31839
37002
50335
31940
46623
49134
33379
36774
50127
49122
51965
28872
31164
39389
29752
32876
34198
32213
35180
47448
28834
29835
44552
29530
30137
39126
35768
47653
28869
30424
34985
33259
47902
28651
35581
49683
38598
50911
38774
31342
37974
41635
28593
28721
29780
33204
29726
37496
37643
48766
41892
28879
46317
41672
51159
37903
49684
32959
33743
31118
35484
39922
39179
52518
36249
49254
36522
38723
35683
28422
28898
52265
36917
28364
29456
36206
33193
51773
28368
29131
45349
38453
48973
29135
41149
51233
52248
53286
29810
32859
32847
38697
51888
30671
38020
39548
43725
52757
53571
32499
35813
36158
42330
45673
48039
43626
32275
41051
28719
28815
30455
30620
45544
52243
36664
41018
29660
44306
31365
39633
49702
34068
37252
53451
42919
31204
34432
42152
52103
43146
47341
29908
52342
46530
33231
47970
30273
37952
36047
35854
40931
28464
39075
29585
28414
31885
43892
38998
47004
40297
52941
43042
50610
35344
50659
29745
31293
31470
30839
31386
45267
52609
44101
50040
30955
35161
48550
38286
31250
43303
28760
36017
41799
52285
28979
34262
29240
48752
37268
28596
31347
43798
33485
35361
29985
47298
52519
29184
36601
40020
30881
43298
52221
45090
52492
40538
33058
45544
34555
46296
45543
40739
46520
35065
41151
44739
29831
49069
30265
45518
44466
53618
29356
35297
48220
31163
36614
30980
31677
51663
51820
52167
50073
28717
34358
45182
44166
37581
39748
31650
40718
46775
33065
34429
36225
41203
46291
30055
32988
35561
31171
49288
29838
43104
30134
33329
37318
31033
34296
39008
37354
32965
42584
38715
49823
36397
39722
31834
47088
34136
45880
29833
36858
29152
34427
47742
34230
38991
42197
46895
30370
30931
40016
44071
44261
28495
35824
44782
40215
51281
31317
36261
29481
39178
42531
39331
48206
29029
35101
38164
41559
28535
48440
31461
31207
41323
31085
31933
30697
34813
44423
41152
42863
52011
33308
42997
43254
51159
48940
42031
45042
46882
32118
37860
46688
31618
52682
53047
30510
48532
51481
31486
31510
43416
41902
39560
41694
28578
29307
29548
28964
39889
48246
28608
49917
29469
31422
53331
47783
48344
32136
32686
36188
31532
51602
42168
28561
33773
50088
28542
42529
39407
30648
28773
38144
50958
32533
33994
28567
29663
30152
31685
45778
38454
46859
32687
43814
52354
52560
45815
53841
36414
43263
32277
44432
29976
53495
31234
37214
46844
28562
32087
46163
35466
44423
35006
30212
46676
28947
42764
32524
32994
44316
45484
32369
33317
41691
28567
47698
41396
29331
39478
44597
32980
30715
30115
48603
28914
45379
52340
45798
52916
28925
35142
30912
36733
31689
34526
32095
33751
46378
49905
30497
39624
29794
31755
34215
50709
53738
30431
42576
49195
31664
51317
29626
30057
49310
52870
50533
41754
44369
28923
36641
44581
38019
51291
29550
35899
37829
32562
47426
39277
49747
28764
48069
37773
47966
42350
52206
39971
29054
29867
45301
31474
33062
36060
40378
30372
32116
32029
33676
30309
44145
45175
50501
33564
38149
29613
41619
50829
38981
34782
37838
50745
53009
30910
30599
32581
36426
36601
34492
51237
43418
50118
32319
41641
41822
37751
43656
53412
38476
43829
29780
43200
50651
32659
30590
51435
29802
30218
53533
52078
35753
43930
29850
31048
48053
41695
31952
45364
39291
42823
29659
32054
35000
45744
39220
29437
31388
40617
40956
31802
32784
46684
40832
45518
45278
29118
31059
31509
41785
42733
28657
28846
30621
34962
30681
35710
37981
29621
30018
39274
41759
36263
39646
30612
30614
30446
38655
46402
30753
33185
36759
30657
34429
49299
30243
47872
50263
31162
29248
36806
43776
29639
44078
28984
32862
45276
34313
36015
39210
31506
34720
29465
31050
34307
48376
29683
40378
50526
29370
33264
51156
29038
29994
38211
46363
31862
51185
38791
42608
34845
45624
36159
52646
35165
42756
29171
32552
32953
37402
28699
33649
39033
46113
29250
50603
51439
29456
35199
28704
29190
43021
37647
40411
47897
32267
32351
42333
46609
30279
31851
42521
50475
39475
43314
29213
35967
30056
30393
30551
36785
32755
37626
38392
29703
44947
38420
33797
46290
43825
48254
29881
31252
47170
51802
34615
50612
34417
46142
28730
36771
43455
50147
44492
48606
44388
35112
38819
28732
38634
36995
48484
50080
29906
32249
53503
36612
44070
46954
29779
33035
42714
37293
53176
31272
48099
37154
44794
31983
35557
38011
30916
32997
51341
51682
45618
29982
36816
45112
52565
36231
31115
38195
48865
31114
33888
42291
49153
29733
30020
30006
36845
31760
33184
30379
40296
37934
32281
36770
45870
38186
40305
52082
29350
35474
51303
51542
28781
30195
42698
33651
30122
39388
43987
48439
50614
53921
33615
47012
30039
38739
45628
49852
35052
42147
41375
33011
32028
35995
46783
32436
52862
31460
34155
32112
35172
33226
47419
36200
47557
29787
36488
45144
45348
29085
51964
30853
35009
53286
41690
48516
53368
32555
41517
30644
43262
49611
31669
36757
30870
40801
50601
51196
36183
46795
44061
29273
30552
35003
53200
30250
31927
46128
47221
28989
29707
31582
38798
29125
44238
41041
31446
36772
29764
44441
29606
29650
33034
34813
35865
37013
52301
35884
37774
48122
51919
28840
37583
44843
42067
28846
35360
53067
29232
30365
48045
30008
51622
30539
30826
31108
48013
53911
53347
45250
53859
36009
35188
47474
36403
42890
34772
34788
41052
30613
45054
34853
30256
51607
34939
47611
42123
33037
47117
30861
41013
29722
32707
47535
39702
37722
49371
42768
48850
31286
45037
46819
33893
51409
31142
45358
29551
36900
30895
45665
40272
30570
33658
35888
41629
34510
47686
43666
29021
39594
41967
36270
48911
31322
34333
36627
30894
37981
31815
36635
48168
48719
52453
34978
30774
37759
49032
31030
43034
31713
43604
46674
49376
41135
45244
53052
52450
32530
36680
37571
40651
28910
32569
48113
51385
29300
37218
29548
30178
29616
34761
42277
30097
42189
45080
48917
30209
33064
48344
35583
40644
31823
30034
30721
40874
33060
36003
42306
30373
46233
35195
44767
31075
38596
51839
38166
52328
32381
34143
37015
29995
43149
39778
47598
33122
46498
36908
31249
39492
43134
44862
29061
41932
46970
29022
46491
43368
37621
53493
32774
39911
36430
48893
29390
41426
45797
50168
29463
30150
30061
44830
35834
29438
35260
28963
44934
38833
49659
30355
45853
29632
37631
30016
38971
40591
29075
31735
30547
45298
30858
32572
32006
29901
30098
35479
36887
39457
29709
50191
53400
29044
51500
30652
31323
30414
37055
40064
35276
39037
45702
30256
40964
30095
34191
29180
31832
30030
33368
36647
43670
51070
36713
31578
44930
29873
37546
31024
38409
29026
41358
47029
48750
35132
35662
30183
48524
49539
30346
40701
50226
29532
50780
34373
42093
32502
47603
50579
29501
29401
49797
30653
47825
34736
43373
52686
40738
48557
49599
30354
42979
48768
30366
32185
40222
38718
43413
42049
29357
40435
46911
41312
48493
34818
50217
30962
32155
41381
47430
48487
34387
52358
29447
31827
38088
36740
32097
43901
47623
29354
30998
34946
47080
39571
44660
52355
41046
45547
33790
29480
36224
37635
30978
33076
43496
29470
29394
36616
43770
46029
35291
42891
49003
30000
32220
44803
43068
31774
39885
29243
43721
50568
43604
29767
44912
50734
29928
51514
52606
34547
41525
43832
35598
48672
50622
30082
33634
38860
50725
29744
50316
29094
31880
42750
29188
38799
39016
31536
46989
29983
50821
33587
29066
39454
35997
39236
43084
42961
44124
36882
47244
29063
30490
29221
30398
31619
29419
39522
49258
29070
30699
35505
38651
45300
47248
30963
34986
29454
35573
33111
38082
31208
44693
32081
36280
49595
48146
32713
53765
31231
39233
42515
38634
31345
34529
50440
39164
31825
32080
29493
38040
43305
42869
45972
30062
46254
51180
34206
29093
44897
44695
39344
44798
42779
32551
43979
33011
37018
40064
36542
51510
36001
37262
42703
49144
48705
53009
35839
51072
40874
30221
43367
46511
46218
30199
48118
32655
39051
50274
45629
32355
33830
35531
44263
30063
43259
45008
35712
41034
29700
45515
52387
37192
48122
39903
52059
39725
49580
32109
39433
30935
35688
30058
44781
30234
46806
30962
29135
36364
36680
40627
50437
30529
33129
53508
44316
46673
35641
39055
49341
37122
29155
33774
37091
29938
29529
30615
36092
32203
44026
37780
39250
45059
46924
41935
35011
29700
35179
41689
31844
42951
38770
39645
37009
38597
29978
43542
48462
53683
30695
36133
40292
50149
41701
41326
43756
51322
46674
32684
37755
30762
41007
30519
47354
31576
43245
37710
44159
33429
37267
52188
53663
46499
31870
29398
35741
38835
40391
47421
47992
31026
31346
32029
40387
38563
46872
40523
29186
31040
31041
29802
47667
49231
52929
33015
36478
51172
29195
47960
45728
51080
38537
36396
31842
29915
45736
45858
31016
34762
36878
34859
35033
34605
46547
29385
32927
31706
35179
32338
51497
34823
49954
33384
34249
41173
31503
53408
32019
50667
51788
44860
37396
29924
40234
46450
41592
49937
49682
29572
34647
31925
46993
31122
39306
41987
29226
50611
29452
34454
35384
34625
49832
29236
44602
31751
44731
50587
41500
46630
43055
42056
32605
38112
36361
42289
37667
37684
29542
29879
31756
32310
42349
43348
51055
29721
37810
37628
41992
42808
35698
39556
31273
38436
42286
30898
31874
38114
38321
32583
42037
44096
31180
44717
41276
49875
40707
33931
44992
37486
43815
30376
53483
43777
49439
29444
43378
43013
52425
51590
51641
31399
48038
44101
43822
50955
34079
35124
35613
33627
31126
48683
29477
43772
30212
49074
44059
30231
44695
30009
31866
37416
51771
35575
36748
29521
45355
32237
38342
47812
31177
36635
48049
40279
47475
38868
31251
31695
33861
40185
29771
31904
31945
43376
29297
31900
41323
41865
47066
46476
29528
29617
45261
39957
40425
51564
40402
32979
39562
49266
49707
33960
36096
36283
29629
33234
30922
45673
50014
39784
42722
29717
35870
38343
37908
33732
51792
29516
30117
34041
51752
29979
41677
32470
33987
38667
47899
33768
45640
29329
29933
47757
52228
41846
35047
43022
35733
38456
37169
50333
51160
29735
33539
35264
48132
31309
52749
31766
42789
50126
45406
34937
31420
42714
52644
44600
45063
46977
29374
52582
31758
35286
43365
32538
46008
29768
48509
43008
41848
29418
51342
31626
40588
53272
30499
44184
49991
30540
43802
43733
40604
43987
45632
36063
50235
51290
30510
29371
33816
50129
51255
51813
31999
42358
32498
53081
29458
50764
44608
49104
32570
47104
49187
44516
46343
29789
39383
30704
46044
47403
33213
33807
36548
47797
51520
45002
30803
31172
50544
51871
30326
36819
32093
44196
45859
31583
45331
43299
46771
43294
47085
37766
39144
41362
29406
34026
34502
52354
49520
51982
36505
46003
33594
46452
31356
31782
33105
30907
51789
32188
36705
39157
34918
49843
32096
36286
37937
40611
30848
37022
38574
42400
49707
32189
36900
41067
50262
42528
42851
30846
31215
31304
33725
32573
46171
29776
37776
47312
29577
39897
52637
30604
41877
40139
36775
34789
34988
35969
39030
48077
30501
49119
31443
44321
29741
33785
30167
38271
38367
34875
52905
30663
29596
30712
43531
29849
40989
30967
34825
51423
39541
30917
35337
31516
34028
32226
45835
33269
37721
50041
29965
46094
37153
29937
46079
49933
42363
47656
53365
32579
29545
30543
53288
36889
40273
38343
42609
53556
30204
48059
52640
29552
36807
42688
48849
34601
42647
30477
43376
31287
49103
49915
37809
52505
46361
37689
36319
45414
33871
37589
40548
30200
47139
32161
45894
31511
30298
43864
30226
31489
46971
51286
29603
35538
47261
31447
39681
42380
47722
40956
46509
35806
43347
39282
40831
53487
51919
33187
47307
50493
30334
32312
49934
37076
47823
29930
39699
48592
35578
48516
38444
32773
36209
41184
46630
44031
53859
30655
42168
31003
34201
30486
46386
45527
52064
33665
36791
45521
31915
35708
45915
29772
31338
50034
38962
31736
40684
31992
32549
30746
33402
48726
41752
47036
37569
30367
37342
49127
38939
43315
50697
33364
34088
39620
44147
29550
45104
29544
47006
45704
51926
44610
46632
31282
44941
51748
32946
34194
48112
46654
36873
42672
31870
47013
29690
33227
31358
36823
39188
49429
34234
40955
47802
48548
31258
31936
44967
32655
43457
43043
34950
40876
36250
42171
30720
38920
42978
52879
34156
44221
41274
42668
29704
36129
42995
31056
31492
34851
39343
30278
52474
29693
30196
40151
38616
41035
37211
40106
41658
31993
32283
32724
34240
36825
40800
46572
35657
51383
30542
32955
37083
42904
32648
38854
30806
39252
44778
32074
34540
36022
41669
37368
42337
31500
29747
31214
40677
42460
40800
51323
29740
50561
40899
47742
31523
37576
31217
42225
30201
42572
38624
43730
47664
29612
30489
36231
36444
47560
32870
30343
43677
35212
37656
44944
49482
29624
37745
48222
36664
29625
38740
32918
42101
33959
46326
42931
53200
30017
52916
33549
29642
31098
33212
37066
31970
41859
47412
35775
48252
29803
52867
33086
33181
42844
48552
33568
38259
30481
39516
44836
34543
37870
32997
39711
46878
52632
42236
53577
29939
50966
34897
47428
48846
53841
36797
50315
39658
29664
42532
50799
34756
37664
51099
49488
52108
38218
49178
31226
41229
29702
34905
31024
39399
30935
31165
31128
46281
30247
32138
40697
31558
40107
32019
51067
29712
40388
49837
38303
52151
49886
35134
32488
46602
52177
30417
46282
51578
33868
34980
39289
43152
45617
30759
41551
37627
47810
50996
34802
48811
34632
51561
51171
34710
35260
30791
32297
33528
50160
30868
41727
32454
35160
29886
32580
33376
34549
50446
36482
39445
52289
33936
38855
38043
44274
53107
36752
35079
30843
51261
44302
44386
32666
33979
40281
48490
32722
30952
30909
32193
30382
50400
38564
42615
32577
52414
31694
33080
34230
34759
36419
35285
32753
38507
43591
32068
48795
29806
47279
48474
38328
52141
33532
40201
51713
30010
43652
30267
37411
43070
52204
34316
42538
35313
37479
38176
30874
47053
39793
43185
29861
34731
51713
37572
49837
45872
51768
32768
52659
34042
44849
48263
42851
36076
39450
48960
29796
40265
44309
34683
35493
35662
39352
38292
48919
49462
30222
44357
45847
38792
49613
31360
32680
30318
33071
29783
39359
35255
38496
37665
30141
36525
31687
32501
43956
35363
48985
53686
38387
44227
35784
36268
30058
46436
50354
34713
43946
31360
38532
42044
49859
30502
50698
51515
29820
46295
31428
39851
33189
41472
39688
40834
32672
51279
35524
36666
48654
33204
37429
39871
40881
30189
47102
38704
52934
31881
47100
38571
39947
42682
31130
45822
30416
36372
41438
31385
41655
29830
45421
33323
36353
50526
32663
33727
30647
46567
45066
48738
41947
32107
44274
33021
40507
39455
50189
29842
53863
33002
48988
31646
43706
35530
45487
41891
50169
52813
37575
53147
40119
32699
43370
33146
35110
34427
42980
43190
51795
49551
29879
42018
43160
30739
41622
52908
30244
37927
30232
33352
40567
36952
49996
34313
37263
51530
44869
35217
45871
30997
46714
33047
47564
42779
31007
53000
32247
35957
30306
47201
30023
50593
35645
38215
42718
30165
37161
53251
36015
43355
32653
41609
31891
31249
34124
34325
38981
38227
52844
47002
36088
34295
30933
34377
31606
31935
31529
47320
29935
51541
41046
45547
33053
47865
46229
42430
53365
39809
47958
33844
30007
31587
52537
42001
51489
48595
53608
32273
40897
44459
34823
53810
31031
31745
32457
33536
35462
39694
30955
37434
43507
36462
38932
34977
33003
31938
37741
39244
36793
30584
34316
32671
41688
48164
49909
50235
50686
31080
52347
48137
50668
33797
49650
32464
43229
38785
43790
31457
31710
39078
30954
32567
39551
47499
39155
31717
31258
38825
44926
38202
32029
45654
31169
32493
39147
37021
52015
29952
31450
33750
37039
37845
35990
39089
30117
41272
49842
31409
32915
43998
30040
38857
53047
35081
38485
30496
44679
50188
30727
31617
31955
36618
31014
35189
36490
53697
31579
32205
41582
46731
51885
32056
38580
38976
32619
39007
47167
53572
33018
43136
29990
34250
36508
50182
38889
39459
35059
45142
37517
30121
52505
45147
46549
41034
41964
32168
38551
38063
41484
30636
32788
45450
34202
31499
46467
35586
51090
32094
38960
42719
44450
32265
48738
50535
30415
38001
30177
31658
37833
44733
31612
32998
36955
44137
34425
45053
32761
48520
35243
35834
51152
53630
31009
34712
39243
30374
30397
49394
30477
31358
48376
38947
39812
32497
53678
35088
30223
43120
44703
51767
34158
34397
52296
44690
32156
47153
30447
31370
42043
40757
34185
31438
34728
48717
34344
48025
38061
45011
50260
37563
51072
52504
32602
36860
42486
30030
40092
41081
36714
49481
39336
30035
32853
46320
38256
38861
31578
32209
43122
31460
41463
38120
40561
48850
33122
30078
44609
37074
39986
31131
38653
51246
31837
48034
43406
31113
36668
30642
31630
31372
33498
42066
42396
31573
38502
44034
44749
34821
44926
35645
30623
36104
47991
50031
51043
33592
48618
31912
36072
46533
30429
40691
31665
49307
41436
43286
37044
49189
34843
42214
40673
47464
52117
39375
53558
50380
52289
35407
30486
36696
40777
53550
53649
37986
30872
34670
32089
36604
36816
36522
48450
31298
50318
38860
41745
35200
37678
43213
30760
47882
49128
33027
41268
41307
47529
34891
34999
30608
30524
33621
47307
36098
30930
31002
40161
30658
49769
31442
32055
37683
43472
41673
49308
30483
43936
30320
38999
30319
32634
38649
43665
50099
50343
33100
42717
32239
32476
32194
31997
52542
33475
47269
49787
49966
33251
42894
32225
34200
30976
37886
42536
39278
48983
32459
49567
34594
40933
46854
31814
48391
34969
43936
39565
36440
48624
34348
46330
34208
52528
33852
50138
49097
47427
33675
36736
38420
31241
38369
42161
41815
52846
34744
37557
33337
33709
36715
31187
53466
30522
31380
43051
46298
36211
45765
37483
53504
30184
48983
42214
53117
30511
32011
44600
52978
40357
45730
47600
43669
37795
39334
39649
42683
46106
32411
49382
30413
30532
38881
45499
47017
30179
30626
30290
46272
47927
32766
41277
42249
35213
49259
32952
33324
48348
45344
52089
32712
33959
34810
39248
35559
31838
46293
51984
38435
31185
45362
49238
30844
32651
40779
43340
53624
39055
33746
45498
30208
47698
46123
51856
47057
47736
31078
38961
30597
36574
39948
44807
49091
31532
34866
41958
31620
30870
44973
50704
32209
39025
35121
43630
34764
46200
31078
47875
35872
50409
33208
52448
31748
39448
30907
51780
31593
33859
46624
50174
32523
49604
38104
30974
46482
50944
37657
38843
39400
40981
48034
52162
33280
41659
48540
32301
45509
36958
37366
36417
31054
42484
45170
30618
38163
40718
47228
34716
47683
31357
47432
30343
43151
43217
32016
40404
45887
42016
36867
42254
30965
42586
48299
42562
30526
51059
51468
30467
35765
30285
38687
46265
32873
48700
30288
31579
35688
49552
37946
52135
33569
41168
31340
31991
30276
33188
36742
32368
48916
35403
49986
32140
47014
38317
42153
34903
38500
42003
30979
53090
38000
45447
34750
47612
30571
48141
32726
33496
31423
39101
48282
30292
30877
53460
35991
39327
33678
49517
38913
38917
42997
49338
31062
46080
31012
47031
33388
41509
32915
53879
32620
39453
42174
30509
43235
52495
30945
39928
40141
33741
47413
34805
33858
42108
48282
44378
45573
49526
30426
35438
47414
35492
41389
41905
31523
31668
42975
31049
38497
43183
37561
42721
40595
51314
30969
48154
31979
32378
41950
38871
43449
34349
36708
45798
36561
47121
30688
37131
38905
49969
33244
33198
42434
48693
31160
34733
40032
40178
41616
51093
47221
31246
38886
39364
44393
35104
49524
34669
46089
30492
44334
30649
52238
52810
31674
37289
39447
45604
30630
31186
34264
31445
30728
52071
49948
51915
36528
50417
30676
42605
31175
32661
43614
44840
43288
31618
38430
43927
46072
50424
32696
43963
32009
43435
48968
36083
49397
36232
53542
30546
45763
32218
37323
36993
43352
34831
30786
38473
50792
35734
36049
47865
52517
32619
39829
50207
52676
31908
32073
32540
37543
45273
47920
30773
43665
32061
48603
39096
47410
50017
30937
40680
31007
47942
30547
46958
31705
45937
49029
44781
38801
42822
30603
36096
31340
42325
52767
37475
52752
35171
38264
46672
39354
51521
31432
35951
34645
43071
34460
39006
31385
44803
52153
41676
31088
53890
31474
35777
38554
30488
31064
37004
43805
45674
41758
41881
31332
37995
42745
43337
51895
31084
32822
34126
31643
45437
40270
33049
41406
30719
44433
52552
34160
34319
44209
32038
39746
49888
35091
44633
31072
45332
45413
44497
37163
52670
33435
53132
33039
39847
43581
35487
47262
32280
43066
35499
41396
32398
44431
33799
49466
49340
49402
39986
39293
41000
31895
51206
34781
30989
44316
30765
43914
49081
50420
43234
43775
34370
30601
46236
30476
31547
50398
33833
39353
40678
33285
39775
31489
31788
49802
33297
44955
32728
40749
31124
39773
52146
43882
34633
37206
30533
30489
36233
49682
49612
38574
37552
37601
50946
41151
50432
44461
40660
46659
31948
37621
42135
40575
43831
33500
31662
49034
49387
33801
42602
30796
35082
38504
39252
49349
35635
46781
31518
38069
45353
39703
35010
53538
34438
44767
32092
36922
45715
48735
40355
48166
34498
43011
52579
33688
44214
52002
45020
51200
30562
32174
31013
46207
48245
45407
51731
46001
52774
39406
36929
53409
43968
31384
49594
40408
44129
30828
37344
49415
30539
37428
34576
30572
37490
45779
49195
48891
30573
35431
32589
39473
52165
30855
37526
32875
37664
30935
33676
33754
44240
45649
35815
41388
31228
37724
31801
53733
38750
31582
41167
50065
36005
40134
40513
49676
33438
47539
36653
52105
34162
52824
30904
36256
48754
46103
39954
31152
37596
30945
32877
40194
30577
34741
45459
31267
37552
41638
47796
50684
31772
32570
34826
34861
35051
39937
30763
41374
46529
51394
30594
36623
33294
51247
34142
52694
32488
47424
30604
50468
31536
36030
45030
34897
43585
50816
30700
45306
45115
31786
41072
46023
48762
51615
33435
36610
44200
33562
40401
52011
47240
49529
37589
41165
31471
44375
49049
31391
32767
50604
52604
34244
46274
46670
30661
43624
30975
33380
52442
49649
35650
31353
31449
49811
51850
37589
36181
44183
33088
52339
30875
39849
32527
37128
51065
33229
34476
41229
34136
42047
46660
50091
31704
49373
50801
30738
32948
43392
41179
32290
49613
40181
40398
53051
43586
47661
41737
42300
51912
32529
47845
37168
45095
38407
44371
34325
45022
45189
43155
46798
31359
35957
32182
35343
31188
46274
35629
36063
38485
39921
32164
46909
35918
40061
31790
53738
36553
45726
31358
48213
48261
37697
45747
33098
39154
32578
40233
47008
31129
37980
31179
35460
35096
39872
47376
40973
45487
38048
33289
51221
37326
37384
30692
45204
35647
37192
40074
31254
31843
38923
45481
48171
35709
36762
47786
44109
44629
52656
35346
41065
47945
48172
45145
47646
47049
47177
38935
41549
31002
46131
47988
40129
31374
45996
34984
46283
32265
31820
39708
48574
31787
38454
32161
38600
51339
35372
33693
40762
44180
49586
37379
48482
50874
34763
37976
33886
33991
34860
31778
46287
33788
32742
39828
45452
30946
31484
37712
36241
43352
46512
51644
49143
31890
45228
52177
35917
42592
34290
44303
32812
37154
48055
31022
33842
51985
46538
45944
51606
51676
45923
43968
32264
38065
30882
34543
45609
51799
32876
30769
38777
32593
37303
40845
31795
36819
36617
31902
44882
33372
51995
30779
37917
50438
34972
46272
41407
41850
47202
31174
33576
41356
44115
31821
44033
30913
45554
34802
37631
35608
49279
30988
43857
31509
52193
34010
45607
30797
32509
35525
47162
34371
37685
30799
32690
32691
42534
48750
37432
43062
32115
32224
31469
36932
46007
50312
30807
37825
31017
32708
49307
53740
30901
31529
37032
41176
31181
41424
33508
47597
34205
34208
46930
33623
40048
32126
38797
31125
36962
36336
41771
38761
46928
41613
50665
30905
38609
39229
31349
50409
40470
33800
45038
45988
36625
49477
36199
37491
37193
39124
31139
31338
38292
35172
47822
33953
35563
36311
48272
36256
36447
36464
32566
50044
37056
37202
43668
48230
30953
41734
32275
48423
37541
37818
32231
48946
44955
34419
42083
32047
42239
31074
44008
48390
46669
48758
31203
33875
32954
52090
39275
35649
40904
44938
31969
32044
33669
52367
35316
38516
39165
46449
34794
47429
31233
38478
33405
53576
36474
43842
36443
46842
47383
48320
30873
39875
34256
51598
38166
52340
38323
45210
30880
31029
41877
43006
46040
34394
48559
39070
49261
49752
36903
47772
46614
35810
39389
50055
46520
48897
31452
45962
32731
36906
47499
32546
40598
42622
36551
37200
33049
48400
34008
44244
45406
43809
44436
40942
48769
38425
33639
36309
36031
31377
35761
34284
52735
31605
40496
36132
44350
33451
34440
44967
33510
40976
43840
51092
52656
37285
38803
46828
47575
32995
48127
50127
36950
44375
41558
47041
31305
37942
33146
34755
38870
41998
46738
31114
38646
39877
32816
31295
52797
34112
32137
53811
32112
46226
46661
30947
31588
46871
37586
31659
47380
45774
48371
38768
42799
38877
39752
33041
39640
47812
31727
35975
35635
40856
33044
39415
49721
41481
42339
37700
31146
37821
45896
33508
47992
43162
48358
32794
40717
32851
49264
31338
40543
34052
37209
30968
37724
53880
35458
35285
41263
35956
39931
50879
38011
39148
42644
52022
52157
31321
42669
46389
36032
32632
49202
49026
35415
36538
43019
50633
32819
43159
35549
33222
38666
38764
32751
39528
31005
45569
48885
42041
46071
32164
31779
51813
32285
39396
31484
48580
35403
47636
46342
50794
32080
52007
40653
35855
43010
32869
49368
34567
39094
31014
35618
39851
36354
38005
31816
52143
31697
48898
33786
39424
34995
50313
47817
41025
50246
46180
53854
38404
47310
31018
44780
49361
33374
37867
48614
41095
32345
36543
34563
34591
31858
49046
37794
44513
45600
38550
35591
39060
39639
50400
50792
53184
39854
52544
49379
53209
31041
31087
43828
47195
38226
47583
34074
37435
38549
41770
49583
34173
36398
47074
31747
32737
33430
31095
47599
37363
34134
45415
52065
34212
37249
45044
51799
41829
45615
32160
34013
39039
39572
53073
48900
31305
32406
43591
38027
41462
34076
42256
36844
38165
51893
32245
49990
53562
38314
32434
32396
33166
33951
37080
45636
50493
34028
48503
39438
48805
43117
50506
38694
33671
43793
50836
43762
44876
34318
50400
34093
38812
44448
41814
45728
45551
50090
40494
36470
37026
48922
32243
53278
33618
41457
42910
50675
33899
41185
42361
36270
32381
47796
39112
43038
51298
36852
43783
48012
51286
41946
43394
45244
48990
33697
37877
39035
51696
53124
31307
48906
41377
50481
39053
41023
31399
52027
32011
32901
40126
38102
44595
31137
52947
53510
31194
42747
50104
32698
44720
31238
46223
38978
42580
48883
33873
53343
46878
48536
33481
48944
51737
49607
31148
35819
44527
49306
33238
47153
45079
49253
41001
43171
32255
32992
35651
45449
35477
47791
33121
52838
32187
32461
50658
52040
46021
31961
46860
37968
31528
51692
32764
34709
49416
34616
39138
42043
43821
33867
34353
43324
49728
36013
43070
44086
31761
52420
48542
34017
40480
38248
47595
35323
53373
45615
46790
33653
40143
32090
32099
37148
40685
35292
42352
32993
41353
34108
40752
36119
41143
44061
49491
32020
52682
31940
43435
32588
41181
42115
32326
38181
46441
36593
35651
31229
31527
53160
40417
31960
44204
31211
52133
52134
31367
44255
44035
52680
38977
32013
41882
32156
45407
46649
44334
51192
34148
48398
52875
44272
44577
44066
33714
47708
36805
47542
41503
42538
47493
48746
31238
45344
31362
35178
40307
41651
31303
31243
36672
42180
45814
33851
31312
43526
52630
49435
32267
50967
48634
33742
48903
42685
41583
32320
49667
50504
48927
49235
31335
44980
47158
31633
47516
45037
34949
38050
34693
48466
42173
50994
46374
52680
45657
53021
33953
46429
53188
31671
41184
32367
36771
43517
32358
49610
36998
32406
40123
32977
37384
48688
32356
41085
41924
32286
36501
34817
43122
34148
39489
43846
46329
49680
53655
52477
32076
31381
32335
42273
42459
40700
34634
33036
33473
37584
53877
38507
47298
52553
31429
38222
33553
32024
44765
47352
35594
46203
32680
36145
51201
52847
38985
45297
32710
46156
35175
37204
49666
52440
32520
36016
33528
37005
34331
34310
47161
38202
51605
31510
32192
32726
33663
45859
33831
41256
43423
41567
49649
32328
41524
43846
32912
37652
40166
41774
40787
37507
46851
35642
42465
49751
45237
46670
38865
48007
32159
37439
44596
31997
45563
36145
42233
32650
37498
33268
31678
39982
34957
45398
34144
46933
47900
36066
43807
38027
38627
47670
46052
33499
37583
42067
44799
32037
33029
51028
32492
35163
37157
40795
33218
40140
36028
38130
36147
43821
34001
45594
52202
35873
50205
51980
47875
51741
47864
51270
50357
36961
51040
42142
31384
35958
52550
32176
32646
46995
47421
50106
32019
34070
33017
39128
32280
44408
44864
34261
40873
44762
42542
50381
32956
31431
32525
42149
51401
45944
50388
33841
39898
31606
38204
48872
31836
32309
31546
44173
45899
47360
31715
34849
38779
38512
51280
31417
42005
45030
42562
35915
32698
37216
34479
51517
36803
41639
39677
34483
36243
41797
47030
43426
51525
47889
52752
32838
39967
49664
44546
47155
31709
33907
50703
45391
48942
40388
32730
41884
35681
35993
52387
43183
43565
42341
44333
36406
37261
32930
37101
33662
37676
49207
32089
31655
46453
38087
48191
49629
50764
32027
39166
33366
37532
45082
32556
47293
39763
40647
47066
51783
31465
41031
41657
31468
43534
48569
33034
46986
39150
50069
32615
33375
35556
43601
39783
34138
52445
38914
52130
31479
47256
33476
50909
40640
50491
41669
42791
35068
40124
42897
32597
37170
39086
38243
38721
42100
52186
33387
36811
36753
38301
40288
38073
53441
32419
34023
49502
31619
44458
51752
52503
31977
35741
32054
35136
37037
48994
36765
37417
39588
40851
36253
46203
51800
31729
41999
34768
47219
47545
53487
34906
42540
34057
49605
51584
31514
41031
40813
41820
33125
34076
45941
39905
44122
52012
45761
47144
34021
36187
37282
45921
48737
33971
35062
31765
43360
34154
41996
45560
48720
45903
46608
48421
45045
47981
37199
44524
32893
35034
32820
35049
41423
41614
37473
47038
31873
41076
35910
42487
32908
34092
48902
31931
31890
33478
46790
32760
38949
50867
32172
51764
37402
32240
31975
51423
38534
47806
32771
50686
32500
42600
46239
31669
41759
47615
31847
36999
32135
36009
31900
45511
31899
36250
34132
44324
32025
42612
33909
34255
46226
46081
32575
31956
50388
31625
39324
51013
52507
53037
33203
35513
32176
35317
38761
39458
43661
31887
46273
51665
31908
41262
47515
46637
32602
32913
33473
37623
32308
34434
37182
39828
50948
31587
51373
31886
46130
33770
52091
38180
35660
46604
33219
47715
48625
46912
32386
33181
43958
32005
48995
32939
53196
32469
33544
46541
47434
37465
48546
52352
32439
39341
47810
35508
41588
32775
35115
35754
36323
47975
32380
34475
41146
50596
42314
34195
39866
38362
33309
50183
32212
33148
32821
43853
46869
42193
35510
40783
46817
42237
34507
34729
35387
41781
51949
31628
35768
43643
33116
31954
32102
35576
43096
38573
39664
44445
52032
32910
53657
37956
51321
42378
32959
36255
37133
41634
44470
48871
50430
39959
31803
38643
51104
42728
31752
33106
33216
39517
32317
49254
32770
36395
50617
49176
48071
35629
45153
34106
35067
31700
45141
45926
32420
38037
46555
45395
49107
40790
47068
43885
32694
46694
52928
53917
32323
42558
33028
49469
32480
42551
52759
32969
38080
43739
39855
40772
42861
35434
41327
33769
48247
49893
33546
44966
31682
45363
46085
32130
47527
49776
45829
31742
44371
35236
45176
36577
35870
32158
35401
49568
32157
33733
48742
37457
50503
38108
48749
33928
35301
47035
31902
33472
36885
52555
35707
49669
39566
32839
38572
33673
44620
53840
47649
48859
43899
32053
49270
41826
45057
45515
36156
41231
36267
32958
35501
32190
53068
42957
44866
31800
53833
47695
32648
45154
33305
33471
48830
50204
46693
36149
42950
41975
42533
48143
38351
33746
33942
39837
45307
45953
31991
39221
38157
42133
42711
50601
52006
32313
45466
32412
33638
34112
53757
51350
42820
38946
33760
43959
49153
52084
39921
46456
48997
31742
51747
45932
31964
43774
44050
34006
33144
41537
32513
42896
41247
45855
49558
50588
48341
40478
48151
31928
37088
31818
47085
49293
44421
33089
53577
46475
50165
40240
33923
36163
31811
36217
40872
38577
33180
32512
39845
46123
33056
39209
34345
35908
36064
47493
33019
48341
32748
51525
40130
33565
45046
50615
34697
45553
33399
34744
31887
46015
38909
33367
50038
52454
53636
32911
36870
46859
34173
36615
53917
46399
33590
47375
41474
46404
38414
53084
33897
52087
42796
52658
53021
31833
35295
36169
45182
43548
46987
32783
52795
31808
39254
44364
37646
42109
31828
32928
47026
50228
33045
40978
33531
37220
49930
41224
44988
42480
41590
32628
44374
32677
39106
32242
44895
50436
53782
32841
49763
42646
48251
50310
36642
41471
32448
37093
44839
49020
40586
42621
33502
46936
47149
50784
47597
50774
32430
39985
52069
38664
39499
46437
32508
39826
50529
46837
33316
32022
48639
41156
47833
32478
42554
33603
37692
51750
51984
38535
39202
52552
44963
52662
46165
51964
33497
45699
33228
49666
35904
45741
36289
37544
48295
45309
32049
37643
39745
42076
32818
47994
38816
41687
33412
40519
34359
44917
50877
32392
36834
50170
33139
42556
40392
32289
46898
49358
50749
34401
39680
34388
38538
38075
47611
36173
53476
33348
34221
31945
46485
38304
34158
32714
36346
40641
47612
43215
37212
51388
31894
40621
31932
49907
39412
44907
46827
41988
50373
51068
53244
44592
47759
40982
37896
53676
44566
45603
34227
41890
34187
41556
50247
45402
48230
50650
33369
40313
37616
46185
37264
39332
42816
49064
38291
38949
51745
48476
39019
44491
32606
35771
33172
46809
46183
33473
48274
32384
33130
40916
49199
50062
38121
36016
42226
45817
43764
49324
48431
42187
48761
34936
32390
32567
34592
37069
35064
35945
44856
51106
37029
44794
41870
45003
34039
42435
32391
38782
42272
32154
34032
53559
32257
42386
45564
47814
44797
46337
33919
44259
46975
32747
35268
33121
49413
33439
35558
46372
35610
35274
50253
34487
49205
33034
47746
32846
40505
42991
52203
32098
32515
38839
35488
36505
42559
47391
33194
36257
40405
36980
32329
42956
32453
45195
53644
34895
34652
42346
32783
36387
41677
45598
35694
32656
37438
50829
32635
40167
53210
32105
44819
33480
42735
32462
47684
34038
47615
32796
43430
46134
39786
49841
35230
35597
44986
52279
53291
36089
40328
51233
32805
45636
43788
50453
34170
37405
34662
37134
35318
40728
48988
43919
51279
43822
32177
46180
35690
39891
36184
39100
32424
34341
42782
40967
52312
32291
32262
43665
32059
40998
40512
44250
32110
44078
33830
49125
51609
42701
45392
34317
46278
32503
43203
48674
48377
33179
34803
36386
36125
53589
32980
43953
40914
33390
40174
53586
34665
38902
41944
40670
33889
51523
39405
35118
38096
32764
33999
35244
41548
42348
37228
50696
34480
35405
51257
33747
39543
40795
46252
49283
34994
47197
37387
32116
49468
44811
33468
36416
45842
43923
48331
36836
43580
44981
32719
38512
52313
33263
35226
52549
52482
53398
35398
51742
32088
43344
35783
37830
46830
46248
47690
48844
35789
51954
33700
40964
41909
32755
45448
50697
32896
41968
32341
40279
45492
46425
50299
33956
48440
40661
33382
32122
32623
47807
40550
43124
33679
43550
44319
45021
33475
47126
45415
50798
33987
32791
32970
42886
33774
47069
39132
34455
46650
36413
41021
34501
47243
32212
40973
36877
39070
42787
34047
51185
33084
33352
37437
45296
49739
43534
52463
52644
41002
38016
36822
47143
32769
47967
32689
47144
32738
33184
35932
33284
38125
35286
36516
52904
45117
34192
40446
44660
50396
33639
44785
34223
44733
48975
52382
43182
44894
45436
40220
46408
37860
50284
35236
36479
39973
40808
48216
42801
39319
43868
33685
45227
32783
42284
42503
33948
37444
33657
43631
45650
40205
40643
45580
36115
32595
41366
42113
32808
35154
43487
52194
52151
35093
39657
49204
32224
49133
47852
44071
34382
48869
52609
36496
36983
41851
38925
50034
33842
47227
32957
33114
35627
42021
46019
34410
40207
47650
33583
43396
37394
37539
36903
32795
39062
48501
49189
34185
50683
37763
42922
32217
41313
47707
33952
49142
34179
34159
36003
40300
37331
46585
40168
49245
37150
51738
41337
42403
42953
46692
34465
44709
45058
51545
33325
33588
34159
43960
53329
40432
34554
33197
39506
46663
32342
33966
36172
46808
34549
34913
39779
42985
44021
43532
35630
37538
37832
45607
32689
45761
52344
33720
42973
32296
37023
49611
33271
36175
46224
32833
39203
48633
48570
36703
41814
40367
49315
46947
46824
40235
47704
41061
49816
44168
36966
44970
47090
36837
46008
45130
50925
38098
45995
39524
32393
34598
34846
34375
38488
51155
33253
46111
47769
49889
52517
40070
35052
40733
53839
38280
32316
45970
33048
37853
49481
34772
47306
45025
51426
52503
40520
39825
50706
35928
44816
46422
36290
38954
37072
33080
32822
42429
49976
32906
51304
41955
44504
34311
45106
32625
35331
38920
40602
32327
43969
36429
34909
38063
41068
50407
42545
45797
50168
33263
39946
33128
39897
45152
33411
52454
36668
33516
48523
50239
48722
52599
51673
35747
39620
52385
32352
40541
47581
47984
41169
36167
48581
35327
40400
32888
33153
32857
41985
51102
41782
48483
35352
39274
33446
45274
43061
50406
47945
45694
40560
49754
36506
47215
33087
39161
43945
32468
43130
52016
48002
33645
37111
50748
47301
34509
37959
40822
32482
35069
50684
46081
39762
35694
33010
33132
53261
35222
43054
44884
47984
33702
32394
36548
37420
53899
33453
50997
47705
49729
45948
47248
49892
42217
49464
44067
32618
46178
32407
39515
32405
32631
40147
40669
53810
34018
43246
48233
34030
37274
44363
38472
42527
33935
34180
39065
34917
35139
50492
33543
33923
38110
32421
45476
33304
47977
42402
51948
36526
45364
35756
37276
47223
40542
45151
50421
46936
50088
34497
45070
47824
32973
37352
32932
46139
34227
45536
51418
34559
41764
32749
48385
50784
53777
40675
37513
40058
41984
32465
44718
46998
51898
34752
36675
34636
34733
51719
52465
41435
45496
37604
39552
34288
47555
32694
33849
33472
47781
35087
34184
34219
39192
44605
42921
33650
33695
33973
52771
36365
37830
46815
33534
44673
35528
32469
38861
49836
36536
44891
51203
34676
37319
34544
32942
34220
33958
35045
36779
38514
34554
33307
43755
44170
52378
35072
45810
51206
51403
33895
45299
38912
40142
44650
37633
39504
53315
34656
52891
34709
33850
49155
39015
39984
38042
37973
40052
41286
50279
35025
48174
49253
33032
35256
45630
47436
38884
47723
48409
37894
41661
41888
32509
37682
52270
52925
33731
45970
47373
49921
37964
39255
45631
43418
47858
35355
34858
36297
53527
32642
50368
51240
39681
36733
45601
34095
45571
33875
45287
48879
42662
46469
52468
36220
39253
40714
48188
50258
50509
49609
53718
42427
50430
50682
51126
34315
37837
39087
34216
41442
46841
38363
39092
32921
48303
36629
44943
45625
40773
43002
33921
32845
34129
36628
44099
51249
33349
48776
49945
41466
41990
32936
46775
35293
39042
39047
50585
50543
39312
51370
41118
37988
48635
44875
49617
37212
34106
49981
33235
41971
42989
46260
37958
36397
43677
48834
49639
32572
44936
38639
51710
32734
50364
36793
33000
51027
44922
50152
44736
46979
33800
40049
46849
39941
43324
33944
33559
34902
34645
40123
43591
34615
35852
44779
51700
35552
35421
36671
42017
36593
45287
49181
36656
39810
40840
53865
34139
42124
51384
33865
43544
47369
50750
32902
34777
48552
32885
48482
33061
36942
39325
42912
36662
36355
41231
49581
40509
33585
35146
34084
40093
39910
32864
48204
33033
43696
42944
52895
38261
40273
43005
32857
49035
37197
38695
53279
35442
49188
33525
37988
42822
48802
32639
44042
33391
40734
51421
34654
40547
40241
34864
39160
35902
39774
37764
37811
33163
35427
46289
43486
49869
53815
39965
36778
33010
40397
46644
52879
32657
52758
42710
34970
47560
43391
49000
33595
45504
41558
45077
33519
35014
46981
53500
46024
46357
33066
41585
45378
33396
52394
35446
39819
41515
34384
49047
32891
35512
33022
34661
40384
34163
38013
42612
35636
48559
35505
38802
44512
45429
47051
34922
33247
39022
34984
36447
37856
42793
47591
36971
42811
50303
43313
50062
32691
33624
33570
34997
37139
39694
43113
33982
50907
41918
42241
48439
53391
32765
39549
49541
36234
42350
43043
37866
43526
51576
36177
47151
32843
48785
50750
37328
40524
33101
36012
40635
47001
38740
40310
47253
47969
50916
42437
48971
33903
40804
33633
43441
42777
53797
44888
45213
34447
35347
36138
35450
38315
35919
36491
33012
34255
45727
53891
47422
32733
50650
51748
42534
45983
33465
39663
46404
43072
47920
41824
43440
36917
41441
38372
39010
50468
53681
34489
37525
43782
37790
38350
45616
39260
50415
33696
38850
43554
46246
50055
37948
40642
45510
38475
34248
34950
34628
36588
42689
44569
33367
40087
33484
33249
44913
41790
35138
51685
37912
43685
45323
33040
43552
40433
50288
33108
37947
44085
38361
33512
34277
45676
32811
51485
43605
44627
46867
47005
43827
36387
38669
32907
39411
53889
32789
53016
49259
34303
35081
34468
36485
39824
33358
36202
45339
39838
45158
52722
48884
42674
37716
38859
32802
37913
35411
37511
39064
51905
34177
40520
46947
49880
41735
45435
33609
36351
44303
34711
51324
52808
35718
43934
34318
33687
33698
44603
49627
50519
32820
34500
43074
33282
48621
49213
36311
34522
37651
41131
50792
46581
52184
41259
51816
53450
33887
41496
49135
34033
44754
52245
39425
34740
47861
51037
34957
50671
38167
42581
46218
37624
38391
38644
32897
34396
33832
36727
46507
35746
38035
33598
49565
52364
34724
45154
32927
51693
41222
49091
46090
47276
41434
32863
34626
35612
36289
37260
42743
33832
42533
43588
46924
38374
47713
43536
50402
49641
34677
50195
32974
39498
46569
51254
44272
39095
37572
48013
34301
33869
44645
36561
35563
43854
46351
33504
44870
39220
47129
33082
42594
43796
35623
40218
33442
43977
33927
44571
50709
41945
50765
53681
34888
36405
34103
36891
33368
35640
40083
45513
33385
48004
34270
38851
39175
49484
36043
41416
34065
35536
41072
53668
39564
36042
45330
45772
53778
33963
47906
34327
33636
39027
43924
49681
35101
53572
33915
44173
53778
33587
43335
38781
47577
37014
43090
42341
34245
42263
49578
35776
40581
35023
46847
33109
51282
52733
33081
48092
44139
48312
49235
36222
53609
41470
47453
33428
40695
33108
48731
51431
37232
33117
37987
41171
48005
40549
34836
39342
51521
45068
36116
36978
35944
36611
33930
35460
36458
47727
38232
39190
43695
33480
37581
41487
33112
39281
50718
33169
35344
40674
45370
34954
46503
34432
53010
44975
45221
37939
34547
33834
32981
35430
42229
35204
45345
38053
49188
45566
35208
38338
42399
33764
39109
33856
50239
33530
46940
40642
42430
32990
41342
46698
42011
33004
34718
49716
38898
36575
35026
45027
38281
50115
52187
33119
51537
38921
45285
49924
45351
37105
37188
33189
46748
33941
52703
34442
34551
33326
34751
48866
37570
42085
43742
48585
52981
33911
34355
34981
41057
46486
38702
37197
36669
41453
50590
50223
38545
34000
44350
53829
34598
49985
33977
36303
35926
52250
35627
37623
38007
38828
39642
42758
34046
35354
42753
34593
41530
41452
39630
49056
50729
47588
50509
34503
36029
45943
33326
45107
51820
36494
39205
46091
36171
46345
45446
51668
33221
44468
51406
40537
49840
41028
43640
41546
36354
42052
33415
47291
37807
48857
33684
36350
39222
33071
37483
40199
35062
46017
39515
42392
34308
40650
52520
33590
37820
42047
45113
39218
43356
50184
36192
39312
39901
46179
33244
38752
33142
41597
45643
48909
49874
35118
33914
50945
39263
51452
53138
33667
51604
41843
42009
33135
36317
45083
44025
45220
37761
38023
47959
33669
45227
37259
37345
39964
38767
35358
33138
40618
46301
45720
49909
38757
34453
48481
33803
34865
43595
33124
37430
39242
38225
48960
34292
46870
49323
43278
43326
48140
53098
47896
44689
42256
43710
33520
46640
34465
40073
33164
35444
40527
38337
43187
35437
40112
47037
41252
34482
44331
34739
35066
38294
42728
35399
50983
44117
42650
44951
35499
48149
50582
35094
36780
42159
33152
44631
34604
35433
36883
39951
51486
36650
50671
44157
36083
45790
36499
42590
35370
47594
36621
38908
34572
46822
34415
38582
34298
41328
36220
41505
42812
45999
33168
51311
49147
53323
52398
38223
40537
44999
52235
33637
36400
36219
47032
48214
44015
37798
36126
41778
33310
52293
49451
52573
34285
48932
52330
33288
36599
38621
34643
47733
33199
44563
33460
51515
33192
39667
47953
33853
33347
48640
34538
33286
39170
48249
46285
53805
47891
40138
45042
34334
46280
46891
48442
35509
38105
39327
45517
33241
43270
34683
39412
41361
41320
35807
47518
36883
34022
34923
46407
36545
35836
34504
43035
35750
39833
49871
49288
34044
45451
38822
42351
36262
34581
39859
46387
33302
50103
33342
48111
52571
43543
48462
33392
33525
45849
49610
33659
44536
35767
40591
41465
40074
34922
35589
48331
33540
33901
35100
41153
37024
44653
34556
36710
43963
43572
38845
33755
44019
44761
50771
45679
47753
39581
41790
33631
34133
45385
33399
34256
34488
34815
51574
35624
45311
50125
34012
41094
45432
40760
47396
37900
47501
38904
51759
34831
38851
41512
47347
46456
53875
37427
50466
37595
46990
37474
35110
35725
42146
50058
38395
43531
46203
51800
33761
42301
46722
48236
42638
53325
41578
51285
35842
40890
39400
46073
36123
43350
43118
34416
44491
53247
42118
46117
41343
51632
35046
35082
50484
37979
41871
42321
46826
34329
37494
39222
37634
49951
50510
52800
46475
48821
52164
34618
39281
53714
45320
34528
37987
35333
49197
49980
36300
37889
44917
36991
33957
46372
44747
44809
39466
44328
41676
42726
42136
34678
47758
45421
40554
49760
36251
37813
38942
34129
34150
34748
39176
40505
33334
43890
50056
33756
37688
41734
34015
36654
38138
35158
34257
38627
36539
37913
46831
35417
39024
49796
33593
38518
50256
51873
37000
50615
35163
33355
34768
44454
33479
43291
35690
48139
51416
33694
36985
43346
38518
38809
42359
44688
33568
39740
39491
40059
42857
45399
37725
34174
35002
39088
36210
38650
50991
34712
43676
37123
35760
34788
39338
34796
45276
46671
50304
44252
41883
47318
44919
34540
39058
39122
49755
34075
33584
46041
34310
43081
40531
51755
37997
47728
53196
37937
52729
38211
41336
39912
35845
41436
51865
51931
36469
43270
33411
52320
34882
50169
33854
39731
50755
37047
37270
41917
33415
49346
36558
50199
34319
34854
49256
46951
35028
36410
34925
38357
36612
39232
39694
46956
51451
39423
45113
39631
52429
33426
42661
47267
35811
35926
49575
50884
33789
41329
46189
38674
43450
44582
45874
39261
47907
52132
39378
47987
51841
49358
50749
33445
48252
45644
34007
37803
33884
38012
35148
48290
34187
42734
33668
37015
34305
44481
35851
48820
33459
49545
33794
46160
34550
36137
42252
43640
35060
43331
35614
46770
47136
34103
48778
52451
36862
38231
35428
42179
35734
39511
37926
38390
39523
39975
42450
44194
33869
43110
52212
34633
51049
37431
37341
37492
53647
36581
41692
35249
46375
43929
50876
41135
45104
36052
43658
35528
33736
47312
42652
35294
34045
34211
44593
46106
35161
35021
38349
48840
40738
51016
37873
48119
48690
33514
48600
34347
48849
51031
40891
40770
35115
38107
36665
39067
40824
51079
42127
44446
37098
33540
47017
44125
52390
39185
33588
49760
34475
47441
33700
41076
34947
34269
36199
43570
39901
53916
42486
34035
51683
34463
34516
33828
33848
34917
37294
40348
34868
38500
33949
39913
34493
45899
38887
51658
49478
35771
35887
39671
49077
53460
34599
35738
33640
53492
34715
50667
49460
50588
37030
38174
34078
34236
51534
48097
53123
38037
49126
36196
51353
40278
40307
35797
43491
47160
34479
38758
36202
44295
44813
53464
36514
36890
51373
49668
52106
37388
43329
45812
44435
36186
41646
36170
40406
34518
47056
48442
51516
34873
37203
48321
34057
34212
34060
40095
40301
42379
45313
34654
43960
45318
37285
41415
33611
40564
50027
36115
33647
38780
42422
35471
39848
36034
41473
46848
34035
35840
41490
38278
38773
33818
37733
39421
41420
44056
35139
35234
33621
47891
34320
35192
38464
43275
50595
44771
33861
34378
33636
41343
35538
36571
36923
39552
34694
44493
44618
51796
44533
46101
43904
36366
37385
40389
53764
36769
38912
48333
36293
49303
47655
33655
34063
34862
39538
37629
37422
34211
35449
38450
49726
52398
48661
46504
47700
47609
35371
35518
49281
50290
51936
38248
40568
38245
41636
37953
50893
36141
33754
35688
33668
38812
40241
48613
53322
35686
50648
52061
36554
41834
40788
34361
39353
34577
39187
40308
53379
37874
34563
38524
38406
53322
49911
35532
52776
34738
46480
51288
34016
40946
35314
45835
53254
38270
38758
33693
42731
35782
35906
36393
39619
44064
46436
48732
52938
44726
44522
38744
44384
42370
49461
34580
37325
39520
38890
44294
36138
37440
33713
36055
51464
42641
41448
33714
40056
39335
34621
52754
33821
53198
38567
43124
37258
47414
50376
35480
48820
35748
47830
38428
47888
53476
52593
46564
52212
35369
38403
41863
46127
35191
51655
36679
49312
33742
41343
49687
39284
52149
36599
36782
49464
38594
47498
44012
45208
39484
42338
40431
42015
51792
34890
36193
40922
37605
42390
46360
45354
44314
37218
36002
44383
41188
46587
36369
37458
33895
44488
36460
51638
34907
43792
34312
44505
35566
39545
34100
38622
42308
35902
42115
33767
40664
42767
51901
47093
50327
50673
40685
42607
47804
48782
52073
36531
49009
40316
33783
48951
53913
41654
42093
48347
35314
34134
49573
39098
43390
49460
37433
39732
43218
37174
49445
34075
53838
37332
33794
33810
47276
36599
36633
44457
48288
34935
34534
40646
33864
36210
42968
35239
36980
34456
34992
46248
37874
41063
34009
35205
35998
37182
42156
34226
46738
34587
46481
34119
33815
41335
51432
50293
49445
41408
35018
33890
42877
40747
49764
50344
47585
36174
51337
42352
33881
36432
47962
42443
44392
36936
39642
44686
44855
48921
35883
43793
35196
38774
39352
42241
34460
46172
36864
34650
42312
44742
39822
42172
36991
38956
46522
34578
34867
39181
43297
36645
45272
36697
44958
37709
44923
40702
46310
42887
39483
34675
47229
37322
35713
48217
35831
46406
33866
43880
37346
34747
44003
39689
40512
36852
46901
49424
35980
45746
33895
48548
40013
42426
36252
45575
34975
48785
34243
42839
34036
41959
47385
35441
44158
43025
49331
34644
33912
36475
41294
35735
53579
34796
34237
35142
37551
35106
38929
35071
43991
36348
39058
39880
33955
34071
35586
36678
43063
43372
51313
52401
37778
35090
45479
38654
39669
50878
51795
35092
38269
41365
38705
45179
47038
51918
34638
38831
34535
37977
48435
34847
52577
36507
33996
45143
36168
41541
36147
36402
37215
38771
36405
45516
33939
43684
34855
34882
50434
35481
50065
50572
36192
36759
41035
51029
33948
39053
42264
34102
49779
34456
45759
35578
43907
34653
44670
42048
37129
36525
44211
41952
42992
39372
50669
38508
45170
51505
35345
36222
35608
41585
50742
34831
40996
46493
37311
39892
35201
40521
41517
37350
44362
34055
38020
47348
43441
35517
36916
46568
52985
34089
38324
50731
53656
34190
48944
53633
49196
51630
47877
40705
38668
41952
42261
46951
37337
47546
50123
38893
36487
41021
43242
51882
41833
52382
40320
41211
50483
50302
51348
35663
46737
35935
37092
40034
52224
36245
43113
41832
44557
34067
39492
51442
37391
46440
51352
43950
45981
39978
51088
34885
37682
48057
53468
43157
51762
37421
43252
47605
41411
42434
34715
51067
45140
43997
51394
35073
39226
51517
34058
36260
35903
48553
41180
42988
35239
50610
39416
47594
35431
44610
46184
44825
45108
47194
39914
45060
35624
44021
48423
40895
42730
35056
51451
43516
48794
35140
39373
36515
42581
40106
40383
48556
43089
51166
39619
40482
41696
34458
41392
47755
35895
48534
34725
35302
41644
39717
39672
42121
34924
34936
44925
34085
34830
38911
34517
36362
36973
42292
51292
44647
43152
37249
44834
42676
36252
48444
40000
35831
35823
51960
38807
34575
44693
50737
52436
51390
35587
50295
50030
34962
47684
50611
49888
52399
34096
41995
45056
46838
42631
46820
50272
36824
45745
47070
41380
41962
34624
40932
53240
52332
35303
37941
39013
45535
51958
35492
36459
45306
40926
42935
48555
47195
39109
34239
34222
42049
35430
35711
51732
35438
35864
36754
44947
35398
35489
34801
36989
40877
53241
48928
51244
34832
36186
41255
35875
52481
34886
40080
50435
50076
53875
37349
38747
47458
45194
40336
47661
42034
40636
44020
41052
37261
42394
38023
38811
37170
41996
36132
46238
46426
48549
40014
40244
36906
37539
48455
39968
47968
34411
39510
47331
36701
46584
49809
42317
34155
41653
42592
51315
40331
44216
48413
35988
44853
51959
47140
40157
40601
53856
45595
42884
44567
34430
36627
37580
37964
35633
40669
34352
34885
36276
36113
39368
41527
34374
47206
40092
35422
36582
43301
37638
49280
39570
35957
51260
34345
46782
34191
46341
48082
50524
37235
53747
39850
40301
37008
46022
35040
36019
35837
43514
44790
49473
43071
46498
34407
49360
43246
41664
34508
50721
34207
42973
47471
40078
52652
34981
42386
46975
39775
44402
45507
38746
35528
36491
46143
40916
47468
48094
35717
36804
36099
50234
52946
42000
35871
40563
34834
35309
48709
37322
50888
42678
44088
48088
42742
50694
48264
48775
37743
44601
37362
44366
36027
36728
38772
50495
35681
50243
46784
38038
47417
34433
35740
40473
40957
44133
50314
52263
45235
50646
53256
34356
49365
46925
34253
39374
35444
39377
38547
40166
34551
42688
40438
49898
48072
34480
51985
37131
36993
34363
35155
44397
48319
34268
50611
36443
37840
43283
50731
42928
44207
47808
34836
38115
40629
35618
47673
34289
39409
47819
41339
51740
34282
44779
35292
42188
35567
43017
49715
36100
41516
39793
43895
52804
36034
43252
39177
49785
39335
51464
48142
50107
37906
43166
39975
47412
40359
50905
48357
34303
53015
42134
53892
34315
43248
44920
42244
43489
50870
40979
43791
35785
53883
35429
38714
43355
41953
47515
45352
53357
40657
39190
44208
47370
36560
48297
40454
46849
35036
44952
35862
38830
42204
43973
35110
35938
38870
36935
35177
40937
38574
46785
49106
40838
43702
47325
36268
37579
46400
46529
44563
34478
43332
51952
51902
35339
44209
47983
37613
42388
35235
39883
48664
46591
35073
37929
42704
52540
40896
38004
51412
49427
45402
34360
42709
45256
36240
38006
40934
41432
35028
38348
46109
34368
52623
36737
47094
45202
35116
35137
34372
45198
43486
48502
42110
49082
38940
52307
38601
36851
41538
38936
41635
36646
45514
35078
39174
51257
34390
51746
35814
40974
35758
42752
39796
42785
44253
45525
46562
37445
43760
48655
37008
37382
40653
43033
35107
45482
45825
46095
34614
46106
34595
38697
44154
41312
49907
35390
51188
45813
51493
38736
43604
45476
35440
44418
39611
43834
46586
43817
36160
37242
44702
35811
40481
45131
51627
45249
47040
43379
46414
36330
46611
50726
47209
34732
35426
34486
34850
34958
39794
51695
51871
45559
35281
37096
50942
37981
47930
48567
35145
40461
38599
42996
35803
47838
49694
49207
52389
34549
38283
41729
34446
42769
37150
45185
34692
43722
44624
34452
39791
50892
39614
41927
35933
44312
36330
47232
39279
35812
51201
50449
45656
35626
36128
38927
36415
34941
42773
49398
53239
40549
53606
35149
47399
37974
46618
50077
36988
41373
45109
39832
42211
41981
41739
52742
50939
35010
53611
36784
37710
39402
49644
45953
38982
39634
38378
46219
52423
47432
38793
34670
37666
49743
35219
38476
38894
37043
40491
47130
35941
41069
50920
50434
52813
39567
39947
36216
48704
51644
35817
44206
48584
44464
45380
44420
42101
46991
52199
38636
34528
44657
35425
40063
40704
37850
47797
51916
37092
38959
40007
35497
37205
44004
53657
38002
35743
36279
40046
51685
44427
47245
40481
42787
47068
35867
47849
37201
38076
35858
37584
51221
43693
44869
51959
36520
47418
43410
37408
38612
43022
47772
53162
50267
52149
38652
42126
36963
45128
37945
44347
47103
49661
35971
35059
39550
41454
35710
40845
51025
36540
34565
42333
52165
36095
36298
43876
44013
36796
47349
49770
43016
42951
52440
34700
51810
42074
52488
45094
46001
34579
40465
42551
43291
40327
35882
36181
46276
35368
51313
34649
35156
53552
34707
43561
50980
39196
34597
39441
38217
46072
35589
39424
43007
51115
52400
38711
36662
41923
44033
46668
41292
43833
45920
37394
44026
37127
37271
39985
35747
40052
35383
50672
34830
35515
42842
39981
36310
44892
45536
34698
36410
35090
43320
49572
36021
37307
36041
44163
46760
38996
51205
36735
44909
42234
51178
34625
38422
41930
42272
42196
36059
37397
44439
38381
44230
45622
53256
36336
44692
38632
39612
43959
35409
50962
35523
36809
48206
35909
52653
48121
42085
47773
42877
44222
51325
35634
39765
39767
46700
39818
50185
44931
50583
35629
46046
50817
48508
43819
44451
36123
39350
39999
41520
49009
50530
41283
35131
52080
52163
35802
41294
40041
40799
42738
49286
36543
47571
38987
40159
35220
53107
44716
46708
42461
45082
51446
34877
52576
48869
44373
47328
38843
41259
44505
49699
43523
52635
34971
41575
41311
42361
35358
50128
36790
34688
48425
42973
49789
35891
41803
53848
37136
37390
45482
46003
36914
53270
48579
52235
35616
37505
38000
45661
36324
43495
35956
35663
46469
36105
50490
36116
37386
34713
44218
40948
40293
42347
43667
37027
40251
52557
48554
50488
51428
48652
36385
44671
51873
39240
50808
35308
38488
38660
42110
41682
44225
50154
49480
35109
35698
43462
51804
37179
37441
35874
36918
37009
46719
35287
41765
35982
47682
52961
48610
49271
47659
41888
35312
36933
38472
48235
45812
36533
38134
46302
36704
45272
35244
47171
34877
37815
37610
45107
37598
44288
34858
45868
42757
51918
39461
35165
35574
39040
36899
42664
36098
38417
41625
37655
48224
35135
49704
35125
37220
40042
35976
39443
38661
43321
51932
46561
50858
50770
40976
43564
45456
36286
48229
35040
47238
49753
38366
35227
51506
46691
49334
35289
37403
50885
38898
48092
52847
35808
41767
43191
49955
34977
36411
38612
49800
39029
39173
35031
40455
36189
42864
44722
45300
40307
44799
50805
36068
37858
44839
41332
44587
36125
53625
37217
43023
37802
35742
35930
34988
49583
40377
35106
48361
49687
45503
51570
35273
38648
40397
36054
47946
37301
36879
45382
52021
34828
35671
36812
47159
35579
42974
37805
35367
41411
40381
35179
36476
36631
44195
39594
36430
36919
37240
45852
35448
35631
36495
51736
34940
36896
47685
35829
47046
36717
38312
35366
37016
45528
50206
40452
42890
35371
52660
50221
42638
46913
51958
34876
41189
48220
39671
50610
36975
48209
35261
42003
36005
44998
45486
34871
47275
48671
37808
53202
37745
45626
36318
47912
45840
35999
45074
52350
36110
45744
39208
44162
47892
39087
34887
36960
39557
44129
47352
37784
39895
43371
49855
44502
36481
37144
34930
38042
37784
46393
51116
36370
40215
52981
36358
41326
36122
53310
36520
48406
42220
51778
35263
36460
37696
45251
39874
46491
34956
41766
46538
43817
41258
47764
36004
38933
39393
53794
35270
36164
41403
38532
38246
40553
35077
46209
37545
40833
46114
39768
40004
47855
48032
37616
40261
36054
51922
50946
40060
41308
39994
44521
45552
35105
37337
52741
34972
48133
34952
53314
36974
35794
43281
35675
40360
38092
49067
36795
35206
45418
35307
42242
48474
38046
45309
37506
38432
42423
50962
49525
42458
43382
50914
36308
42582
40002
51694
37018
49078
46099
49379
36882
44877
41450
35013
47444
35497
41613
43306
44373
40687
38250
45320
39941
35490
37651
53496
35340
45248
35628
36908
49561
49140
35931
39095
35279
48591
39135
48842
40963
47487
37350
47303
49768
48406
49466
44211
46168
41986
46784
43332
47113
41262
44705
37545
38070
36304
47775
51137
52295
48690
43746
50495
36148
37079
41159
37870
49925
46151
35787
39832
35824
51962
52997
38529
36504
42368
52498
38994
39143
36579
45950
35898
46502
48943
51134
35103
35205
35134
52331
35831
48984
38324
37626
52234
35712
49448
35496
48063
43639
48996
40098
53325
35504
36950
40605
51196
35055
35308
39294
36468
47329
37600
41232
42803
50718
51807
53364
40819
38684
48601
51647
50191
40830
37873
44673
40854
37148
50282
36045
48971
38707
35857
37612
46301
36915
44854
39570
51449
35352
44949
53061
52946
51844
43528
35378
39865
50028
36997
37599
46795
35967
40221
40029
35868
40006
53075
44404
50712
50851
35739
45178
35557
35144
46142
41601
50876
49260
53529
49816
36438
35334
38790
38453
50638
35603
37507
43163
45694
47315
36989
42604
39566
35731
46964
49032
35230
47389
45468
47167
35157
35677
50539
42428
43713
52039
36166
35494
46383
36653
51329
50231
51895
36914
51667
39814
35988
49116
37265
38235
38389
47910
37181
36434
48403
48602
35152
48717
43730
42894
44904
47186
42949
45596
38329
52141
39556
41872
42658
44234
44567
50477
38680
35210
43999
45739
36979
52942
39532
37939
48853
35757
43300
53287
44146
36649
40667
38993
44206
38772
48089
35805
38487
35526
40243
37045
47057
39112
42072
49331
44260
50664
51247
35181
46111
35810
38054
49001
40565
37744
38325
36377
39710
42609
53591
38341
36075
38805
45857
52715
37209
39105
38362
36911
42733
49600
37084
36792
38175
35827
48943
37509
43056
43094
42923
48054
41270
53513
39379
50543
36977
50859
53812
48861
38583
38313
39463
49853
52741
39964
35766
41386
45235
41353
41541
37200
44455
36190
35465
48277
36613
44668
36178
41544
46179
35693
41997
45270
35933
48801
49377
50261
35606
40807
45934
39754
50048
40386
42181
52724
46185
38106
53467
36246
35242
42858
48729
45048
35648
41209
47204
35250
36843
36808
39239
36815
35700
50299
36102
49375
48326
35926
36555
35809
35835
44773
35259
45826
50923
47105
35272
36367
37158
39725
40151
53846
40607
36084
39241
47974
42635
36707
41288
53237
37596
38762
41226
37262
40240
35277
43296
48824
49657
36394
37834
38995
40107
38349
47155
47462
40375
44756
48486
52691
35916
43527
40526
38423
39533
40403
37925
50241
44248
40929
50301
36748
53439
36127
38599
42914
38423
49268
41794
43863
37707
37808
35725
43738
50677
37067
43251
44815
35571
42707
47297
37155
36566
39230
42253
40039
44323
44700
35515
49738
47592
49755
39097
47962
37728
50120
43709
53057
35453
48814
35323
48566
37729
38055
46149
40626
36109
51203
47259
40199
42177
43360
37405
45488
52126
50355
50599
51858
38335
36340
43048
49839
49196
46411
37549
43415
36830
46740
53177
45506
49890
39537
40057
46718
43971
39086
38256
46686
37512
43400
40156
47119
37900
39724
45002
38781
36158
43640
44586
51186
38330
40641
41208
37250
37622
42224
35990
42158
47832
36187
36341
37389
37171
47096
36174
39502
36508
49882
51253
38840
49585
53031
37078
37952
38807
45024
49414
41680
49163
43260
50260
36802
48497
42324
46336
53263
44132
53019
45809
48803
36533
37994
50452
46049
39804
52150
49028
37618
49785
35396
39894
50564
38638
48034
52245
42251
35404
47841
52263
35821
44112
37119
41762
49212
36294
35844
44027
40089
47663
44253
51321
41059
42673
49012
52508
38580
40399
37531
39038
42351
40000
47808
36235
38462
52782
35420
53355
38253
36539
37704
42320
52081
39139
40687
51906
41069
51888
35488
41713
45658
48679
46625
39867
43264
36565
51030
40169
43204
46497
36014
36487
47949
35999
48644
36496
40364
37501
36535
51428
47101
47744
41596
39912
41897
45457
40021
48001
52431
40755
51451
44914
48154
38034
48454
36686
39621
36507
42960
43957
41510
35732
41412
44254
35469
38151
53041
50155
35780
41966
35475
43008
53383
44847
50356
35661
42102
36185
46952
48771
49583
37878
39349
38824
41397
35714
36420
38383
38439
40774
43165
45074
37359
50361
42087
38486
44085
48736
44508
43157
35832
36979
46617
47155
43915
37255
36093
40429
37181
36948
43625
52701
42128
51747
41078
36159
36707
50283
47300
53359
53764
36958
43964
44702
36435
49915
35639
39932
37897
41281
41854
47280
49247
40973
39193
40169
41391
36493
49274
47075
35653
43852
45162
38723
48450
37266
38674
53227
35992
41852
41984
52577
46644
37936
42904
48927
40332
50114
50802
35983
40346
35705
48874
38590
52437
45242
46077
35556
39000
49960
49190
38385
39920
36992
49603
36820
45857
46425
36953
47321
36087
41100
35833
39725
46293
36254
36851
38837
52971
42719
43852
52014
36923
37453
50425
40224
45496
49492
41818
45706
47479
35667
37371
43491
44345
53413
36437
43787
36331
52839
43624
50816
41395
36145
37167
38104
49166
48352
35596
49323
50810
35615
49544
41313
35863
49817
51610
36026
36117
44635
37986
39457
44669
50401
36493
36457
45549
47407
37526
46839
45904
48418
50642
44048
49680
43677
49524
42837
49485
36850
47960
36080
40106
40945
38675
48455
44517
35627
36798
38977
51828
38192
38877
36347
40987
44272
48839
36336
36937
37641
49644
35904
36620
36926
45917
47768
44662
48059
47600
44046
50015
35796
40256
46815
48842
36178
37560
37135
47500
38593
40383
38495
42149
51535
47531
52374
36681
52601
37851
42111
46695
46734
52374
37844
50229
39121
44638
36922
39239
51975
41251
45623
37200
42956
39651
41239
37211
40729
49931
35724
43952
48173
48407
36169
44494
36765
36848
38081
44741
46284
37424
37542
38208
47871
38745
39238
41193
42258
47667
37797
38160
51377
46516
43038
37196
48854
40710
48635
37116
36895
37024
43749
39618
36161
36272
48563
39429
38608
40223
43463
35960
46494
43994
53700
41779
44994
41701
38953
43403
36413
45770
36773
50259
47007
36216
38345
35949
45018
35854
37696
38611
36421
46999
39646
47826
36302
43386
45670
44965
42496
36274
44986
48727
52481
44467
49004
37151
37735
36988
36360
35860
35752
42155
43803
37180
38630
44295
38738
43764
37175
44906
39135
36207
42895
38955
36974
42938
47919
38910
48294
47568
49083
47938
48605
43147
47161
45964
35890
52604
36853
42960
46867
46982
49381
36474
44077
36366
38499
37312
36134
45603
51301
42548
39296
42662
49835
49686
37341
53521
45094
46926
39130
50002
53058
51826
44816
46656
52291
43508
42083
41799
37978
38024
37822
45438
36752
50662
36439
52520
42672
41463
41657
38397
36454
51091
42252
49426
49727
38047
39981
46744
51857
36796
42281
47179
40312
37178
51159
42080
36106
48185
44981
46119
35832
42622
43674
36162
47907
41420
36229
51430
36751
52900
39977
49812
38376
36527
41500
36228
47506
47462
36103
44769
37314
52564
40198
41257
41458
36571
37266
38178
48268
40129
45119
35946
47319
38158
53706
53741
37157
46492
36716
43973
49286
37785
47688
36630
39440
36762
37788
35888
38248
41941
37460
36205
38263
45904
42886
42893
40710
37615
40306
51757
45917
37360
47122
36536
42786
43386
36542
44224
36326
45266
37103
40760
46284
42988
38165
45685
53165
44227
46791
49389
43429
37915
51961
51243
52501
51077
36840
37663
39806
40265
46099
42094
44136
42280
42404
53400
35937
53581
46802
40493
50216
39950
48139
49117
47751
46782
37115
45462
36704
37829
38286
45104
36620
46782
45992
49483
51469
35915
53271
36211
46797
44992
40847
45123
49768
37130
51361
36846
38048
50906
37126
38107
38339
47728
36651
44337
38640
40535
46021
44124
37447
37194
39542
41253
42489
38200
43745
36689
50053
50367
45909
49271
51650
51512
37283
42421
48996
36065
38757
37232
39233
42526
43785
48955
39823
40679
41716
42529
45627
37627
37683
52650
41603
42704
39730
40003
42312
53093
42321
41825
40018
39734
40381
36597
40133
52045
52968
39583
51404
38757
38370
38562
48759
37602
45565
35977
42255
37152
48666
39263
36755
51782
43703
38820
36725
38247
41658
36886
41238
38879
41875
52452
36248
37031
37935
49070
47854
52436
40911
48572
44358
37705
43424
53658
42663
52083
37746
49004
38340
43411
47909
53869
39643
41677
38497
40368
51275
37216
43987
49787
52463
52562
47712
51950
46723
47061
37630
50541
36986
53343
48024
47031
46451
51921
36035
51368
36378
39361
53731
36046
49252
37100
43619
48032
38383
40649
43048
43461
49412
49561
38065
42375
43155
39187
38606
37455
45374
41079
42926
49220
39223
45052
50217
49051
44301
46229
38654
40226
36855
36568
38373
43184
37966
36455
44428
51830
41070
42742
52311
45445
36073
48668
50249
37018
50252
51186
43269
51691
36213
51143
36237
40721
41920
41160
45879
46385
36086
37752
38776
37308
45817
36473
41770
47820
37779
41757
39945
46162
46750
40721
40453
50847
38472
42463
47112
53187
45140
36326
38129
46295
49894
37136
49969
36697
39225
36600
36278
50101
37353
52002
49474
37068
38372
45159
41280
45986
51172
37459
37095
44294
44852
48748
36633
36755
40289
49462
41776
41730
42514
42792
36200
42162
36193
50112
50483
37910
49642
51817
48451
46262
47184
43249
47099
50954
38993
53333
36772
40354
40361
37066
49869
37107
38822
49671
36862
40909
52790
47484
44416
46103
37241
48575
41209
42089
46071
41155
42525
48510
46881
42217
42821
40243
41281
49165
49602
53229
39290
41511
38396
38876
51249
48814
53298
44179
44932
51041
38267
52745
36688
36967
47429
38726
44811
53383
37123
45971
36506
44588
49485
45581
48572
49633
40200
43763
40649
36778
38109
42972
50634
38986
42506
44057
43966
49621
38155
43412
36992
41071
47823
36297
38200
48878
48735
36777
53059
37559
50989
52891
36389
44665
36217
38639
53366
37521
53867
42935
36227
42145
42153
51503
38817
46923
38135
48322
37695
43981
36708
38864
39870
40290
49773
46473
52468
38180
45410
37626
45510
43745
52206
51681
52649
36239
40883
37467
38214
47151
39787
50199
44249
47232
36547
46214
44639
44916
36277
40343
45748
45205
42665
42297
49898
47950
37030
47602
51339
51800
45867
40555
39905
47909
49475
40729
36770
41375
47860
37951
38835
41973
43524
41801
49660
48886
45432
50540
41248
39706
36831
37333
48617
42160
47800
44684
52263
52270
43080
47846
36357
51533
37746
49327
40433
45887
47398
47611
41672
45324
47290
52607
42627
50652
45830
37248
45112
50901
42288
50042
47636
49791
37065
40709
38870
38103
51200
36614
44311
41712
43698
43523
39164
47299
47778
47853
36442
38844
40808
45367
46526
40634
50222
39197
43093
50435
37516
38375
38913
43075
36636
37392
36338
53584
50774
37432
40856
48839
41211
48673
36552
38617
40949
42319
52180
50646
42221
41817
42352
36699
47048
39548
43261
47367
39842
40251
36333
52624
52625
39490
41195
43636
40458
40468
37835
49489
51635
42374
50819
37430
51769
38080
48517
47180
38759
47922
48446
47614
47118
42488
38376
49105
49168
39825
39580
46040
46071
40843
38842
46496
41100
36426
39958
37598
46900
37732
47868
39295
40792
44626
44879
43344
41194
37998
40315
40317
39924
44873
45038
48082
38538
37588
40025
37028
50211
38012
40435
46435
46448
48545
37421
51641
39687
42795
51378
36382
49365
50580
50986
46334
47186
37528
50833
47313
47411
53057
36616
52377
48132
50682
52536
53560
46213
43197
36399
37909
45410
39403
47751
53758
36601
38395
39776
40403
37619
42471
44721
36769
38656
37523
42583
37410
47065
52471
38116
45234
40620
46392
48072
45750
53263
39256
51675
38132
51046
37448
47338
44982
51726
37554
37536
37556
53724
40249
38528
37243
48281
49230
38316
37257
43193
38418
41879
50781
40414
44090
43437
44477
37294
50122
44438
42723
52075
40257
48993
47063
43820
47748
43267
45828
36451
47397
49167
38104
39060
46569
48766
41007
45622
53620
45583
40002
43156
44501
37010
42686
50086
38053
47867
39973
51462
52656
38186
41789
37973
38239
39817
46614
37191
36846
39052
40654
40705
37104
53658
40026
45499
39881
45826
50938
43215
53464
52309
43443
36875
37597
38889
42057
44163
47407
50613
50832
38655
43892
45750
38217
36836
52255
41245
44196
39179
52045
52424
52599
37239
45614
36500
37411
47674
37374
38882
41663
42909
50406
36682
40625
41850
36683
50732
44053
48599
44081
38388
45121
50813
50262
47434
38028
51240
36773
44102
47792
36834
42443
49269
49466
36874
40026
36663
45742
40111
46630
44827
38159
38648
47226
41032
43194
36863
37838
39537
51976
38203
46883
41449
40492
37458
43593
41242
44281
38614
44411
51353
53162
37468
44455
40985
44314
43498
38681
47501
51940
36620
37355
50673
53103
37381
37877
52547
37116
51319
44839
40761
36603
39007
45751
50578
51053
53280
44175
49377
36570
53505
36876
36886
38495
40362
41573
36837
38315
37574
37052
40097
37773
47966
38763
46600
48308
46195
43704
37753
37367
51774
37465
37804
53801
53860
51365
38078
45934
39606
42564
45869
51347
52449
51022
37499
43254
45789
40299
41105
52341
37937
52189
43561
38834
43331
38629
44463
44613
53812
38588
51989
38844
43401
46700
43268
52422
38552
48632
49669
51274
38759
52476
38628
37656
37372
45030
45875
52705
41228
37702
46240
39966
41798
47414
42418
46362
39916
38191
52742
39017
41763
36902
42917
37104
37916
39245
38126
48755
38007
41162
37004
41058
47314
40326
41803
44966
44662
44893
47393
39857
52024
42423
41097
42284
51631
42796
44280
52950
51211
44970
47972
40143
45266
39679
41980
51235
44502
46884
49459
44591
40014
36672
37305
42918
36887
52899
36791
47930
43911
36806
40132
44214
42748
47794
42442
50710
47747
42978
51883
46602
53193
38441
50124
44844
37738
43917
37886
51940
39356
39814
37110
44309
36888
48641
47046
42693
44665
51782
39888
45097
41138
37985
53760
50326
41789
37940
36714
44831
46427
38188
40734
39627
41112
49372
37675
44539
48048
39234
50160
37944
37333
41554
37891
38157
45701
36892
52247
41354
38058
39625
37620
40065
37985
51865
41768
38360
49212
41756
48673
37533
53522
40837
40855
40989
36742
38311
43473
38017
41445
41074
46703
42164
46536
37011
36758
44320
48172
42635
51671
51296
37062
39808
46044
36764
47393
38177
37152
37492
46563
50929
38426
50845
37338
46335
36774
39569
50654
53394
49312
41351
50850
44962
42761
41700
37199
51773
37879
48146
49476
37688
44137
38509
36850
51199
37254
48620
40841
41715
47939
37037
44699
39571
43944
45163
38436
46273
49246
41749
45180
37461
38480
39772
50614
38953
53455
49795
37534
41885
38425
51889
38793
50032
40736
44262
51249
48288
40516
45677
38433
40866
53306
39004
37378
39119
48490
41251
41838
43070
38327
41461
41223
49922
37767
36849
47138
40678
43962
36965
47966
50557
40943
45916
51516
52925
43785
53158
38085
52692
51974
38335
42142
49234
48186
46079
51529
41854
44728
43417
52301
36866
45675
49242
52357
48682
52540
40546
42829
37592
53904
40156
47024
38540
46983
50266
43704
43734
37072
40072
47068
45230
44977
52200
43385
47752
38377
40654
53651
43586
51483
41439
41067
39194
46459
45896
53858
37053
50569
36959
40463
37650
53582
41954
44499
49970
53142
53353
43904
45629
42334
49129
49315
36939
52205
39754
41505
36913
41785
42633
43248
46329
37454
40035
43997
47006
44422
38171
46095
53619
40035
45431
44121
37041
49065
39200
49189
44406
52664
51081
53042
38072
40867
49772
39900
43287
36946
44918
45335
47857
50021
41674
46564
37403
36948
37195
49516
43423
39308
45271
37725
43840
45456
52773
53790
41704
48438
40408
51256
39192
37540
46926
51696
48221
49356
38771
46020
52129
37761
38023
43243
53828
37045
37732
53104
49852
45130
49166
50894
49431
48479
40551
44024
52619
48051
42472
38610
52589
40231
44790
49643
39995
37422
38621
46556
47237
52034
41720
41721
40809
42599
51840
50496
40219
37593
38250
50837
37014
37473
49772
53669
49975
51070
49756
50819
37488
42643
40241
41509
53291
37503
47964
44469
50556
45660
45426
37038
42133
38620
46707
47109
47845
39217
41068
41484
46801
39269
47640
40838
37224
45766
37035
39626
44415
44485
52191
49026
42947
44815
38584
44962
43557
47819
40213
46753
38723
38089
43463
47681
51570
38992
48028
38275
47143
50426
37187
42768
49811
39935
37844
40857
38506
38966
39807
40314
40891
38922
42080
45976
38615
41012
51712
47369
51529
40829
40917
39523
40382
41719
44705
39381
41086
37754
40913
42342
38692
53504
44484
40959
50096
53709
50698
38090
42023
37107
38827
39191
43062
40325
38148
38232
44963
45828
45776
46431
47377
50482
37275
42804
39106
44867
52864
53770
43328
43827
48267
37344
38056
38568
47834
40482
37884
47678
50050
38197
47143
40065
40152
40590
43169
37457
44738
39102
38897
42730
39613
45939
38752
38115
38842
39342
47469
43238
47695
37381
44726
45946
51003
53614
37409
41611
49158
39307
48870
37591
38960
40120
42716
53874
39922
38742
53431
45767
51657
37446
49951
51715
38600
37674
42495
40994
44806
40805
39297
40357
44336
50195
53839
37544
46199
48162
44564
51365
48597
37315
46985
41977
45461
40264
48800
53317
37151
37713
48756
48115
48054
51151
43443
37836
39090
50256
39543
43023
52084
37242
37594
38564
37376
44095
50317
37968
45958
51292
41940
47593
40571
40937
40049
42000
48082
42296
52586
41787
45931
37180
49513
41498
41666
42936
37955
41398
41274
40600
41599
37190
52404
44342
53872
47286
53662
41287
46666
49665
43381
43282
44677
39097
40887
41083
45848
47345
41936
46392
51728
44355
48556
46667
49697
39514
43938
47179
44584
40544
44712
46269
39382
44328
37268
41971
37763
41769
51578
51775
48284
37908
38659
40811
44894
50012
41649
41836
37816
42509
49503
38128
47088
48979
38091
50013
42230
53649
50035
41667
45108
38847
53541
39213
44808
49028
50105
40373
41435
44242
38101
52428
38746
38321
48899
40036
41304
44320
50394
47614
39765
47374
45124
48026
50722
53482
38493
53293
50104
46763
37775
50933
50915
49580
40682
47314
38773
43545
37667
38696
37478
53639
49560
53259
37770
41073
41376
50094
48633
49411
38521
38198
39507
51199
37672
45342
52872
39150
50069
38705
37680
37295
39061
40608
42246
49021
47042
49589
38054
52407
43186
45935
37649
41366
52836
52350
37303
43398
37812
39417
49172
37747
47160
41606
43873
44854
38923
41109
40543
48241
38333
53079
41841
43227
50746
37809
39670
42247
49177
38150
38818
40982
42241
37624
37695
40119
44774
50131
47579
39286
37795
44103
37993
46740
53002
47915
42390
41851
42800
46194
53199
50711
49853
41839
43409
37907
51508
42994
40498
46327
38198
41443
43612
38521
41613
46010
39155
37803
52598
37524
47010
43700
50187
38374
39331
37818
44450
50298
49794
37365
50273
42035
38808
43964
52378
41729
37537
38899
43366
41091
40076
51895
43845
44443
52416
44221
38589
38995
38785
46856
52910
41429
42664
41048
38431
51814
46875
43293
40682
49102
49393
45607
38760
40662
40221
47254
50162
40409
41192
41887
47055
38561
44907
48200
37407
42539
45632
45643
49800
40130
47986
38201
38821
38470
42720
42161
41767
37773
48261
51590
38527
47261
44303
51464
38943
45337
42437
39176
53224
38698
39191
37514
38018
42285
37824
42349
46982
38344
53336
41864
40986
45867
49113
44218
39919
49676
47189
50103
53596
39154
50575
37927
50522
38232
39505
37904
44270
50989
39045
46431
48964
51553
46396
39324
42573
50173
49446
46201
53385
38411
41322
46845
43676
44521
38593
40821
38741
44975
46558
38267
43428
44770
41417
48718
37475
47573
48617
41816
37510
43578
43644
48204
37505
43161
40616
47777
39578
48102
51675
37673
40969
41136
44589
37484
53505
45786
38396
48918
38975
41455
44637
43681
53329
41251
50170
44271
38239
46191
48251
38980
46377
47943
41024
39631
46812
38109
42910
38169
37901
39598
40816
40959
46717
47758
50157
43952
45447
52242
50002
51169
42677
50507
38768
52577
53388
45248
42253
37522
45134
44608
39729
44485
50427
44239
39951
40920
52964
37679
44891
40132
42037
42971
41099
39677
46346
51174
38581
42407
52620
37858
43338
45906
39005
39133
38168
48035
49193
52762
39165
46715
37619
45733
39591
38866
50274
50013
39587
37648
53290
37986
43329
46519
39168
49276
38916
49048
43316
38735
46992
39130
39595
39885
52083
51630
37812
49181
49726
41217
50262
41298
37572
43569
48382
41202
41216
44083
50252
43360
38732
40929
39310
43137
41348
49668
41447
53556
41566
40115
38928
43194
46524
43551
41234
50160
38473
39036
43894
40763
40177
46121
46146
45982
52234
40993
53706
39696
40073
48094
40299
41106
47622
47643
38446
52217
44576
50404
38178
39615
51501
38123
42777
46382
45474
47318
43373
44094
50318
50324
45668
38977
37866
51057
53063
38457
46694
38880
42604
40955
43452
37734
42567
46575
38904
40120
47985
38849
38892
38262
40368
37758
51296
53368
38242
40524
37923
52351
52408
53381
41504
45877
50762
44658
40677
48969
51927
41909
47899
46073
48596
39028
42751
41066
43973
44258
46820
40108
43859
50658
49662
49626
41630
51854
40972
42589
38450
38094
42761
47247
51593
51785
38819
41936
47035
50538
43130
38530
44794
46801
52949
38696
43863
52949
40723
43983
38968
45838
41172
43708
52541
40517
44999
45974
39157
41297
40729
44293
53513
44838
42918
38136
38222
38237
40587
44863
51939
39256
51220
39868
46641
53808
40521
40725
44453
45803
37711
50778
50891
50137
42755
45913
45409
42650
45659
37862
40859
49764
53600
38785
45148
37726
39921
46289
37871
45218
37728
48123
41557
46484
49973
44301
52965
48876
39054
51362
46061
38375
46526
38392
37900
39780
44607
46249
39547
42347
39020
42347
44203
40494
49499
51840
39413
50812
39351
50392
50694
49641
51937
43937
47948
53040
40510
46326
37856
38652
46158
39014
40288
39079
37762
40402
45675
41040
40609
43449
38598
46777
51163
47544
38862
51300
40896
38086
42574
42790
40903
40240
50881
48477
42186
48911
49863
42338
43974
52628
39718
39980
41197
50654
38443
40145
40921
41970
39795
44022
40443
40842
39606
41845
44291
49520
40047
45701
49686
38958
50892
41487
46912
39072
44251
39092
46745
47320
47438
41540
44949
40189
43506
50046
45703
38565
52163
50411
53386
51408
40253
42883
45781
53491
47745
43654
45777
40485
41716
43761
46921
48836
42316
42726
37876
50161
39662
38490
47537
39413
41370
42087
47625
48319
37848
43139
49997
43251
38354
41422
38534
50973
39647
42952
38515
49423
38055
39876
38841
40007
37990
47533
39358
37867
38672
53123
42367
44306
50315
41709
40758
43506
38309
48226
38112
39167
41585
48310
45561
39376
53824
51256
46626
43804
39404
46895
38030
48740
50319
43768
44691
41919
47645
46128
50766
38832
40483
50860
50163
38026
38731
49781
50877
38077
39311
50742
42820
48484
39714
41380
41547
46953
47871
39543
41925
45354
37975
43733
50460
40071
40095
52575
38744
39370
45795
39146
40664
49014
38276
42557
42206
45943
40131
47166
39085
39432
37920
46556
43562
38848
48623
41737
41808
49828
42865
45973
52930
43478
45245
52201
41603
50856
51715
37963
44419
48030
39108
38162
48598
51220
41133
52028
43964
50087
38238
39240
51001
51834
46201
44828
38417
38254
42106
45269
41418
47184
40036
40324
37953
48916
48761
41273
39343
50210
45758
45062
45872
41327
43750
40536
50272
38182
45984
41030
53332
39062
38302
51088
50005
48636
38858
40318
47322
51074
38161
45710
41030
38578
40350
42979
46671
51315
38352
41804
44141
42543
40412
43912
45491
45849
51443
46418
51355
38448
46175
48791
43343
45101
39574
41005
53041
39506
47711
39267
39656
40744
47770
45217
48904
51397
38719
39308
43405
47847
38382
39037
53020
42746
45125
50746
39015
47760
52378
46699
39589
38192
49275
40623
38207
48316
44556
40134
42125
39596
43999
44764
46441
38888
50397
51107
46100
38359
44437
50408
38605
39446
38934
48825
43347
45785
53607
39942
44382
46382
44377
41306
46186
47467
38919
48088
48537
51822
47546
49853
42969
38360
42669
38783
47883
42167
47198
40794
49217
40427
39989
42836
43221
46390
41996
39613
43672
47241
38266
40040
43503
45142
46858
38066
52622
45201
40798
44084
50696
42070
42568
44023
45808
51678
39006
38657
51400
41191
45430
48792
46661
42805
47761
52220
51501
44079
50956
44249
44642
38701
44736
39477
43669
38325
39815
49233
43762
43957
48364
38122
43415
39140
45941
39809
42504
39542
47489
38452
38688
47188
39325
45885
50541
46102
46531
43901
44268
42051
46954
52676
39587
51912
38319
44573
42937
40245
42832
41556
52257
40919
39077
49187
38318
50278
38273
42914
46450
41134
41795
45555
51363
52417
38131
51973
46637
49342
51701
40330
40662
50209
45105
52088
48301
43939
44278
42014
42243
38727
41002
42541
46799
47866
40862
50308
39483
44523
50005
49507
50402
41182
48164
48571
39509
38557
39204
40144
39991
39023
39707
49508
42148
50719
53175
50161
51256
43719
53236
40259
44057
49152
48141
50085
44824
48223
48949
39251
45120
51054
53243
41966
45810
40977
41036
43111
48424
39933
53154
40857
41713
44860
41805
52431
44756
40163
38602
39795
38690
49367
40610
44882
46323
50870
39228
50242
38558
48957
43610
42829
41492
38505
49986
40310
53637
43680
48583
50128
48841
49475
47634
39063
42224
41363
40069
48262
40103
39749
40181
43262
46377
53528
38910
47056
50707
39111
43548
50628
39306
47852
38891
41196
39393
53311
38228
49801
44273
39110
52196
39362
38859
39555
49825
40995
43311
38553
45751
39076
52476
46709
38241
48412
49871
46383
49458
38626
39601
50292
42366
52753
50432
39017
47410
39206
42971
41272
42730
42624
45606
49836
39131
42658
39147
39559
40974
52004
52287
45706
47169
53445
50942
45285
40465
53074
50072
38675
47696
43099
40856
39574
49578
53282
43663
44032
39398
46765
44405
46343
40197
39724
48876
39278
47127
41135
48690
40753
39759
44650
44848
40503
47137
49761
43369
39893
49431
44439
51287
39000
42421
38597
40814
50969
45672
43192
45505
49528
41584
42307
52876
38872
51593
52886
38317
40230
48848
38823
52253
38961
48541
40020
50296
42460
50872
51340
47619
50902
43379
45062
39241
39831
40084
38358
38329
45987
43395
44769
38380
40742
41421
52309
40600
43082
45905
39031
38803
45368
40927
48438
39566
41800
44667
48812
50724
38389
42507
42673
50602
52764
50894
43896
40486
42636
50179
51658
50700
38751
38855
39414
41359
52282
40372
38964
40300
38741
41186
49295
42271
42521
45991
48852
50830
38413
50242
52339
41239
50323
43935
41647
40175
50264
39396
38499
42737
39848
43918
44604
47340
42071
39234
46471
44674
45252
38388
42455
44744
40984
45732
46428
40696
42826
39938
47375
42332
43727
39452
38661
50348
50240
40497
47380
49630
38726
44368
45579
39666
44674
41197
38644
45102
44920
46025
39005
45162
53305
41063
46174
41426
46645
39315
49243
48045
52295
50460
43871
38899
39358
39735
40750
52997
43692
41455
51363
39945
42275
38440
41793
52086
47683
51487
47843
53759
38972
43005
53049
39497
43171
52001
39632
53462
38924
38944
40670
49194
41933
47941
48268
41611
38585
50396
52831
41373
39510
52572
43140
51041
38522
38719
39787
46252
40321
46045
44413
39398
52518
43883
43949
46197
48510
46115
39780
50376
39118
49459
38480
47610
40078
49766
51338
45872
50260
45096
46385
49557
46490
40574
44394
38543
40657
40260
39975
41010
41026
48093
52138
42410
47912
40001
39123
47033
39918
44148
38787
48907
51143
41534
48063
38760
45902
39488
52383
41700
48950
39057
40047
51922
40469
50383
45396
38519
42212
43295
42248
50677
39061
44442
47258
39902
51864
40518
45732
38526
52402
42096
52187
38528
40722
43600
51151
39027
41592
41894
42430
47321
48218
49949
44960
50873
42446
39559
39009
48305
40035
45741
53023
45572
50677
39805
46664
45834
46483
40516
46631
49602
46647
42002
41473
43996
42064
44958
47315
41634
46607
48165
38560
47105
52873
47109
49769
45992
47470
39036
50327
50937
39869
40299
39195
42150
47152
39838
44641
47127
50763
40666
48648
38701
39698
53633
43106
47396
52384
53118
38753
48117
49794
42901
44877
47244
45096
48829
50177
39020
39547
49627
40475
41852
48950
44547
50487
43638
48430
40894
40150
40627
53424
45419
41402
47503
45211
51906
45233
40432
39375
51019
40467
43568
46801
43660
49017
49705
42838
44617
48821
39782
42696
53625
38902
42468
52725
41381
42244
42955
38627
39599
43339
38780
41498
40283
41189
39617
39865
42213
52476
43920
47601
51610
38635
40209
42342
43267
52525
43322
44651
47569
41150
50693
42247
50605
41846
49749
45478
53123
47553
39962
51426
39305
38903
40164
45181
50665
40740
48385
40135
42413
43858
38744
40053
47427
45401
40741
46519
39397
39431
44659
39038
50341
39535
44944
50853
51229
45361
52665
49201
39684
48715
39349
40353
51199
51516
45470
41480
38687
40493
38894
40128
38933
48796
39589
42285
47429
49694
45183
53172
45911
40709
46348
44801
39713
40944
40774
50512
40413
43274
53528
41440
48128
41641
42199
53923
50633
39117
46635
51275
39782
39093
47034
50230
40983
41957
48446
44287
46473
43388
40426
43112
47522
39280
53430
45035
39904
40032
39705
46895
45512
40160
52658
39227
53376
48047
46978
38838
52802
53339
39042
47616
39367
39461
53915
40870
51948
49324
48896
49298
39390
39691
40797
53449
42596
40003
44742
49806
50979
39001
48802
53421
39254
44099
44262
51031
40255
43953
46255
41972
48702
45155
45599
39773
48815
41239
50393
39366
39896
43407
43609
39878
42065
42879
45587
40031
40835
44430
40235
50165
51282
44643
48021
38790
53463
39655
42859
43045
51393
39522
42683
39820
41731
44652
38828
49825
41303
39633
40043
43505
40362
43260
38808
43960
48508
38809
50918
39935
48762
40243
47032
39710
42722
43009
45982
41783
50931
44618
39821
53267
51462
51676
39421
43826
42904
39079
41778
49032
46115
50974
39785
52740
41696
41576
52160
40751
41481
40034
40198
53038
48326
38878
53671
44189
46623
39743
42308
39330
39538
41213
39598
43226
43138
52654
45870
47043
44187
38867
42453
39928
53443
46618
46541
40032
39384
43664
47951
51326
52496
39093
49012
41510
40546
39022
39797
43029
45504
46227
41015
45440
49518
38974
40162
43138
52499
49880
50387
51195
40177
43690
41095
44607
40205
40749
40895
45129
41154
42751
50377
40088
42022
42160
48864
51069
41236
45255
39083
46885
39686
50898
40238
45365
44040
40515
40537
43626
51333
50716
46720
44884
47997
53374
46186
41565
49255
39657
43557
39390
51606
39383
41266
45029
49259
43214
53205
45167
48251
48806
44679
45315
48369
39664
48007
45269
39257
52338
40185
39036
45288
43561
44333
39603
53667
39957
43345
44414
40380
48692
40370
44398
42582
42614
44011
39444
41124
47119
41707
45671
41546
39198
40601
40291
45333
42210
44650
39529
44138
44322
41467
41908
43505
45407
40266
40095
43481
49285
39669
53707
41177
42385
40543
39772
47691
46136
41812
40297
41122
48499
43295
46334
40667
52024
49317
44381
49062
53311
39180
45507
41598
44714
50988
42166
51460
39840
46838
50486
49141
40127
44012
47995
48711
39597
39936
47237
43357
46609
44534
48453
41125
43657
45090
46868
45700
39886
40051
42425
40075
41776
40339
39141
45945
46992
44694
40776
41732
49955
39291
48924
39034
51060
53490
40533
48928
40765
42135
40219
41247
39382
41186
47540
39271
43980
49472
40037
48424
49317
44948
46462
53184
40455
50059
39194
48778
50586
39235
51657
50345
40501
41915
46915
45412
50923
39061
51027
52422
45668
47813
44503
47447
39464
40632
47335
39312
47117
39071
49695
51979
44880
46206
42353
45419
49278
52055
40413
40842
45063
39304
39175
44799
52523
47934
50552
53766
53175
39549
39122
47689
51873
40254
50420
41172
47146
44090
42411
48933
47692
52525
52300
41695
51083
50809
41597
52281
46088
48299
39133
40524
48728
42964
51209
48968
48898
51081
41218
41858
39285
49590
40998
48654
49838
40968
49595
39125
39480
41221
41462
52023
44569
51365
42900
41911
40159
44892
43888
53645
39395
44066
39996
48025
48338
45248
40182
48785
48974
40944
44520
52377
44005
44155
41535
42412
53040
44890
39672
48881
39191
40258
41514
53361
49615
52137
41712
48569
42234
45327
47576
53836
47062
42492
48377
49044
40521
47450
40788
39290
40648
45665
47493
42220
39178
49084
51422
48231
44593
40023
47416
49437
40286
46957
40305
46034
41315
50089
46454
47736
48183
43103
47037
42353
49903
41385
42251
42158
44235
50887
46298
49787
48630
40308
49355
51246
43307
53450
49180
51656
42835
40044
40859
40239
39648
41145
44140
47238
45015
47053
49749
41069
50311
42542
45271
41751
45254
42875
50196
41076
42102
49143
40720
48366
47328
48492
50457
40864
43488
49543
43065
39602
45537
48143
47235
40150
40303
43228
50932
43033
50320
41543
40869
51603
48131
39877
49618
49155
39513
45684
41153
40423
46314
41976
39609
46483
44818
49792
39635
44107
46833
41479
50339
42700
41018
49131
44888
41213
40650
39623
39950
40672
39997
47730
50631
45749
51512
40684
49025
49273
43585
50947
47037
51828
51103
48293
39632
45577
39818
47152
41810
45124
52377
40560
46443
48981
50244
46127
52111
39685
46889
53372
41570
52800
42014
41464
47518
39439
47090
51388
40001
40796
48287
44737
45718
47744
53849
50156
42614
40444
40706
43942
42153
44563
41652
46574
48635
41821
46147
43716
41225
42807
39961
49291
46370
44103
46496
44151
41895
48237
53204
42783
39395
53473
40982
40295
39907
46597
52326
44179
49681
42757
40136
50570
40716
41038
40399
48843
48159
40459
47981
48632
42843
49350
42490
47776
48437
41283
50781
44701
39377
52362
43848
51323
49029
43804
40003
39895
46064
46365
41633
45261
42983
48175
49217
52558
42432
44933
39411
43618
49840
47766
50972
39525
45579
48108
44339
47960
48599
51624
53805
47433
42130
41594
51641
40819
46017
39428
46339
53619
45031
41146
47241
42444
47666
49079
39540
41352
39722
53136
39426
48917
39993
53366
39430
40005
42292
40747
44267
41380
52271
47959
51164
39475
44697
40417
40968
40825
42249
49510
39449
40490
39692
48929
49119
43195
47650
49943
42088
45302
39669
47185
39460
48548
43331
42962
49362
44846
48817
40114
47071
45735
40429
43125
47907
46189
39469
50479
40184
42226
41082
49137
45139
45421
44349
45387
46586
40839
40365
42498
46270
39831
42794
46050
39727
40060
39480
47051
40730
40793
51569
51689
40622
41197
49094
40719
41404
50353
40287
41227
50309
39680
43537
40676
40756
51376
42090
43817
39630
47564
52737
42188
41525
44089
39525
44360
44935
46074
41287
46354
45087
47974
52155
39836
44040
46692
49420
40186
48995
51930
44065
53230
48439
53391
48326
40391
41694
41978
44486
41764
47480
41832
49848
39582
40820
53595
41039
45833
46638
53134
49865
40578
41922
41393
41160
45067
41325
46774
39862
46333
40011
42603
43123
53864
39597
43941
47479
45395
43910
41992
46683
39553
44516
40415
47719
45647
46243
51433
53296
41438
45111
50773
43089
43188
40452
42317
42682
40812
39572
51600
50304
40599
41286
50505
40398
51659
40050
43477
46291
40077
48131
48505
48888
53436
47467
51522
43766
44499
49138
41163
41290
50759
43783
46901
48064
39693
42651
42689
52411
40392
39744
51071
43402
40438
41238
39887
50961
40208
51258
44707
46108
53510
40018
42036
47701
40683
41731
41152
45931
41284
45376
42606
49721
40179
40163
40177
49329
50931
42118
46794
47530
48437
39737
45356
46845
52862
45023
43621
40990
49734
50738
39974
41125
42061
45653
48666
49033
49402
41554
47694
42194
47896
50287
47302
39999
41140
39927
39659
48175
39917
49005
40653
40775
39961
53848
39783
49408
44276
52794
42685
40867
52541
48616
43232
43748
41474
41671
46802
51846
39761
47327
51404
53815
40786
39675
41450
43824
46620
39925
45621
45465
48775
45362
42229
48318
40858
45794
48930
50278
50511
51042
40728
41230
43358
43474
41000
49556
42319
42850
42940
47794
46645
49033
39697
46423
47468
46347
52692
53050
41113
52564
42544
50336
41428
42197
41933
43934
39866
40292
48942
48907
42355
41816
48460
40310
40400
52839
47778
45545
51853
48102
47158
43091
44750
53801
41508
40102
48429
40232
48650
44935
46737
49193
39816
42557
44883
39741
41630
47873
50233
53330
53544
40347
53544
40502
46388
40762
46337
41727
42702
50394
53144
40692
40624
42830
47536
41128
45333
50593
42601
51325
39919
40017
40225
52712
53606
41109
41457
44056
40140
50329
40395
43839
49933
40812
41566
45713
42459
46718
53921
49304
42115
45067
49992
40966
41773
50936
51853
39784
46283
43248
42815
43258
43312
41532
42182
43975
44923
42029
47517
41960
49936
41273
51321
43333
40928
42727
44886
41953
45635
44022
48370
40245
40979
45461
41019
51271
40889
40566
50501
41522
46076
40471
42448
43292
44146
47834
52145
47700
50218
53183
47574
47584
41781
51009
40950
47441
52742
47854
43247
47000
43890
46307
51727
41825
43244
47260
45070
45498
52516
41963
44494
40276
42092
43012
40076
41289
51856
41145
49546
39936
49928
42371
42773
48488
48422
42856
47065
40380
51725
40327
42090
45286
43913
44752
42432
48395
41628
51669
50647
50714
45160
48033
44832
49053
41105
52684
53131
42496
40323
50287
49317
42599
44943
53086
42617
46055
47188
39881
45826
42219
44574
43824
42483
42492
41457
49320
41064
40639
43902
44623
41491
48098
42180
45047
52533
41415
42003
46467
48471
40896
43034
40831
48774
40165
45721
40093
40116
52739
51154
51783
43799
47727
40442
42704
40744
47056
40384
52207
45149
43065
52956
50607
52034
40103
48956
41184
41310
44118
52452
48399
40024
47626
44217
46840
50021
52456
40533
39953
40868
43162
49844
46152
50802
43038
46049
46639
40329
40345
40052
49914
53245
47428
52017
40635
41568
44943
45294
41065
41783
49890
48211
40989
44976
40800
41340
46140
49710
51580
51071
46267
43878
46868
48389
41474
42443
41039
50560
47485
41801
50317
42561
42624
45344
49131
45743
48688
41071
43322
51290
40308
51222
46581
53601
45611
46706
41245
50531
40590
46877
49602
40005
40061
52719
43652
53829
49645
42344
40139
52583
51125
46083
41016
42880
43434
49676
40193
43133
50254
41907
41232
47266
52169
53804
47285
51711
42326
43552
48682
41850
42698
41200
43488
41047
42345
46714
50575
43918
45776
42393
40462
46315
52614
47239
41274
49016
47822
50217
48047
45038
41203
49946
53536
41249
42195
43346
40419
41262
42206
51869
48352
42165
50510
41528
51924
46701
49078
47392
45972
40531
53550
40489
48414
40789
51401
41326
46706
40681
51483
53438
47428
40229
49441
52008
46819
48381
40179
51304
41942
44565
41478
51886
42287
44746
49856
41678
40500
45709
49826
49013
53516
51693
52833
42422
45901
49203
40180
45866
50459
41161
42549
49899
50430
51348
41372
41665
42366
50720
44547
52640
53331
49712
40154
40591
45588
47382
41000
53361
43734
47010
49289
43224
41433
45498
47308
48696
40282
53783
41438
44229
46369
41158
47052
47756
42464
50758
46804
50438
52424
45428
45789
40870
53372
41409
45171
41726
43295
44687
44424
41333
42233
46792
44094
40806
51762
41659
42251
47983
40797
42175
45013
46260
42060
47798
41427
43217
43247
49098
42961
45878
49125
41806
53093
41057
46553
48073
41740
48597
44292
48206
42786
43865
45244
44885
43024
50750
41826
44232
48545
49578
47025
46859
53904
40580
40758
44939
42931
53200
53526
41235
41882
44441
48513
42304
49267
40553
44889
51469
52116
50142
48380
44513
45318
53224
41166
42501
40239
43445
49765
51612
43163
44990
45480
41417
40698
40211
42345
40214
47004
43178
47163
41404
43253
41012
43049
41811
41149
41247
40951
48517
50148
52327
52315
40289
45405
49173
40740
45680
49052
40249
41523
50938
51192
41252
41640
42623
49202
46634
46065
44160
40967
52019
40919
48676
47067
53898
53279
52090
44369
40448
40921
41091
43179
49549
40376
40422
43220
46313
40667
42337
51344
43180
41710
50047
40943
44385
41270
43064
46303
50941
51906
52467
47999
42283
41255
48870
46585
45120
41878
40908
41649
40785
45251
48994
41567
47324
50119
49873
53797
43552
45404
41685
48788
48607
48491
42299
46141
53776
42309
46144
46766
49719
43015
44830
52111
42154
41748
49963
45260
40707
48374
44771
47442
52067
50979
51305
40632
52500
41430
51866
48872
41248
41959
41575
43542
50536
41201
40429
45863
41041
48434
46162
52364
46640
42208
46065
45978
45540
40453
42563
40598
43674
47327
46051
51175
50393
45546
50244
47371
48051
51613
40713
47397
47479
42767
47024
49569
41221
40374
40496
49067
51726
50123
53565
43714
42568
42103
53232
41693
42315
40629
44995
41707
49551
40390
49920
41382
40863
41639
52082
40737
47452
40944
52521
47253
49821
52551
45488
44555
45475
40875
46548
43674
47953
44616
49693
47796
40804
49102
43666
46948
48319
40834
40602
41306
40900
44186
52183
52659
48786
41539
42929
44465
48460
43045
53491
41780
46093
41163
48663
45726
51989
53704
40445
44148
40914
40472
52360
51633
53413
41639
52411
43592
41925
43212
49061
42340
49074
52768
50567
48337
40456
42748
51090
41901
52271
42691
46107
42280
45303
46124
41215
50456
50690
47587
51694
44706
42372
41650
46129
49805
43621
53626
42160
41518
42283
44208
52308
41257
41994
42061
43239
44583
40992
40695
47032
41249
40490
42039
45568
40833
48634
52648
50216
45708
46089
48258
40519
44730
46096
42828
45459
47271
51422
41570
42165
51951
42152
41945
46020
41313
42030
42472
50941
52751
49262
42287
47453
41058
45129
40517
46888
48825
41917
41198
44379
41263
49367
47741
40746
47209
49148
46434
40689
50470
52546
53686
41606
45556
48533
42230
49359
40750
41165
46742
44388
43652
41972
41636
43483
46322
40708
40934
42157
48416
51966
41476
51536
41892
42046
45161
45206
53191
41141
47505
40565
46116
46711
43181
51298
41115
41901
53260
45802
41543
45455
41908
45724
41268
40952
40584
48935
53000
42348
46736
41194
42112
43207
45334
49280
48920
53206
48335
42479
52113
46088
52188
51001
50168
41577
42449
52414
41089
47383
42903
45420
49145
48420
53112
43434
42396
50902
52231
49256
41669
42054
44375
46241
43474
40613
45464
47951
46573
46374
50670
48465
43076
43256
49290
42835
53727
43297
44302
52294
46829
41596
40679
40815
46145
42712
45214
43228
41828
53907
41261
53324
47726
51532
40784
43191
42906
41762
48022
41501
49979
51805
47906
49717
41511
49337
44285
48867
42143
48027
40998
43387
43641
40658
44714
44954
52000
47230
52140
48839
49046
42754
40671
42203
44553
44592
44550
52223
50659
53671
41837
42414
43144
46815
53806
50218
51595
46981
50595
50532
43073
45457
46185
47067
42441
43923
51369
53255
50571
43849
50414
40701
50641
40702
49843
43683
48101
52757
46104
46603
43438
42518
44761
49802
40938
51108
40863
47084
53206
48527
48369
45532
42209
50470
48312
41619
47727
40765
41234
40726
43482
52403
44341
42470
40886
43985
47287
43607
51211
49192
40980
46055
46345
53768
41708
43511
43408
45799
47988
42659
44181
46036
48038
45156
44366
44487
45766
45103
42078
49443
44286
42749
42170
42320
49225
40787
41769
42275
48537
50149
52617
48272
41713
45769
41390
41930
41732
44000
46411
46571
48733
52072
40798
46480
44009
50513
44827
47087
50320
50323
41234
46550
40780
45099
49388
41893
44462
47260
41377
46997
50612
40971
41233
49670
41587
52457
51206
43389
52758
41267
44200
51098
44878
53787
53517
42120
41964
47231
43462
53533
41112
42641
43897
53280
42621
51572
47886
42846
47058
42095
46225
41392
40817
41037
42968
45305
43557
47282
41225
41115
51518
44508
42069
46275
53415
43539
46493
41443
50572
45605
40879
44244
43724
42405
52678
41106
43120
43176
46312
45406
48904
49947
52431
46977
45356
41412
53773
41813
48783
44662
49584
41718
42826
42264
45823
42245
46974
46330
52441
48586
41618
46322
45110
45384
49429
45430
47734
51546
40864
47765
50119
41761
44219
41295
44241
49493
44238
53444
40880
43257
43018
45388
50112
49333
49209
51025
47301
49276
52060
42587
45400
46698
46950
50072
45389
41374
41941
47595
41993
48527
43856
53435
41524
42598
48364
41689
43471
46851
40907
49592
44177
47044
40911
40995
41791
42922
47354
49522
43380
53700
46807
49347
46129
49083
52429
44212
44080
52662
50078
50171
53662
44055
44938
43659
43263
44757
48214
40930
41704
45462
51608
41390
47110
40983
43175
44177
40996
52014
42025
41399
44719
49026
52944
49741
46934
51244
51718
44890
45664
41744
50637
52863
49455
53088
46068
48012
42300
43086
46684
40965
40961
49023
51756
52564
41213
51198
42370
43942
45517
42805
45516
45862
49167
45337
49758
46508
43280
43723
46949
41259
42274
41942
41854
42569
52956
51944
45015
49850
42112
48405
42506
49152
45043
49222
41226
47081
43544
50189
42200
42027
47627
48501
41749
44419
51121
42977
50110
50075
52888
52835
53138
46306
41053
45338
43041
41178
43633
47167
44010
48202
45174
41038
41272
43558
41037
53512
41440
47924
49448
50613
47803
48544
44105
42921
44168
43265
45052
46853
48514
41620
43493
52864
42405
42760
44638
45618
52667
44190
49163
42094
43028
44978
41934
52729
50053
43104
44661
42421
43680
44573
42493
41423
42760
49483
49431
49372
41075
46703
41264
46999
53579
46872
41118
42399
42883
43433
46427
47229
47280
43947
41502
47418
52801
42667
43811
47065
42632
48113
50300
51561
42982
47077
48160
48636
41347
50288
49061
48833
42086
48327
49519
41410
46442
45442
47131
45466
46837
41452
53174
44217
49748
51245
45127
43501
45980
52763
42105
51187
53674
41349
51019
46192
46710
50739
46958
50296
42327
44978
47872
48238
42500
46005
41580
46430
43580
46937
52630
47250
50571
42117
48018
46267
41324
52547
41297
46704
41708
44239
48745
47898
42684
51779
52344
47565
53071
41148
50429
43101
48917
53366
43873
42766
45945
44525
43774
42854
50529
52670
46909
53892
52044
41961
46677
42741
44664
41466
50978
41174
47914
47413
45965
50554
50922
43686
42040
43724
50362
47488
41796
42264
46276
53727
42494
41529
47185
41736
50755
45652
47284
47245
53561
44414
51745
45470
41200
45942
44187
47978
50061
44422
45008
49279
45667
50733
41206
48665
42270
53754
48596
42134
46408
51970
45288
48112
41804
42456
49672
45681
51342
51878
52361
41318
42812
41610
53871
49188
42862
51758
49988
48576
53707
52338
48925
41271
49638
46176
42790
53165
41632
41804
42119
42097
42807
46511
51535
53804
42342
42455
43380
41576
44273
45138
53017
43687
44203
45653
53490
50359
46833
41535
48895
45377
41375
41532
43374
43637
47145
49757
44595
51076
43299
46527
48468
43170
43229
45311
44611
52125
42478
46292
46819
41480
43697
41849
43590
46568
46642
46937
41926
49875
42521
42561
50985
47930
49728
43085
41873
47280
43250
50800
43519
41964
44688
49448
51543
42151
42611
41383
47158
42579
50410
42861
46743
49826
53268
42099
47154
51234
53075
52480
41401
42220
49484
41346
50896
41959
51096
42566
49082
47564
50680
41834
50448
52984
42819
42619
44096
45606
41337
50624
44788
45946
44444
47417
44540
46665
41470
44746
47548
48296
41860
41574
45453
42355
50758
41355
41601
51018
42004
46501
48123
41366
49947
45207
52608
43383
43165
41633
46880
42646
46376
49632
47887
53850
53724
43448
43752
46206
41670
48855
41456
43966
48142
45564
44481
49329
41774
51560
42208
43328
42680
51036
51388
44083
47207
44509
45281
41396
47703
48356
45425
42133
45510
47710
43560
49801
49488
42077
44760
47609
43399
44107
42626
43335
46405
51549
44123
41956
45073
45669
42045
53283
50115
51739
43338
48929
44878
51232
49458
52092
52825
43223
52583
47719
43271
41590
48168
48126
42409
42964
52196
47664
42082
50757
46726
53775
45472
45670
41451
45692
47497
42176
42380
43592
41994
42497
41714
45308
46176
44246
45207
44538
41464
46427
50703
51762
51430
44326
50463
50875
43173
43347
42911
46902
41477
44145
53702
41483
41957
41686
42784
44195
49761
43538
51458
43244
49530
51979
42665
44791
53101
42475
46641
42223
50869
52538
53678
41737
45801
42308
42544
48062
51601
42186
42945
42834
52039
50048
53036
43983
42433
45552
43539
47977
48745
50651
53585
49371
50987
48575
44256
52697
47116
48325
53575
42038
46690
51585
44655
47125
44378
42085
42781
43912
49011
41545
43488
48393
43311
42255
45559
44659
41938
51994
46112
51784
46148
44542
50199
41851
45593
49468
42362
42749
47406
52392
42610
49263
42259
45071
48604
42408
51267
41565
52592
49038
50440
42981
42250
52654
43317
44887
41660
42290
52321
45124
48981
48751
42847
49655
53019
44144
43265
41662
42397
41904
51205
48199
47964
49376
42766
50112
42101
45999
53104
51560
53806
52914
44408
52449
50980
43464
45639
47452
42431
47089
41977
53493
41609
52877
42356
44911
48681
47749
53492
42760
45782
41794
49146
47567
46058
50417
45783
42199
43567
42178
44787
45230
41704
48900
46667
46844
47596
50129
45625
46070
48622
51903
42240
45490
53246
43999
42913
43816
52014
44833
41792
45383
52926
44432
46913
41657
45914
51250
45548
49566
45068
46775
44932
52046
46264
41709
42784
46434
47605
44158
47546
51140
43108
52212
43541
49600
51173
42316
46384
41681
42715
49698
42660
42089
53922
42893
44511
49982
50350
49329
41697
46792
52198
53130
41722
45390
42295
51996
52989
46592
50158
51050
42720
44171
53100
44533
47505
49015
49178
41715
42764
46660
46925
50594
47431
43316
46072
50020
48991
42889
46348
48639
48640
53084
44810
42590
51135
43773
46832
42631
50020
52745
49551
41778
48397
43235
44137
48964
42833
47142
47176
42901
44911
45072
45093
44361
50617
53087
46767
48781
53147
41833
43886
48657
41758
45703
44930
45005
42945
47495
46960
47672
42422
44814
42466
53817
44946
43353
50536
48940
49300
42922
42619
42005
42943
43800
42999
50833
41883
48847
42141
52763
46204
46723
41786
43579
47242
41793
41897
49624
42595
44841
42013
46086
50824
51412
43377
48280
43397
44784
48898
48522
48463
49562
49821
46881
46567
43236
47788
53097
42061
42587
46057
45764
46011
48958
42188
44919
42105
47003
52957
42550
47248
45401
42199
43930
42537
49321
46494
43442
50157
48932
52769
49616
43850
53445
41840
48642
44402
52808
46746
49115
52204
43431
45425
51179
49861
53145
42041
42930
53604
44479
48965
46212
46637
42981
48951
43673
41875
41979
47743
42699
45578
45580
41866
44352
45913
46488
50539
47388
48076
41885
44149
44632
53604
51250
47858
48089
42699
50568
45725
45788
46339
42246
47384
49384
46721
52667
43056
51900
42007
42079
51109
44800
52253
41940
46184
42873
44705
48638
44809
42441
43016
41899
49186
48478
44245
45845
53353
45303
42107
44863
42305
47550
50502
47956
44606
45652
41913
42867
42411
46288
50830
45253
47194
50455
42033
44063
50787
51603
51475
52935
48367
51969
42939
42689
53380
53389
43024
51104
42824
43469
42417
45554
49656
46771
42500
43064
50259
41939
48023
42801
44823
45166
42063
48549
45690
47800
44308
51707
42615
53293
43325
48615
44000
42569
46016
52361
44129
47541
50557
42484
47423
42239
42548
42243
43202
48070
48908
42212
42340
45734
44915
50977
44175
45697
42228
45827
53235
43368
47173
46075
42786
44891
42171
45862
44401
45302
51093
44537
42632
47450
42001
45915
46749
52159
48974
51899
48350
42010
43726
43177
48664
43100
50380
44349
49347
44531
43102
42272
51064
43828
51336
44101
46939
50049
42079
48914
48915
42219
42846
46043
47433
48201
45252
48998
44782
45325
47707
49310
51022
52119
43304
46446
44277
45424
43067
45084
52874
48402
49745
43057
42107
43830
51082
43614
47106
42098
48310
42303
42656
43255
46387
48503
43048
42216
47869
43632
46438
44267
46894
53885
45151
45357
52286
49873
45083
46437
48215
50450
51082
48134
52213
42584
52764
53230
42934
48133
45390
50074
51147
45325
46428
47433
46280
45050
43233
44401
48678
45424
42985
44088
46590
47254
43425
43877
49741
44403
45328
42238
44498
47737
42388
53204
43784
45793
53873
53157
50913
44456
50443
42837
42848
44202
43137
51868
53039
52990
43309
46133
46540
49023
51754
44601
48821
48934
42423
43182
42129
43222
46464
50180
46909
51307
42800
43535
47013
53260
50081
52587
44501
42460
45223
43745
42452
42331
42915
43453
47081
44337
42163
43861
47689
47767
50203
47557
50846
52800
42705
44573
48197
51049
42589
51537
47533
48160
43147
48764
45402
42696
53589
42185
50741
49328
48233
43868
45722
42501
43359
50039
44367
44801
42849
43887
50031
42847
48137
42780
45307
47078
48397
42657
46309
48561
48031
48043
48584
43600
51526
52192
50593
50002
43189
42740
51031
48768
44020
49691
49897
43327
45135
47217
48040
48365
47131
45157
47507
42748
45186
47993
44226
52975
42619
43468
51085
42250
52499
51973
42780
43302
48784
42757
53043
51066
44235
46702
45491
47544
49944
46406
42644
43965
47765
42263
42469
42493
47218
51357
43414
45727
49934
46704
45854
45383
51252
43813
46817
52831
49073
42857
43145
44469
51891
47140
48713
42949
44288
51023
48097
42898
52797
52933
50184
53332
45801
44823
48023
44075
49373
51880
42791
46984
42307
42425
49810
43241
47509
46865
46957
49386
48328
43899
44859
50504
49224
50491
43069
45876
46578
42526
42562
45581
52540
44593
52941
46603
49386
46399
53809
47575
49248
51526
49745
53216
52972
47264
42771
44387
48079
44174
45687
47498
48037
48126
53748
48674
52734
44344
43690
46679
52462
43834
49571
47832
50887
42928
44275
44592
46773
46118
46355
47570
48541
42556
45850
53020
42482
46565
43992
47927
52991
42445
51363
53557
42384
47150
42750
43500
52494
43289
53042
42419
44744
50009
43416
46426
52694
42523
44165
53261
43406
47629
48560
46733
51074
52423
50279
51294
46579
44154
45332
46809
45394
51594
44440
45594
51215
52466
48158
45191
45956
45573
49314
42713
50214
42721
43763
50171
50193
44350
48334
42998
48026
50621
44372
51986
52617
43632
45683
51381
48260
46390
43155
42440
45564
45298
46958
47956
48331
43358
43115
47096
42840
44357
47329
43955
43972
43608
50392
42877
50636
44740
45543
45446
47927
45209
52142
50959
51413
43454
43168
46256
46169
51188
48875
49047
49232
49851
50796
47632
50285
43635
50769
49053
48550
51224
45085
52483
43164
44364
46762
45810
43082
42488
46418
49117
51002
53585
49480
43920
51111
44153
44716
49724
42505
44696
47181
47291
47958
42618
45075
47549
42852
49414
48532
46787
46773
43547
47319
46187
42739
46146
46633
43422
43617
46143
43077
52703
43571
53743
46256
42633
42532
46904
48009
51465
46811
52280
45716
51604
45197
44508
53265
50490
42546
50208
53069
43707
44123
52105
42908
48320
51562
45708
47290
52815
44399
47561
43102
44067
53235
51703
45500
52190
43509
42988
45190
45524
45617
47679
44055
47259
51048
48946
44074
44266
43646
42578
52273
45069
42774
48192
44265
48819
43403
43522
47247
45807
50449
42878
46089
47489
43494
51512
46045
51239
45963
42659
48057
44587
48709
45784
43315
50865
42992
45004
52568
43723
47018
53530
43721
52024
49247
49969
45929
51053
42635
46175
43657
42725
45663
45211
45326
51385
46252
46810
52142
43548
53666
42640
42850
53283
52763
42677
44166
46191
51844
44284
45184
44397
52490
43142
48399
45090
51556
43568
50024
42795
47539
51445
48161
47933
46110
44763
44825
44252
45420
45724
51286
48005
50407
47876
46220
42878
48093
44576
50404
42851
50062
53386
44156
43956
43334
45936
45291
46659
48011
45292
44728
45951
48859
53494
47619
51224
43120
46757
47622
47514
43217
43457
46735
52856
44326
46440
44190
46122
49211
44025
43031
46087
46357
45945
50692
50739
43068
44021
53616
45284
42733
48553
42738
47835
52687
47118
49864
47228
48523
43359
49054
43919
46645
48149
49544
51710
53650
53385
51400
45717
42753
43398
49062
42767
48952
44663
49420
43843
47512
43189
44182
44237
53591
43789
50969
51835
43763
46712
42829
44792
45122
42862
43636
43818
51292
44529
50550
48383
44117
47810
46362
44250
49262
46152
48475
46435
48090
42813
43213
53513
46616
50702
49646
43153
52097
48843
44914
46979
48454
50779
44024
44233
48114
51571
46683
45228
47178
43931
49711
49486
46668
47409
49327
44864
44182
43480
44668
48197
43125
49464
50244
43126
52280
53734
44348
44353
44312
51490
52297
43555
45349
47856
49867
48008
51794
50734
51186
44837
43427
44857
48748
53225
51134
52927
45922
47751
43978
43285
52626
43136
44962
47316
43495
45433
43081
46402
51044
43084
43306
42858
51818
49729
45335
48109
48405
43342
43083
53179
44473
43350
43623
47456
49444
43379
51768
43251
47197
52863
44759
48876
44716
50513
43456
52182
50224
45908
47461
44861
44072
52785
44274
53845
47894
53218
53661
46861
44051
49011
52363
53136
42935
44286
52291
43711
42907
52812
43781
49146
46222
44770
53212
45968
43547
43114
51894
44130
51901
42923
44003
52900
47946
47205
43545
46632
46831
48058
43971
53906
46309
43912
43726
44632
50796
43461
49761
43616
48782
43518
43694
45711
52875
43139
46419
44631
50551
51575
48178
43664
45998
52113
50726
49624
43671
43127
48858
50000
52690
42987
44920
42958
50212
46461
53540
43187
44489
47495
47005
49306
42966
52618
43700
46400
49175
42969
43601
44957
50818
44773
46062
53243
43354
45017
46170
46959
46000
50118
49351
46740
51709
47212
50607
49375
44126
49115
44649
42996
44630
52063
53906
45525
51936
44192
45851
49589
46058
43655
51729
43581
44184
43947
52234
48731
44318
44057
43037
44599
44657
48077
45045
52227
46010
51180
53887
43470
44908
48773
48829
43032
48526
44216
44390
50951
52208
53833
43678
53557
51614
44014
45567
51757
51861
48841
44546
45627
48349
44228
46866
46728
52650
50576
44442
47399
45425
43780
46730
46321
53464
49647
43059
44359
52721
53536
44793
43781
46507
46823
43543
44059
43158
45273
48814
46460
46311
46720
53404
53796
43719
50094
52360
52633
44929
44373
43654
45759
44879
43544
48519
51807
45342
48125
44789
51091
52356
43099
50830
48725
53246
53223
51233
44331
51828
43965
52549
43584
47844
51443
43110
43512
48651
48827
45253
43116
43448
43490
46206
53154
51208
45519
44649
48699
51426
46057
51696
49903
43925
52919
44644
46347
45300
49411
51107
44046
49659
43837
45315
50621
45316
47295
45187
50001
43732
49340
52817
50556
47288
45274
43607
51271
43865
44370
44878
50604
46505
53780
44344
47684
50703
43211
48721
49654
44602
48378
43467
44550
49601
53402
52123
46747
51922
51591
48087
46101
44919
43850
53520
49685
51344
44084
51218
43699
43751
52260
47348
46585
46556
43186
44276
44259
48170
43219
50469
50994
44279
47787
47642
49536
52648
44845
51078
45791
48961
45149
53857
43841
51544
44806
47949
43753
46600
50979
45032
44044
50770
44549
44648
48085
44028
43837
50286
47451
46901
45925
45771
46887
47656
43569
45987
43869
45460
44188
46001
50453
43516
49017
45228
47288
51183
44142
45989
53360
47048
47300
44418
45441
45661
47369
44817
44852
51974
43862
46259
43907
47204
43887
48633
51457
50813
44588
44699
46972
50672
53019
47017
43286
49878
43278
47285
51297
44001
46739
47436
47626
52697
49548
51264
46012
48036
46939
53334
43510
44709
46688
45508
47435
44675
43318
52170
44724
43743
44141
47190
43648
47917
43421
43625
44047
46730
46490
49852
43325
49389
44697
48799
52745
43533
43473
46541
47939
48122
44223
46959
44429
47213
49120
44707
46568
49409
52290
43513
53672
51566
47372
43771
53236
47199
43849
44473
44653
43736
44413
49197
51509
50732
52756
52080
44542
48066
52242
46988
51383
51837
50006
44394
44606
46741
43364
43740
46589
49352
49515
43844
45624
46617
46487
44427
52657
47979
45537
46455
47976
45346
46485
43531
45355
49710
49547
44445
49977
45662
52635
45007
43391
45433
50332
45705
47413
43554
44390
44655
52081
52029
46655
53785
43400
44203
48693
50046
45828
46938
53847
43770
49758
44290
52744
46512
51935
52249
45640
48064
45842
47783
44093
45182
44425
51047
49080
45357
43687
52649
47362
52744
51166
44861
52543
46360
52383
52751
47775
44522
49107
50311
43954
47671
46093
51264
51189
43599
44773
43459
52859
46222
43797
49023
49211
51047
44722
49593
43489
44553
47759
49093
46077
50342
47033
49470
51683
43724
52766
44518
45092
51352
44293
44556
44060
47648
44795
47699
45471
51787
48065
46946
49462
53770
48167
51032
43500
43875
46980
50481
44062
44426
46559
43670
47066
49863
52973
43688
44400
49008
44121
44032
46691
44420
47557
44165
53438
45098
48495
44882
50461
43888
44104
49706
45529
52200
52327
47528
44152
46538
44588
43854
43560
49507
45089
50406
44659
49537
51804
51245
48066
53683
43900
45923
44356
45504
43615
43787
48108
43612
45373
53207
43587
53868
43565
44712
46378
50155
48972
45697
48818
49609
52706
53822
44275
46161
48739
44047
44950
44956
50248
43780
43958
43713
47902
45727
44430
51507
48124
46350
52074
48120
44324
45059
48587
47191
49996
43801
48573
45501
53285
52314
44471
50786
52951
50466
50369
51226
44791
45257
45467
52554
43618
52848
46903
53918
47804
49275
44007
49519
43638
44185
52591
48724
43995
52611
43891
44834
43901
43628
43637
49262
43811
48303
53572
46550
53898
51991
46256
47643
43984
43648
44997
48571
50748
45414
48322
49330
53787
43722
48880
45049
45184
48049
46644
49961
50001
45974
46729
52126
44071
45825
43685
53272
45389
53617
45238
45375
44819
48076
49987
49658
43679
52723
45373
44239
47812
45569
46239
47355
53571
43686
47916
43749
44753
45413
45870
48223
51096
45186
46082
52017
44041
49027
47582
49544
45839
49311
47961
48469
50808
45069
44474
46479
48072
45348
43794
47411
45152
45533
50953
44058
51684
47326
49962
43767
49328
53844
52521
46236
46813
48757
51772
47367
46062
49942
43731
44016
44899
52574
44622
46166
47181
45845
53831
43776
44025
50605
47496
44559
43818
45571
48606
44577
44534
52737
46113
49226
49512
44100
46023
51552
45608
47923
47164
48879
45950
45814
50105
48692
48699
47309
44118
46309
52890
53003
52632
53303
44575
44585
50381
45188
43810
48511
44487
53844
46114
50918
44841
44775
48745
44664
49356
52265
45465
45003
51088
44472
49935
51845
50281
44237
50640
48957
51288
51167
44332
53031
45293
47780
52719
44785
48459
48924
50955
51316
46177
51941
44362
46059
44551
44667
51960
43859
45742
43851
52749
51300
53535
44800
49501
53245
44668
43899
53079
45006
47111
45387
45004
46580
49653
45418
47389
47800
46593
50038
45175
50501
50049
46087
44628
48404
43856
49350
45443
45611
43863
52950
44916
52635
45493
43871
49171
52515
46504
43881
46899
47430
45575
46634
44351
45631
52796
44426
45020
52190
51632
45823
45550
53518
46182
48232
48887
46180
52975
52382
45505
49167
45078
52488
52321
45172
50389
51242
53484
44812
51116
44840
48920
43906
51440
46908
52601
44030
46598
44361
49132
52276
48144
44617
48291
44005
50155
50467
45790
44975
47986
47591
44940
46477
53602
44467
44972
49983
44113
44461
44596
50675
44353
43950
45900
43968
44112
44579
48826
44391
44851
46068
49123
51573
47029
44023
44144
44297
47114
51165
46216
48513
46107
45963
45784
44154
52817
48068
44332
44738
43970
52661
50479
46125
49934
45317
50836
53158
44838
52704
45282
45590
48646
44010
46047
46088
49083
52827
45041
48710
46325
46296
48205
45431
45598
44209
51878
48931
44645
47598
44458
49851
47855
45469
46416
48610
47948
44720
52998
44236
44734
49304
44068
46633
49919
44215
47641
49797
44031
46984
53911
45752
50156
47050
47409
44745
52456
46374
45058
45843
46994
48419
48777
44924
49607
44043
53866
52972
44651
46966
44855
47172
47505
45283
44224
51433
45647
53696
44199
50699
52580
51581
44507
44558
48991
49591
45087
49916
45229
53418
47055
50306
50577
50018
44482
44321
45306
44509
47363
53728
51572
45608
46234
45389
48489
50237
47213
53843
48394
49345
53705
44115
45675
47212
45173
47374
51376
47361
46931
45761
46932
44187
47483
47345
47598
48734
45654
45781
45193
53547
52247
46414
51559
46854
51312
49655
45801
44394
45009
51559
46381
48238
44159
51383
53083
47124
53886
53443
44821
49599
46070
44151
45057
53441
51983
47905
52660
51196
46770
52359
44185
49930
50913
51456
47647
47846
49096
44671
50675
45157
47192
51774
53664
51773
51952
48465
50127
45299
45819
48716
52046
45026
50289
51839
46086
52317
49596
51538
44191
46804
51724
44544
50438
49799
44400
50247
45570
50849
45118
47716
50063
44846
46547
52792
52836
45255
46176
53333
47991
50653
48109
50826
44725
49974
49806
53461
44309
53715
45427
51706
46246
46498
44545
51510
46994
52009
45043
46152
47378
47269
45078
52062
50224
47692
48071
49029
51904
52567
51666
45094
53124
45180
45782
48558
45710
48493
50141
49695
44652
46861
47616
44647
44615
51144
44348
44580
53715
44535
47471
45642
52939
50228
44948
50301
49489
51013
45103
49121
44536
52029
52076
46132
44543
44280
51910
44754
47281
47569
48130
47566
48751
52468
45596
45387
50924
50634
50903
48342
47591
45463
52001
46128
48773
50943
44591
48435
51341
53422
44627
44801
47779
52755
44307
48327
49673
53033
44378
53108
48629
45590
49437
46505
52686
49327
46227
46560
48828
44871
46596
44327
51334
50640
52889
44633
48336
49575
46161
44461
45497
48528
50960
46643
44352
53610
46678
45187
53348
52133
52134
48026
46560
49911
46537
52611
45555
51609
48321
51941
53535
50824
45190
49353
44627
50466
44371
46510
49792
52018
46380
52918
45366
44960
48844
52198
52419
44434
53327
45222
48761
44482
45327
52018
50952
46914
49980
51331
49164
48563
45116
45264
47120
48169
49767
49641
53238
48534
45161
45152
50240
44410
44493
53181
44496
45653
44599
44677
52545
46018
48775
45612
49702
47477
44554
44741
45853
45426
52913
52237
52192
49949
47201
45610
45717
51077
45820
51119
46060
50286
45676
51660
52645
44807
46305
49486
44897
44454
53027
46925
45611
46713
50451
48246
50335
49149
46318
48244
53665
44964
44614
44858
46996
53051
49016
44951
52490
45885
47470
49640
44718
49603
51380
46651
48760
52258
44567
50663
45886
53219
49961
52492
49059
49234
44502
47014
47987
45933
47973
52947
53237
52598
51459
52539
46903
44605
46028
51782
50316
44772
50292
45311
47000
49238
44760
50098
49554
44776
45343
52854
53742
45925
46350
46927
45816
49030
47225
47996
50514
44745
44836
53518
48464
48663
45987
49510
44850
45428
45467
50281
45342
53099
45192
45368
46959
44698
53122
47049
49218
49018
49711
48570
52232
49284
50498
48767
52575
49185
49403
49505
46141
44925
49458
51531
52461
53598
45702
51350
49605
51301
44727
53140
48595
44913
46144
45734
45144
49129
46225
46681
49377
52115
44597
46084
47460
49636
50603
51018
46741
52164
45700
46285
48424
49403
47501
44630
45494
45166
44635
45141
47296
46649
47822
50322
47581
48095
45239
45848
47752
50240
45423
48824
47889
48075
51232
49114
46318
46545
44724
44952
49039
50702
52401
45293
48594
45454
47232
47454
48170
46557
46863
48593
44656
50330
51547
47753
50775
49311
53380
45582
46692
45662
44747
48200
53739
48323
49361
49711
45561
48998
51453
45037
45208
47995
53507
49348
45597
48687
44683
44768
44684
46458
50926
49906
47841
48051
52502
46470
50630
45792
49302
53008
44692
46621
47415
52782
44696
44899
46495
46617
46787
48978
46757
45262
49849
53083
46331
45242
46210
52893
45875
48240
47273
45776
45232
50885
46213
48566
50057
47881
53090
53427
49839
51266
44788
53128
52363
47482
51056
52493
47403
49339
51842
47154
52732
52543
52753
53416
46173
45558
44903
45021
45209
47453
45055
53448
45448
49410
46140
44755
47921
45352
49387
50898
50793
53240
51853
45299
45655
48041
50045
45329
49662
50111
51041
45369
47166
48970
52582
44976
49632
44779
46270
44780
50251
50181
44783
50788
51081
45621
46834
46066
53033
49794
53233
52467
51150
51393
47853
45917
45136
46033
48565
44843
46215
48351
53498
45434
48866
49294
47401
49019
45743
47815
52385
45545
45012
49238
45897
45985
46605
52053
46614
46261
52016
49385
51494
45545
48178
46058
47423
48848
45645
46014
46578
47372
47850
45422
48411
47627
45020
53363
49016
45592
46951
48340
49879
46576
47636
46956
47103
45141
51849
45196
52529
50777
53362
51082
46184
49064
45522
47662
45247
49574
47092
49045
45064
45844
52941
49369
49862
53058
51411
53728
45672
52151
49661
53424
47551
47754
53713
44945
48847
49674
46407
45964
45121
45225
45409
49154
50464
44899
48396
48982
50382
49037
46002
53262
45877
44984
50771
48353
49527
53739
46235
51888
52821
53614
46607
45855
47720
47967
53496
47955
44921
51691
45654
45837
47604
47146
48473
49241
50297
44971
48395
44936
49200
50563
45084
51048
45464
45375
46566
50650
50447
53612
47256
46349
45884
48024
44955
46353
45619
49190
45268
45701
46517
51032
45161
47146
45053
53532
45381
49146
52389
51598
45614
45996
53551
45181
46628
44983
46228
45837
51943
47389
53850
47526
51716
45458
48736
45762
53874
48764
46472
50692
47543
46118
48327
52261
52554
45983
47137
47783
50591
47740
53418
46042
51058
45630
52433
45871
46059
47139
46927
45415
47488
45651
45115
51543
46204
45393
47973
52890
45221
45433
48933
45032
45034
45558
52966
46069
47150
45439
45853
49283
46945
47745
48834
49151
49618
45893
53915
53854
45609
45478
51399
45533
45890
51954
52584
46408
50897
45314
52597
45198
48562
50328
50831
51768
52120
47121
47333
50976
53221
53713
50131
46117
52990
49983
52173
47809
51792
46209
48494
48003
49019
49447
49219
45080
48498
45113
47252
53212
50444
45699
45312
50008
50998
52046
45378
46693
51507
45362
45827
49558
50482
45455
46642
45376
51518
51923
46302
47163
45164
45399
50444
52840
46095
45769
45531
52013
49269
46312
48729
45528
46271
51045
45125
53273
50429
46354
45582
45418
46210
49780
48647
45139
47996
50480
48960
50405
47977
51831
53640
51011
45382
51398
51128
46046
50849
46904
53292
51652
45968
52702
45452
49508
49560
45659
53114
48121
49800
50728
52022
53001
48427
45657
45745
46792
49088
53422
48420
49444
47794
48706
50093
47624
50747
47601
45338
49272
45361
52530
50023
52120
45200
51858
45209
52625
52624
49778
50180
45591
48688
46035
51293
53170
48464
48527
46433
47193
49815
46340
48006
52746
45530
46558
50961
52207
45585
45241
47608
45641
50720
51351
46777
47975
45261
46261
49989
51993
46534
52278
46477
45263
47550
51062
51678
46160
47283
50635
53252
45980
50866
46159
47385
46890
45951
46236
53360
48897
50193
51724
45646
45705
52616
46832
45360
52579
51781
50381
45459
46783
45429
50831
52131
46208
51309
46848
48772
53146
45286
47164
49898
46011
48992
49230
47869
48909
47931
48798
46191
49743
45971
50807
46944
46205
46854
45523
47002
48611
47405
49373
47789
45380
45322
49495
50074
48812
47558
50837
45324
45347
48139
48585
45371
50232
49122
50063
46922
51193
48404
49213
52650
45502
46430
53920
48311
46789
51474
53275
50241
53218
45343
49870
53145
49861
46784
47632
45757
48935
51416
51149
46022
51191
49965
45892
52466
47382
48016
49700
49904
48517
46638
50560
47658
51117
45818
46396
49094
49027
46069
46039
48101
50473
48066
48489
47050
47768
52207
47486
48574
46443
48836
52053
53231
45755
45889
47426
46969
45898
47744
49228
50084
46836
46821
47580
53692
46747
51592
47322
49753
46009
52734
45544
51633
51448
53297
46988
45562
52438
45486
52110
51395
45900
47587
48637
45894
46812
48772
47395
45503
47799
53578
53488
46094
45584
53795
46077
50423
47565
51189
45881
52432
45773
46501
49624
51139
53723
45836
53493
49658
46656
49517
50246
49724
50037
49989
52016
45567
45977
46910
47112
49814
51663
45694
45795
51299
50854
52494
46673
49111
46963
46827
52364
46151
47925
53280
50547
45525
47642
50102
51726
51216
52987
48359
45764
52282
45893
48468
47878
47011
53122
47108
46169
49084
52809
45787
53244
46491
46705
49956
49786
50302
45666
47641
47054
51413
53708
49532
50077
46188
53483
45824
48445
49720
52316
53129
51769
46132
46351
45633
53189
45543
46173
48021
48064
46915
48355
45661
46707
45752
46521
52220
49654
45878
53403
52560
51508
47246
45634
51826
53686
48031
46893
51806
50985
49490
53562
50167
48496
47278
53335
50267
51453
52156
52944
50143
52632
49440
47909
49326
48700
50283
49614
50377
49367
45738
51716
48225
47059
46478
51145
50851
52367
50458
45779
48912
47832
46452
51408
46437
48953
51766
53030
46143
47515
48890
51619
48388
46331
50791
51978
51389
46525
47551
50249
49000
52968
46036
50172
51419
48409
52201
53191
53435
53676
52419
47884
52728
53482
52789
45887
50330
48560
51136
46537
53766
46253
49125
48980
52393
52732
46574
46913
50117
46553
49739
46725
46448
47270
48672
52096
45909
51647
50058
48693
48533
52386
45707
48229
46464
52697
46555
46929
46157
49090
46376
52884
52061
50197
53827
46884
46060
53390
46147
48740
49227
52900
46753
45796
47009
49140
46078
49258
45737
45860
49951
51684
46948
49527
50462
46214
46668
47654
53312
46379
46807
45755
46198
45775
46633
52058
46025
47384
53529
53363
46797
50273
46255
52229
52479
45865
46728
46120
46780
49803
52307
53336
46774
49607
50695
51883
49397
49999
47439
50078
48426
48579
50751
46882
47836
46279
48671
52251
46027
46982
45896
53896
47148
50250
50717
53180
45815
53515
47083
47715
53820
47655
47364
46481
51112
51706
50919
46086
47628
46396
46417
53910
50855
48434
49366
45904
48035
47766
49479
47408
50039
52842
53069
49063
52634
52390
45994
47706
53194
47474
51925
47774
48574
48362
49325
46822
47042
46657
48216
53784
46823
46970
53329
45860
49446
47015
46202
45950
46610
46961
45882
48736
50117
50903
51054
51946
52106
46700
45952
48456
45900
51733
46788
46124
46805
52838
47609
51626
50663
52307
47313
47365
46199
46595
47095
50875
50988
46207
51496
50035
47530
52385
46848
46907
48864
45910
48188
53593
53914
45914
45915
47578
45916
48526
51892
47039
46042
48553
47115
46098
50393
46398
49331
51030
47760
49447
45933
46373
50543
49901
50889
49142
49779
50386
45944
51191
51225
47030
48830
47554
46806
49822
47988
50655
46355
46542
46190
46241
45973
48457
46852
52797
49680
53872
45970
48816
52269
47258
52358
46037
47099
50233
49417
46174
46011
49109
52883
48580
50719
48276
52890
47390
48186
46100
47033
49640
48211
49529
47941
46305
50899
51522
53860
53867
47132
47391
51319
47737
50342
53151
46463
47249
47016
48306
50384
46712
53497
48831
49084
46167
46803
46883
47175
46608
47345
52710
47745
50133
50704
47141
47590
53065
46126
46517
50873
46063
48237
46205
49722
50773
47262
46911
50197
46820
50783
48652
47821
48157
47323
51009
47798
46935
53172
46344
52146
46898
53034
46862
47401
50181
47880
48195
53038
46845
52911
53853
46319
48308
46468
46403
53449
53848
51972
51747
46874
46716
53851
46506
47732
52216
53209
47090
47019
51153
46748
50595
51463
53853
52947
53846
53345
46116
47446
51130
52166
53813
48089
46205
50187
51043
51969
51105
46738
46545
51681
48631
51078
49855
46996
52974
46352
52856
46648
52026
46228
47202
47461
50890
48621
46650
47279
46154
52218
52779
51197
46159
46355
50542
46612
52542
46628
52621
46351
49565
46164
53800
53880
46685
51084
46298
46282
46731
48511
49277
46855
46304
46973
48818
51522
46444
53170
46232
46889
49876
50022
47082
50775
50371
52884
46674
50116
50663
47481
47397
47558
48913
47604
49478
48265
53331
52250
50254
52119
46366
51826
52023
48408
49870
46224
49931
52115
46446
47246
50517
46394
48570
47543
48891
50932
46289
49371
46240
49345
50483
49049
46562
46768
51106
51912
47257
50266
46729
48732
48084
48815
47704
52816
52084
49391
51998
48999
51087
47265
46420
50883
51767
47993
48443
47365
52530
49637
47140
53745
48116
46524
49443
47289
46699
46997
51775
46857
47980
46316
50152
46795
47809
47123
47847
50574
47120
48805
46696
52165
51425
53403
48410
51744
52057
52418
53034
48860
51902
46648
46847
51447
46311
46324
50616
47008
48933
49939
46862
48826
47772
47815
51656
52372
50848
52343
53699
53699
51542
53531
51713
46635
49302
47972
49663
46860
46409
51712
49440
48469
47529
47688
46834
49424
52910
47508
53388
51163
46397
47970
51680
51458
47277
53044
50632
47208
51866
46838
51836
48826
50968
46447
51848
47534
46373
51975
53896
48987
47365
48086
53352
49145
53823
47604
47926
49523
46687
47490
47634
47563
53306
46479
47760
52144
46454
47289
46666
48415
50519
47401
47524
49380
47183
52969
53740
47879
47330
49443
47190
51069
47018
50759
46423
46426
52715
47040
47368
47087
50465
52287
47194
46513
47089
47935
52161
53207
52644
47957
51626
49754
46766
51816
52672
50777
51132
52249
47296
46458
53803
47498
46461
49574
46751
51105
48520
47761
46764
50014
48751
48577
52297
47566
46476
50255
48495
50604
47617
47239
47304
48279
48304
50884
47138
53610
46672
50768
48209
47361
49902
48912
51488
51529
51346
53077
49227
50366
50631
52743
47665
47023
51225
46578
48670
46870
51852
49685
51318
53035
51481
46598
47119
46695
51593
51133
50747
49039
47038
53043
50847
47590
48306
46566
48302
50975
47577
51282
51378
52859
50886
48255
49848
46745
47576
51050
49559
49670
49929
50337
46554
50668
49126
49950
47466
46980
47359
51008
46798
51146
47114
48718
50175
50196
48243
47617
51020
52217
52264
46932
46751
48224
47861
52572
46946
48058
49977
51821
49533
49790
49273
47452
47247
48974
48070
49879
49191
51988
48067
48117
46743
52636
47117
51370
47042
52283
46996
52631
47157
49499
52323
48856
51720
46627
52930
47091
49527
48581
47497
49030
51215
46625
52832
52747
46934
48271
52109
49492
51229
47263
50457
47962
49406
46962
52655
53497
47589
52698
52630
47459
48010
53384
53032
47635
50615
47176
51083
49616
47286
48715
49887
46809
51698
52277
46722
49236
46667
49910
53485
48302
53434
53078
46946
48213
51532
46825
46680
49826
49665
53067
48207
50310
47357
47437
47488
47476
47660
47012
47073
49158
52496
50886
51700
48868
48651
47689
49755
46891
47104
52430
50521
51305
51622
52231
46850
53056
49971
50405
50379
46739
47458
47620
46726
51112
46788
47523
51671
46734
52373
48669
49745
46749
47203
48483
49378
49891
49885
47947
47540
47789
50215
48279
49973
46759
52171
46929
48291
47222
47421
48343
48227
49089
46978
47408
47676
48002
49244
47101
48468
47305
48193
51444
46796
46969
48152
50799
47060
52085
48651
48873
47411
47913
50428
53370
47378
47491
53174
49763
53135
53891
47084
48156
47168
53508
46818
47075
51498
49938
48995
52037
49732
49674
53616
53309
47644
47817
47803
48118
47217
46906
52925
49452
52893
50785
50685
51611
51770
46846
48589
48643
51090
51671
53136
49749
47732
49002
49935
47700
49301
48977
53818
50916
47777
53639
52791
51556
49881
50810
48185
49504
46906
48666
48769
51295
51795
49405
53600
48269
53725
47877
47899
47187
53365
49408
48657
47787
50042
48382
53822
46976
48010
53375
48487
49068
50822
46908
50026
51441
53622
52640
48173
47580
49116
47595
47666
47373
49421
47123
47863
48135
50796
52053
47835
51248
53124
47844
53378
47187
51809
48928
51605
48210
47422
53283
48479
51079
51686
48383
53798
50559
47540
51184
53112
48411
47353
50722
49661
47911
51170
53374
48156
49450
48704
49536
47000
47827
52684
47052
53837
50716
52722
48905
47630
51038
49697
52258
52709
48849
47257
48013
47028
47746
49461
50507
51939
52590
48905
51161
48502
49920
48856
51536
51097
47729
50835
50164
49325
47132
48723
52260
52144
48015
49716
47568
47637
53029
48540
50566
47121
47264
48385
53294
47044
48457
49109
50542
48186
47408
53211
47494
47943
49612
47741
53537
51851
47080
47440
53070
47364
47607
48262
53570
47910
48674
52290
47075
51728
47640
49566
47831
51714
47492
47512
50461
48477
47182
51547
49441
49508
49722
47472
48015
50367
52123
47133
49999
50800
50937
47123
53407
48578
51359
53737
48949
53330
51279
51496
48179
48853
47109
48662
47363
47691
50126
50546
47813
50565
51254
50580
48725
48117
48702
47242
47210
49164
49842
52103
47302
51027
47238
47797
48786
50982
49706
47559
51563
50360
51669
50364
47663
52778
50305
50442
47511
53769
53777
52007
47737
47627
48067
51016
47443
48290
50991
47963
51479
48455
47738
51909
50093
47455
49177
47628
48499
50355
49218
47612
50653
48669
52574
49471
51739
48902
50360
53547
48204
48330
47394
52985
52004
50109
47203
51951
48228
52645
47811
51913
48399
47929
50037
50252
52825
47237
50371
51014
47578
49812
47747
53883
47218
49349
47521
51241
51416
48773
53127
51164
47418
47785
50570
53447
48706
48614
49100
52615
48584
53333
50338
48233
48219
48211
48608
51935
49868
50537
48433
48282
49555
49867
50811
47259
51744
47893
51600
47711
49709
47333
53547
47386
50779
47933
52312
47435
52513
48545
47829
49215
51334
51295
53834
50895
51727
47284
51515
49841
51273
47297
47678
48350
51981
47438
50061
50265
47932
52982
47891
47310
48046
48927
49183
50963
49905
47485
48283
50177
50338
48173
49649
53798
53670
47953
50592
49824
48153
51147
47814
49571
47341
47802
52999
47339
51357
49740
50761
51132
47412
49882
48566
48415
51751
53332
47862
50763
48148
52148
52793
53482
50497
49663
47443
49795
48203
50452
51446
52514
51793
53316
49568
50637
48249
48363
51612
47908
47726
48019
48581
47935
48258
51004
48297
47677
48345
49058
48065
49830
48090
47475
47897
47404
50295
52172
52273
50436
52775
50267
50531
49348
47425
53701
48043
49809
48807
49835
51465
52407
53688
48161
49834
50555
48529
47735
49124
51402
48129
52495
47913
48323
51801
47572
47460
50500
51905
48286
50657
47465
48208
48275
48711
47478
52112
48601
49139
47782
47748
47866
51956
52197
48878
48561
49891
49476
47690
48258
49057
48726
50965
48987
50178
48410
52088
51112
52843
48634
47900
48134
50525
52100
48309
47755
49454
48448
51410
51819
53612
48511
48647
53570
49301
49876
49109
50079
48810
48819
47793
47702
52982
47844
48791
50844
48689
49179
48694
48616
48221
48851
49291
51284
48799
53129
47999
51308
48421
49452
47736
51364
48147
49022
52608
47957
53018
47775
47621
48220
52509
53468
48403
50033
47849
49309
53420
47778
53750
48892
50343
48079
48149
48266
49994
49666
49987
50502
50166
48141
49100
49223
48004
50528
50805
51863
50336
47992
49805
47798
48079
51354
47610
51284
47682
52042
47969
47837
47763
53475
48547
50111
52215
48169
50648
47680
48518
48286
53427
47731
50131
51945
48776
51896
53471
48730
49157
49184
49438
53641
52109
52633
48091
48598
47671
49689
52119
49419
52029
48945
52713
50413
53001
51034
51506
51374
47926
52451
53533
47937
51702
49487
50639
47749
49845
49730
47837
49092
49770
48080
47679
49087
49455
51044
49012
50230
50814
50584
51302
48912
48298
48622
51670
48148
49584
50873
52425
49148
50527
49941
53269
47703
48600
47878
52373
53313
47989
49269
48329
51545
50645
53122
48418
50334
48342
47716
53821
48274
48163
50361
51034
51037
52417
48041
52734
47725
51174
50863
48662
53666
48379
52186
47824
52325
52596
53276
52020
52581
53184
52600
49511
50551
49698
51133
52841
52584
53024
50978
53489
48582
50158
52097
51486
52003
48689
52434
48055
48677
48739
48625
50120
48020
50713
47932
50770
48833
53437
50793
50842
48027
51929
48497
49831
51866
49409
48075
48555
50060
48130
50973
51174
48425
49788
51123
50500
49884
53162
50803
51005
51040
48299
50717
51290
52099
49585
48618
48790
49166
48727
49116
50556
48478
48930
48542
47843
47846
50927
47848
48187
49827
53113
47851
48990
48004
48107
49180
48452
50118
47863
48069
50416
50003
51682
51820
52473
49874
47871
47874
51854
52095
50618
47881
48160
50113
53569
47982
49148
51755
52515
48665
48948
48309
52372
49798
50886
49015
51398
49918
52638
48253
48177
48797
53639
53439
49001
47916
51934
48219
48428
48287
51535
48485
48050
47922
52580
49436
48037
47976
52961
53610
48597
51190
47945
52055
53501
51667
48093
51919
47964
51223
51611
50372
48801
49643
48524
53876
48444
53014
48808
53767
51898
49338
52761
50296
53008
50153
52746
50546
52946
53369
48798
48162
49319
49716
48101
48695
48138
48193
49008
48074
50220
52227
50307
50983
47997
49622
48708
49971
50080
52353
49937
51009
52698
53205
51914
49940
49268
48417
48456
48120
53523
52807
48384
50629
49052
48044
48568
49312
48339
52500
48970
48910
49430
48675
50227
49286
51558
48878
48392
52028
51297
50652
53163
48972
49758
49860
53173
50883
51660
48324
48631
53036
49266
53437
50371
48492
51182
48976
52896
51616
49855
48691
51234
49295
48719
51302
52906
48332
50205
49099
50276
48232
49533
51310
48380
53239
48753
48447
52661
49201
48747
48100
51437
52225
48105
48384
50705
48243
50305
48452
48480
52412
50861
48985
48456
53220
48453
50232
50558
50867
50064
52826
48162
52634
48598
49804
53125
48499
53080
48874
53276
49623
48178
52824
48454
48677
48701
48202
50345
49135
53164
49335
48337
48564
51589
53631
48942
50838
49778
53346
48790
48451
52613
48182
48525
51095
52444
48521
52459
50125
48188
48192
51834
52272
48196
50783
48827
49979
48843
52854
48300
53238
51980
49112
49341
49172
53832
51905
48376
52435
49700
49515
49677
51981
51419
48954
48471
53467
49094
50124
50656
48685
51190
49236
51661
53711
50344
52152
52705
51656
50573
52031
48432
48838
50577
49906
50967
48931
49059
52306
49307
52708
53615
48709
50634
52196
48604
48733
50208
53110
48863
48979
50289
49289
49006
51331
50376
50455
48992
49601
48795
51089
52426
49126
48360
50712
48975
49908
51323
50573
48670
48837
49160
49226
49858
52700
52011
50043
50197
50686
50497
50786
49088
52529
48445
52450
48443
53152
48529
49171
49860
51743
53032
50760
49302
48614
49736
48459
49469
48563
53133
53566
53082
51652
48348
52926
53782
51488
50752
51966
49130
52314
49018
48364
48742
51401
49558
52493
52867
49796
51193
49250
51613
50621
48373
50113
50151
48626
53823
51345
51372
51414
50781
50840
49465
48429
52100
49593
53358
48436
49477
53402
50000
51309
49137
51846
49854
51311
49299
52888
50874
49759
53216
48555
49485
52452
50992
49999
49810
49164
50521
49536
49521
51432
51571
52865
50787
49239
48958
52846
53616
49249
51687
48431
52448
50679
52025
49415
53193
48516
52826
49597
51392
52345
51021
49296
53000
50560
52548
49199
50234
52125
49069
49735
48531
50934
48649
51900
52220
48670
49223
52705
48473
50293
48551
51657
52124
50802
48512
53783
52536
49467
50776
48801
48612
52304
49132
52679
53314
53334
50460
49363
49768
51121
52714
53094
48787
49895
50362
49344
49479
49886
48832
50794
50036
52153
51158
50845
52375
48561
49036
52232
48660
53694
49246
50265
50308
52319
49320
49292
52914
51579
50200
50687
52927
52427
49807
51361
53158
48658
53635
50790
49772
49251
53618
48620
51928
48572
48891
49628
48701
48976
53175
49124
51420
48619
48590
48694
49412
49316
49378
51523
52424
52518
49658
50596
50307
51822
50236
52435
52130
51776
49141
49597
49005
48656
50872
53570
53193
50263
49719
50221
51816
53182
48991
48743
48908
53108
49066
51694
48640
48643
51177
48808
52500
52974
49077
51315
49103
49028
48660
51340
49416
52897
52996
51503
50778
49675
48668
52054
53641
53459
53407
51121
51148
48923
49679
49540
51937
53089
48784
53575
49207
52173
49664
49160
52993
50025
51280
48862
52778
48723
52482
53155
49526
50557
50194
50546
51359
48700
49436
50194
48743
48770
53054
51349
53236
48973
50372
52483
52590
48788
50769
53710
49495
52328
48721
50264
49877
49549
48784
52379
49704
48860
49871
48731
49864
51546
52439
50637
48741
53054
48889
49213
48937
51219
52758
50535
49048
49868
52620
49322
51138
53566
52727
48863
50207
53602
50525
51364
52607
49206
52168
51904
53465
49625
50323
51743
53705
50275
51318
52606
48887
48907
51399
51033
50368
48802
53210
49200
50154
49079
49087
51485
49319
50737
51327
48815
52146
49417
50471
49547
50959
48811
49017
53919
48938
52136
52748
51480
49441
49550
52779
48993
49297
50586
53475
52380
52748
53530
51729
53718
49085
50817
49383
49799
50518
49708
51012
53551
49896
49713
51890
53385
49433
50265
49560
53130
49572
51924
51062
48896
48963
50365
50445
49888
52602
49457
50812
53308
49284
49720
53645
51110
52876
52421
52655
49620
49570
49156
51921
49192
51175
49163
49899
50095
51012
52772
49805
51763
49086
52475
49095
50694
49025
49936
49449
49686
50316
48977
48964
51753
52852
49014
53765
51649
49509
51652
51608
49013
53120
51836
51123
51750
53909
51810
49958
51332
49746
49354
49767
51109
51108
49473
52467
48953
52091
49827
49974
50412
49926
50890
52698
49626
50069
50689
49295
51240
49211
53808
49514
50970
49311
50519
49058
51554
52787
53813
52948
49393
51582
50302
51235
51467
49285
49565
50021
52721
48986
50140
50680
52331
50387
52680
50030
52085
49540
50097
50982
53097
50082
51015
51231
49456
49590
51086
53052
49395
49089
50351
50136
50086
51823
49881
53546
49082
50279
50309
53512
49637
51460
53519
52505
51528
51838
50145
52267
52282
52796
49195
53324
49076
50047
53417
49340
49035
50898
51042
51204
51997
50937
49278
51448
49541
49606
50328
50082
51311
49279
52168
49405
50036
50814
50476
52472
50818
49408
49587
52276
52852
50496
50625
49095
50185
52995
53304
49261
51812
49953
53203
50706
51746
53352
50225
49639
49390
49733
50606
49392
49406
52550
52227
51268
51686
52259
50350
51777
49771
50791
49486
49463
53901
50890
50498
49187
49162
53873
49627
49129
50206
49114
52850
49985
52361
53456
49225
49122
51415
51678
49520
50319
49491
49626
53046
49190
50474
49828
49531
53069
49247
50587
53784
51073
51404
49721
49773
53213
52643
50727
52730
52909
52458
52731
51226
52478
53663
52359
49823
49980
49567
50215
49838
49386
52636
49407
49308
51285
49175
50581
51643
49900
50605
50632
53648
49555
49182
51061
50497
52901
49694
50068
50456
51467
53436
51634
49820
52079
53187
50788
49219
53632
50165
50255
49652
50369
51045
51393
52535
50159
49210
51026
49497
53262
53580
50516
52889
49688
50082
51653
50916
50700
50810
51260
51051
49532
49301
51039
50246
53849
49384
51567
51345
52507
49671
51639
52306
50201
52870
49581
50865
51595
53750
49553
49932
51552
49705
49825
50547
51251
52895
52047
49253
50184
50063
52595
49645
52491
50478
49315
49648
49622
50758
49359
51880
51647
49723
51923
49966
51551
49815
51742
53499
49569
53294
51950
50952
52712
53818
49941
51565
53228
49472
50090
49419
50000
51222
49328
53843
53281
49454
50222
49566
51333
50644
49655
50783
51688
51910
50541
50603
50095
49494
49496
52334
53620
50540
49621
50473
49432
52012
49362
50576
50582
51705
50553
51988
49474
50530
49543
50116
50022
51838
49515
51017
49589
52580
52130
53087
50004
52153
50925
52260
50067
52940
49400
50138
49997
50133
49453
52799
52441
50075
50697
51497
51457
52837
49968
52980
49921
52447
49530
51812
49442
52566
49430
50193
50490
52236
50130
50044
52998
50651
53889
52605
53750
51390
51116
49822
51505
52107
50578
50589
50529
52447
49546
52214
50608
53542
51538
50806
53664
50159
50888
51676
50303
51758
49912
49964
49507
50665
50113
50363
49494
52664
53751
50198
52585
52465
50101
49564
50620
50011
49611
50708
49876
51305
50353
49550
50010
52943
53849
51748
50786
51659
51384
49792
49561
50274
50586
51118
53753
50523
50280
52683
52239
49619
49557
52049
49746
49945
51596
49548
50143
51197
49869
53901
50294
50913
50589
51053
53632
50644
49813
52894
49596
49924
49925
50894
52942
49717
50042
52712
50664
49737
50641
50708
52303
53139
51380
52721
50321
49594
52205
52561
49599
50134
52286
49643
50981
50033
50208
50671
49729
53771
50954
53072
53039
49986
53826
51238
51961
50320
51793
49933
50092
49743
49634
53527
49820
50907
51554
50946
50966
51411
52701
52653
49650
49878
50767
52966
50100
50329
51868
51711
52489
51369
52793
53105
50477
50261
50880
51021
49802
50574
53407
52667
50506
50176
51872
53247
50826
50850
53476
50776
51185
53607
52618
50762
53582
49691
52968
52616
50270
50711
51549
53356
49698
49718
51699
53359
49992
52351
53059
51153
51200
51998
53910
51020
50041
50512
50132
51779
50842
49910
50119
53323
50513
50958
52244
51060
50188
49923
51223
51770
49764
53694
49790
51744
50011
50052
52460
52845
52600
49952
53092
53367
49860
49957
52203
49780
49949
50489
49770
52388
50026
50620
52370
50366
50331
50375
52690
49985
51351
50195
53886
49959
50579
50776
50539
52915
50347
52575
49783
52896
52996
52025
50818
52202
49789
52112
50517
51337
50564
51844
52365
51379
53233
50422
50416
52449
51934
51359
52570
51111
50083
53133
49819
52366
51994
52731
52471
51266
50489
52767
51407
51148
50639
50268
49836
53345
49843
50018
52003
49883
50114
51468
52994
50359
50161
50172
53478
49895
52921
50427
50057
52048
51456
52283
51243
52469
50740
53147
51083
50716
50477
50202
52043
50463
53185
51778
53492
52699
52792
50527
53649
50337
50868
51955
51204
52830
52008
50030
50028
53725
50577
49906
52455
51333
52943
50800
50814
51074
52346
50122
50054
50526
53746
50623
53219
49995
49930
50578
50051
50625
53825
50508
52174
52860
50976
52685
50843
53004
53194
52689
52958
50099
53281
51991
51609
50454
50740
50404
50179
51468
51674
53060
50365
50587
50096
51201
51414
50493
50190
52252
50191
53469
50821
53255
51823
50025
52440
50939
51375
50029
50532
50878
50343
52076
51681
53454
50754
52037
53299
53348
51165
53660
50239
50971
50425
50801
51936
50243
50016
50676
53722
51752
52069
53349
50811
52485
53703
50470
52317
50299
50520
51793
51170
52672
50085
52083
52733
51429
52098
50433
50087
51502
51063
53171
53836
53225
50133
50264
50864
50258
53084
51629
50491
52548
50840
50669
53387
50094
51073
50423
53785
53520
50570
53832
50220
50291
51500
52193
50144
53152
50139
51731
51469
53723
50123
50715
53080
50204
50943
51254
51276
51832
50601
52688
50138
50180
51618
50834
50147
50183
50182
50251
51253
50373
51188
50563
50233
51223
53780
50839
50747
51572
50297
52714
50780
52311
50434
53031
50862
50256
53658
51332
52637
53752
50723
50858
50859
50182
50772
51289
51807
52058
51479
52399
52842
53587
51140
51230
51058
50210
50982
52924
50350
52913
50213
53539
50463
53082
53077
51142
51335
52224
53450
53302
51449
52096
52835
50641
53755
51679
53454
50327
52008
50484
50450
51763
50248
51392
51638
50839
50636
53152
52054
50277
51585
50390
53440
53711
51962
50827
50419
52420
52873
53371
53590
52683
53165
52554
50352
53466
50798
52659
50435
50295
53477
50331
51817
50414
51162
52923
50594
51261
51217
53432
52236
51982
51964
51162
52863
50542
52040
51040
53012
50940
51307
51168
52993
51874
50730
50588
50950
50642
51672
53110
50478
53529
50849
51307
53734
50399
50998
51508
50581
51424
50626
51095
52461
50763
50357
50576
50545
52641
53085
52921
50853
51056
51573
52904
50378
51094
52113
50712
52652
53574
50921
50832
50385
51371
50625
51606
50413
52870
51150
50917
50485
50515
52121
50402
51789
50628
50717
51720
50844
51097
50919
52709
51216
51358
51386
52937
51824
51445
52127
50628
51838
51914
51154
50488
52145
50630
51124
52542
51310
52416
50660
51046
51306
51976
51574
51156
52487
51100
53186
50909
53249
52372
50476
53296
51270
51139
50955
52749
51098
50617
51803
53095
51269
51145
51697
50480
51202
51823
51926
51298
50645
52501
50757
51454
51960
53794
50964
52022
51972
50735
51259
50584
53857
50780
50872
53462
51202
52345
50516
53459
53446
51369
51772
51014
50608
52064
53550
51194
52149
53704
51238
51683
52552
53790
50968
53223
50887
51695
50974
51213
51268
51486
51381
52279
50554
51291
50564
52402
51952
52532
51328
52111
50760
53597
50871
53779
50736
51156
51182
51097
50600
50926
51629
51601
52907
50766
50975
52396
51477
52905
50745
53705
52569
50710
51275
52743
50690
52585
52058
53642
51993
50738
51058
51086
52332
50938
52604
52191
50912
51813
50924
52871
51180
53344
53049
50701
52977
50674
51532
50895
53840
51434
51978
50668
52822
51067
51300
51366
51099
50678
53227
52940
53389
50860
52223
50779
50996
52041
53479
51704
51498
51218
51852
52079
53523
53707
50784
50828
51925
51258
51386
52862
51129
51454
50829
53777
51753
51999
53326
53800
50951
52827
51044
53199
52673
50743
52936
53132
51264
53357
51420
51270
51682
53663
52201
52497
52051
51022
51741
52660
50942
52296
51322
51562
53439
51575
52845
51472
50788
51548
52987
50906
50995
51141
51730
51587
53415
52065
53730
50806
53373
52882
51774
50848
51214
53309
51541
52050
50947
53703
50856
51036
51038
52887
53059
52384
53809
53156
52315
51187
52526
51149
51552
52266
50902
52211
51261
51137
50857
51569
51386
51057
52750
51473
53596
53517
52514
51059
51450
52788
53864
51079
51126
53670
52338
51957
52233
53507
52167
53825
53304
51495
52570
51018
51810
51410
52420
51335
51325
51951
50935
51517
50936
52033
50904
51382
51848
51883
51023
52669
53243
53617
51616
53670
50943
52844
51052
51255
51452
53708
52826
53327
52393
51162
53091
50923
50927
52395
51265
52093
51421
50986
52927
51955
50987
52019
52055
51675
52225
53356
52383
51242
51406
51189
51490
50956
51949
52281
53606
52450
51596
51881
52906
52319
51555
52918
52293
51033
52157
51568
51709
52555
52672
53522
52357
51093
51847
50985
51646
51075
50993
53268
51791
51064
51076
53270
51002
51172
52345
53447
51699
52565
51237
53065
51703
52085
52484
52976
53199
51527
53644
51170
51825
51733
51850
51026
51677
51459
53618
51244
51065
51511
53431
51176
51582
51989
51460
53808
51354
52152
52226
53583
53695
51085
53384
51061
53489
53515
51798
51851
52853
51234
51072
53473
51316
51320
53678
53488
53500
51152
51679
51462
51723
51588
52911
53682
52754
51506
51630
51634
52553
52945
51109
51996
53427
52392
51722
51775
53820
52842
51122
52365
52969
51984
52297
53674
52536
51135
53290
52127
51167
53426
51504
51539
51646
53381
51588
52409
52275
52784
51274
51228
51808
52855
53166
51236
53157
51568
52814
51973
52052
52310
51785
52199
51642
52528
51330
51655
53617
53292
51179
51494
51482
51387
52539
53586
53343
52402
53512
52661
52387
51219
51221
53569
51271
51624
51734
52534
53379
53669
52569
51548
51454
53787
53022
53534
53627
53161
53056
51632
52920
52600
51665
53374
51357
53757
51985
51263
52996
51397
53689
51463
53851
52265
52757
51711
52217
51278
53481
51284
53498
51947
51925
52108
51827
51573
52296
51584
52010
51524
52087
51701
52496
52690
53902
51769
51403
51424
51405
52436
51576
51618
53692
52747
53668
51387
51427
51360
51584
51817
51651
52104
53613
52700
51850
53013
51619
52463
51430
51550
51689
51953
53416
51431
53188
53166
51992
52124
53125
51835
51368
52209
53730
52298
52256
52537
52101
53690
53082
51378
53291
53503
51391
51954
53015
51563
51737
53708
53653
52148
51736
51586
52981
51701
52426
53598
51461
52510
52847
53441
51470
51628
51540
51643
51570
53119
52145
51558
51534
52472
51436
52820
52696
51439
52770
51727
51441
52221
52807
52319
52484
51976
51986
53732
52070
51604
51721
51879
51673
52132
53622
51471
52147
52386
53143
53636
53354
52322
52711
51478
53004
51920
51484
51843
52010
51491
51728
53462
51583
52456
51999
51898
53196
52394
52678
51509
51860
51794
52881
53747
52256
51686
52195
51916
52645
52150
52259
52631
51717
52791
52704
52116
51860
52851
52078
52241
51719
52158
52164
52343
52066
52432
52815
52059
53342
52919
51867
52985
52122
51804
52239
52328
53514
51946
52562
51734
52020
52125
52175
52339
51620
51963
52161
53137
52850
52176
53626
51829
51708
52469
53741
53780
53745
53786
52240
52274
53168
52010
52193
51600
51818
51968
51945
52001
52457
51983
52425
51878
52156
52929
51749
51992
52237
51942
51702
52902
52492
53129
53803
51830
51668
52738
52976
52051
52460
52874
52299
51815
52799
51843
51935
52291
53813
52170
53465
51692
52892
53250
53444
52030
53208
51674
53051
51664
52878
51690
53497
51695
51718
52809
52897
51732
52619
52118
52854
51876
53187
52414
53524
51871
52235
52693
52483
53179
52707
52776
53177
52035
51716
52148
52724
51999
51808
52470
52126
51970
52238
53392
51745
53373
52092
52777
53682
53709
53006
53519
52303
51756
52222
52615
51859
51893
51821
52334
52350
52406
53460
53488
51968
53285
53582
51942
51777
52132
53255
52523
52760
51789
53078
53656
51832
53480
52511
51913
52674
53553
51802
53356
52059
53786
51849
51908
52460
51979
51962
52099
53746
51829
52756
51861
51891
51882
52041
52513
53458
51837
53103
52323
53477
52438
52405
52241
52727
51855
52094
53313
52159
52354
52027
53056
51870
53760
53372
51961
52544
52371
53088
51877
52639
52268
53337
53542
52685
51992
52026
51955
52348
52243
52683
52160
52675
52849
53833
52524
52288
52333
53507
52966
53259
51983
52047
51974
52142
52138
52308
52723
52211
53467
52013
52209
53043
53573
53430
53358
52147
53174
52587
52037
52184
52124
52237
52304
52410
52278
52093
52168
52223
52471
53002
53468
53726
53289
51975
53858
53442
53351
52120
52459
51969
52264
52391
52532
52076
53168
52325
52638
52473
53710
52240
52057
52324
53685
52481
52103
52005
52166
52647
52688
53412
52255
52056
52530
52298
53676
52983
52143
52312
52242
52327
53318
52988
52098
52461
53288
52472
52881
52102
52599
53080
52920
52185
52477
52056
52380
52869
52363
52716
52072
52446
53028
52509
52071
53074
52503
53434
53113
53274
53674
52689
52458
52776
52411
52090
52613
53763
52535
52095
53605
52961
53246
52229
53631
52128
52720
53139
52413
52381
53197
52510
52275
53879
53580
53609
53891
52403
52404
52898
53157
52768
52228
52381
52332
53252
53257
52203
52560
53405
52268
52245
52517
53183
53506
52172
52389
53287
53712
52342
53148
53684
52180
52369
52305
52311
52230
53601
52907
52743
53863
52478
52394
53363
53249
52317
52511
52588
53612
52433
52502
52620
53334
52284
53629
52336
53428
52331
52232
53685
53698
52329
53564
52219
53895
53871
52347
53065
53396
52655
53102
53646
53500
52668
52484
52952
52769
53902
52302
52512
53430
52983
53197
52464
53204
52880
52462
53502
52358
53006
52741
53656
53050
52270
53260
52273
52720
53602
53577
53511
52641
53063
52413
52579
52964
52756
53578
52352
53150
52730
53115
52337
53231
52316
52631
52647
52454
53025
52669
53835
53746
52723
53018
53893
52760
52769
52677
52693
52586
53377
53749
52423
52362
53319
52818
52715
52520
53900
52368
52369
52984
52970
52603
53795
52374
52918
52428
53224
53134
52396
53759
52740
52938
52761
52404
52576
52898
52589
52806
53379
53411
53086
52666
53106
52912
52598
52722
52653
52827
52582
52516
53292
53648
53376
52448
52581
52710
52444
52810
52671
53406
52682
52626
53253
52646
52569
52578
52657
52913
53312
52717
53212
52597
52588
53081
53435
53820
52627
52764
53048
52654
52528
53060
53406
52725
52924
53370
52999
52702
52524
52703
52922
52883
53301
53733
52547
52937
52544
52846
52541
53659
52917
52995
53762
53827
52834
52695
52994
52778
52839
52753
53567
52566
52591
53811
52621
52677
53061
52944
52788
52784
52811
52783
52789
52735
53915
52605
52595
52828
53638
52750
53063
53402
53821
53018
53404
53067
52880
52967
53766
52954
53120
52615
53732
53829
52623
52625
52624
53654
52959
52729
52930
52960
52642
53273
52699
52724
52755
52668
53608
52955
52663
53110
53907
53503
53367
53696
53573
53087
52708
53652
52939
52920
53148
53241
52696
53297
53728
53028
52736
53458
53033
52732
53160
53070
52762
52728
52902
53008
52845
53657
52787
52869
53159
53017
53251
52871
53487
53792
52991
52853
52771
52952
53873
52926
52775
52782
53140
53076
53012
53566
53072
52951
52858
53093
53285
53164
53167
52907
53022
53143
52865
52829
52931
53109
53274
53413
52812
53605
53177
53664
53071
53380
53690
52823
52822
53592
53717
52860
52833
53328
52848
53521
53675
52843
53153
53098
53131
53443
53046
53592
53144
52980
53113
52868
53109
52886
53099
52878
52989
52879
53130
53053
53409
53473
52932
53239
53411
53914
52897
53534
53232
53635
53629
53383
53194
53217
53242
53055
53150
53509
53192
53461
53132
53771
53094
53597
53127
53532
53878
53030
53121
53264
53382
53888
52950
52957
53007
53472
53683
53364
52963
53226
53491
52970
53190
53691
53161
53362
53854
53726
53253
52988
53117
53660
53499
53099
53010
53819
53866
53149
53552
53201
53506
53286
53306
53748
53150
53320
53433
53311
53013
53171
53272
53016
53584
53040
53710
53296
53142
53831
53134
53636
53027
53342
53104
53371
53613
53037
53057
53586
53115
53563
53565
53338
53230
53207
53068
53221
53115
53628
53511
53137
53324
53874
53339
53429
53074
53432
53386
53160
53390
53191
53250
53295
53244
53510
53702
53405
53169
53689
53263
53231
53172
53315
53377
53245
53516
53189
53923
53248
53861
53308
53364
53320
53250
53776
53214
53237
53857
53836
53223
53440
53605
53779
53442
53653
53350
53247
53178
53270
53480
53222
53423
53800
53238
53446
53420
53208
53459
53234
53346
53668
53608
53494
53277
53431
53394
53727
53486
53697
53310
53227
53229
53772
53673
53302
53862
53256
53352
53428
53289
53567
53305
53438
53744
53472
53486
53269
53273
53323
53401
53298
53284
53321
53466
53425
53399
53546
53692
53701
53762
53684
53457
53531
53645
53474
53693
53744
53393
53876
53428
53424
53573
53448
53453
53693
53376
53328
53574
53451
53336
53840
53342
53341
53881
53426
53401
53644
53483
53831
53355
53382
53604
53847
53537
53714
53758
53812
53661
53587
53412
53414
53495
53646
53659
53456
53786
53469
53706
53525
53583
53753
53642
53567
53783
53596
53519
53444
53880
53638
53434
53474
53628
53470
53643
53862
53520
53731
53475
53675
53830
53568
53688
53481
53485
53791
53814
53789
53480
53514
53490
53499
53528
53505
53651
53841
53647
53532
53527
53536
53611
53540
53544
53545
53724
53679
53774
53555
53591
53665
53647
53900
53856
53790
53690
53680
53634
53601
53828
53622
53693
53585
53789
53625
53769
53856
53594
53913
53729
53654
53821
53694
53627
53751
53691
53805
53739
53717
53719
53716
53824
53680
53660
53865
53897
53765
53641
53704
53909
53872
53689
53864
53733
53702
53770
53672
53900
53791
53881
53814
53903
53687
53682
53814
53816
53781
53908
53804
53700
53796
53823
53737
53817
53754
53721
53731
53740
53774
53826
53809
53877
53743
53903
53802
53784
53797
53795
53756
53768
53898
53764
53761
53775
53773
53816
53842
53852
53869
53862
53909
53794
53799
53867
53865
53875
53811
53828
53885
53901
53832
53878
53895
53892
53855
53886
53905
53844
53884
53916
53871
53853
53896
53911
53903
53917
53870
53920
53905
53912
53899
53906
53888
53890
53897
53895
53907
53918
53921
53919
53914
53923
)


// ************************************************************************* //
