# Force and moment coefficients
# dragDir       : (1.00000000e+00 0.00000000e+00 0.00000000e+00)
# sideDir       : (0.00000000e+00 0.00000000e+00 -1.00000000e+00)
# liftDir       : (0.00000000e+00 1.00000000e+00 0.00000000e+00)
# rollAxis      : (1.00000000e+00 0.00000000e+00 0.00000000e+00)
# pitchAxis     : (0.00000000e+00 0.00000000e+00 -1.00000000e+00)
# yawAxis       : (0.00000000e+00 1.00000000e+00 0.00000000e+00)
# magUInf       : 1.00000000e-04
# lRef          : 1.00000000e+00
# Aref          : 1.00000000e+00
# CofR          : (0.00000000e+00 0.00000000e+00 0.00000000e+00)
#
# Time          	Cd              	Cd(f)           	Cd(r)           	Cl              	Cl(f)           	Cl(r)           	CmPitch         	CmRoll          	CmYaw           	Cs              	Cs(f)           	Cs(r)           
1000            	2.91129275e+01	1.42847068e+01	1.48282207e+01	5.43513916e+00	-2.18897499e+01	2.73248890e+01	-2.46073195e+01	-2.71756958e-01	1.45564638e+00	1.17574340e-17	1.45564638e+00	-1.45564638e+00
2000            	2.71808899e+01	1.34524793e+01	1.37284105e+01	2.75931226e+00	-1.74479055e+01	2.02072177e+01	-1.88275616e+01	-1.37965613e-01	1.35904449e+00	1.29520016e-17	1.35904449e+00	-1.35904449e+00
3000            	2.19643388e+01	1.09815128e+01	1.09828259e+01	1.31307862e-02	-2.01444895e+00	2.02757973e+00	-2.02101434e+00	-6.56539312e-04	1.09821694e+00	9.11706263e-18	1.09821694e+00	-1.09821694e+00
4000            	2.00247293e+01	1.00047497e+01	1.00199796e+01	1.52298757e-01	-2.58299087e+00	2.73528963e+00	-2.65914025e+00	-7.61493784e-03	1.00123646e+00	8.73813044e-18	1.00123646e+00	-1.00123646e+00
5000            	1.88740576e+01	9.41930294e+00	9.45475462e+00	3.54516776e-01	-4.01988644e+00	4.37440321e+00	-4.19714483e+00	-1.77258388e-02	9.43702878e-01	8.10382855e-18	9.43702878e-01	-9.43702878e-01
6000            	1.84211009e+01	9.20614677e+00	9.21495417e+00	8.80740081e-02	-2.18642452e+00	2.27449852e+00	-2.23046152e+00	-4.40370041e-03	9.21055047e-01	7.33666842e-18	9.21055047e-01	-9.21055047e-01
7000            	1.77577468e+01	8.86930548e+00	8.88844129e+00	1.91358174e-01	-3.88347725e+00	4.07483543e+00	-3.97915634e+00	-9.56790869e-03	8.87887338e-01	6.40235414e-18	8.87887338e-01	-8.87887338e-01
8000            	1.63819510e+01	8.19997940e+00	8.18197161e+00	-1.80077873e-01	-4.54540902e+00	4.36533114e+00	-4.45537008e+00	9.00389363e-03	8.19097551e-01	5.30435574e-18	8.19097551e-01	-8.19097551e-01
9000            	1.54423563e+01	7.75144651e+00	7.69090977e+00	-6.05367470e-01	-6.15372383e+00	5.54835636e+00	-5.85104009e+00	3.02683735e-02	7.72117814e-01	4.14034895e-18	7.72117814e-01	-7.72117814e-01
10000           	1.81364673e+01	9.10326224e+00	9.03320503e+00	-7.00572073e-01	-1.00174860e+01	9.31691393e+00	-9.66719997e+00	3.50286036e-02	9.06823364e-01	9.70631395e-19	9.06823364e-01	-9.06823364e-01
11000           	2.08959977e+01	1.04472710e+01	1.04487267e+01	1.45565387e-02	-1.87378406e+01	1.87523971e+01	-1.87451188e+01	-7.27826937e-04	1.04479988e+00	1.14052754e-18	1.04479988e+00	-1.04479988e+00
12000           	1.95612084e+01	9.78661706e+00	9.77459130e+00	-1.20257522e-01	-2.04055293e+01	2.02852717e+01	-2.03454005e+01	6.01287609e-03	9.78060418e-01	7.22974761e-18	9.78060418e-01	-9.78060418e-01
13000           	2.32666964e+01	1.16512139e+01	1.16154825e+01	-3.57314595e-01	-2.63548026e+01	2.59974880e+01	-2.61761453e+01	1.78657298e-02	1.16333482e+00	1.17669706e-17	1.16333482e+00	-1.16333482e+00
14000           	2.07362253e+01	1.03892488e+01	1.03469765e+01	-4.22722804e-01	-3.54370193e+01	3.50142965e+01	-3.52256579e+01	2.11361402e-02	1.03681126e+00	9.11636890e-18	1.03681126e+00	-1.03681126e+00
15000           	1.96119196e+01	9.81062998e+00	9.80128960e+00	-9.34038851e-02	-3.82197185e+01	3.81263146e+01	-3.81730166e+01	4.67019425e-03	9.80595979e-01	8.05223265e-18	9.80595979e-01	-9.80595979e-01
16000           	2.09440929e+01	1.04831531e+01	1.04609398e+01	-2.22133129e-01	-3.76000245e+01	3.73778913e+01	-3.74889579e+01	1.11066565e-02	1.04720465e+00	5.63704402e-18	1.04720465e+00	-1.04720465e+00
17000           	1.85618953e+01	9.35616918e+00	9.20572615e+00	-1.50443034e+00	-2.73361654e+01	2.58317351e+01	-2.65839502e+01	7.52215171e-02	9.28094767e-01	7.83101307e-18	9.28094767e-01	-9.28094767e-01
18000           	2.10128366e+01	1.05004156e+01	1.05124209e+01	1.20053023e-01	-3.48267140e+01	3.49467670e+01	-3.48867405e+01	-6.00265117e-03	1.05064183e+00	1.08141500e-17	1.05064183e+00	-1.05064183e+00
19000           	2.28160444e+01	1.14584092e+01	1.13576352e+01	-1.00773946e+00	-2.36787730e+01	2.26710335e+01	-2.31749032e+01	5.03869731e-02	1.14080222e+00	1.05481437e-17	1.14080222e+00	-1.14080222e+00
20000           	1.91282408e+01	9.64997857e+00	9.47826219e+00	-1.71716374e+00	-1.16366288e+01	9.91946510e+00	-1.07780470e+01	8.58581871e-02	9.56412038e-01	8.26091020e-18	9.56412038e-01	-9.56412038e-01
21000           	2.35052197e+01	1.18242407e+01	1.16809790e+01	-1.43261674e+00	-4.26601768e+00	2.83340094e+00	-3.54970931e+00	7.16308369e-02	1.17526098e+00	5.75099356e-18	1.17526098e+00	-1.17526098e+00
22000           	1.99639146e+01	1.01387739e+01	9.82514074e+00	-3.13633139e+00	2.22156140e+01	-2.53519454e+01	2.37837797e+01	1.56816570e-01	9.98195731e-01	9.45799255e-18	9.98195731e-01	-9.98195731e-01
23000           	2.14729234e+01	1.09716461e+01	1.05012773e+01	-4.70368802e+00	4.26734846e+01	-4.73771726e+01	4.50253286e+01	2.35184401e-01	1.07364617e+00	1.31954692e-17	1.07364617e+00	-1.07364617e+00
24000           	2.28965028e+01	1.17361896e+01	1.11603132e+01	-5.75876423e+00	7.90506396e+01	-8.48094039e+01	8.19300218e+01	2.87938211e-01	1.14482514e+00	1.26233146e-17	1.14482514e+00	-1.14482514e+00
25000           	1.84463924e+01	9.70779921e+00	8.73859316e+00	-9.69206047e+00	1.45640753e+02	-1.55332814e+02	1.50486784e+02	4.84603023e-01	9.22319619e-01	9.57434361e-18	9.22319619e-01	-9.22319619e-01
26000           	2.34882733e+01	1.22145538e+01	1.12737196e+01	-9.40834223e+00	1.59977844e+02	-1.69386187e+02	1.64682015e+02	4.70417112e-01	1.17441367e+00	5.50441065e-18	1.17441367e+00	-1.17441367e+00
27000           	2.11995667e+01	1.09319313e+01	1.02676354e+01	-6.64295936e+00	1.16969408e+02	-1.23612367e+02	1.20290888e+02	3.32147968e-01	1.05997833e+00	7.77293210e-18	1.05997833e+00	-1.05997833e+00
28000           	2.11858570e+01	1.07287389e+01	1.04571181e+01	-2.71620811e+00	5.00255690e+01	-5.27417772e+01	5.13836731e+01	1.35810406e-01	1.05929285e+00	1.27099942e-17	1.05929285e+00	-1.05929285e+00
29000           	2.37167453e+01	1.18130694e+01	1.19036759e+01	9.06064928e-01	-1.28970907e+00	2.19577400e+00	-1.74274154e+00	-4.53032464e-02	1.18583726e+00	1.22706275e-17	1.18583726e+00	-1.18583726e+00
30000           	1.87123727e+01	9.22812737e+00	9.48424533e+00	2.56117962e+00	-2.81206885e+01	3.06818681e+01	-2.94012783e+01	-1.28058981e-01	9.35618635e-01	9.49603318e-18	9.35618635e-01	-9.35618635e-01
31000           	2.31177805e+01	1.14033121e+01	1.17144684e+01	3.11156312e+00	-4.07276772e+01	4.38392404e+01	-4.22834588e+01	-1.55578156e-01	1.15588903e+00	5.40126639e-18	1.15588903e+00	-1.15588903e+00
32000           	2.16937774e+01	1.06734700e+01	1.10203074e+01	3.46837384e+00	-5.49132170e+01	5.83815909e+01	-5.66474039e+01	-1.73418692e-01	1.08468887e+00	7.06154189e-18	1.08468887e+00	-1.08468887e+00
33000           	2.05715931e+01	1.00789133e+01	1.04926799e+01	4.13766578e+00	-6.90804676e+01	7.32181334e+01	-7.11493005e+01	-2.06883289e-01	1.02857966e+00	1.23088370e-17	1.02857966e+00	-1.02857966e+00
34000           	2.41852320e+01	1.19717524e+01	1.22134796e+01	2.41727182e+00	-4.06732838e+01	4.30905557e+01	-4.18819198e+01	-1.20863591e-01	1.20926160e+00	1.29371017e-17	1.20926160e+00	-1.20926160e+00
35000           	1.90977097e+01	9.53394585e+00	9.56376389e+00	2.98180393e-01	-9.89493121e+00	1.01931116e+01	-1.00440214e+01	-1.49090197e-02	9.54885487e-01	9.51700792e-18	9.54885487e-01	-9.54885487e-01
36000           	2.26737819e+01	1.12722712e+01	1.14015107e+01	1.29239557e+00	-6.90325302e+00	8.19564859e+00	-7.54945080e+00	-6.46197784e-02	1.13368910e+00	6.01371330e-18	1.13368910e+00	-1.13368910e+00
37000           	2.25049505e+01	1.12237267e+01	1.12812238e+01	5.74970428e-01	-6.11174398e+00	6.68671441e+00	-6.39922920e+00	-2.87485214e-02	1.12524752e+00	6.74993085e-18	1.12524752e+00	-1.12524752e+00
38000           	1.96844731e+01	9.82118490e+00	9.86328823e+00	4.21033285e-01	-1.03827775e+01	1.08038108e+01	-1.05932941e+01	-2.10516642e-02	9.84223656e-01	1.21570404e-17	9.84223656e-01	-9.84223656e-01
39000           	2.41920733e+01	1.21598921e+01	1.20321812e+01	-1.27710924e+00	4.95891074e+00	-6.23601998e+00	5.59746536e+00	6.38554620e-02	1.20960367e+00	1.32648672e-17	1.20960367e+00	-1.20960367e+00
40000           	1.98309619e+01	9.97492655e+00	9.85603532e+00	-1.18891231e+00	1.25400187e+01	-1.37289311e+01	1.31344749e+01	5.94456154e-02	9.91548094e-01	9.57903231e-18	9.91548094e-01	-9.91548094e-01
41000           	2.18829665e+01	1.09535852e+01	1.09293814e+01	-2.42038190e-01	1.33409554e+01	-1.35829936e+01	1.34619745e+01	1.21019095e-02	1.09414833e+00	6.76106616e-18	1.09414833e+00	-1.09414833e+00
42000           	2.31177286e+01	1.15686411e+01	1.15490875e+01	-1.95535449e-01	3.09769311e+00	-3.29322856e+00	3.19546083e+00	9.77677243e-03	1.15588643e+00	6.37325727e-18	1.15588643e+00	-1.15588643e+00
43000           	1.91619422e+01	9.53047949e+00	9.63146270e+00	1.00983214e+00	-1.28428876e+01	1.38527197e+01	-1.33478037e+01	-5.04916068e-02	9.58097110e-01	1.22358802e-17	9.58097110e-01	-9.58097110e-01
44000           	2.41444587e+01	1.20817865e+01	1.20626722e+01	-1.91142334e-01	-2.42928831e+00	2.23814598e+00	-2.33371715e+00	9.55711669e-03	1.20722294e+00	1.33156642e-17	1.20722294e+00	-1.20722294e+00
45000           	2.06088222e+01	1.03463979e+01	1.02624243e+01	-8.39736339e-01	9.37439897e+00	-1.02141353e+01	9.79426713e+00	4.19868169e-02	1.03044111e+00	9.77794699e-18	1.03044111e+00	-1.03044111e+00
46000           	2.09954675e+01	1.04577423e+01	1.05377252e+01	7.99829292e-01	5.90978042e+00	-5.10995113e+00	5.50986577e+00	-3.99914646e-02	1.04977338e+00	7.66549263e-18	1.04977338e+00	-1.04977338e+00
47000           	2.36282662e+01	1.18098815e+01	1.18183847e+01	8.50314969e-02	7.39733473e-01	-6.54701976e-01	6.97217724e-01	-4.25157485e-03	1.18141331e+00	6.14070182e-18	1.18141331e+00	-1.18141331e+00
48000           	1.89543192e+01	9.41495061e+00	9.53936857e+00	1.24417958e+00	-1.46235232e+01	1.58677028e+01	-1.52456130e+01	-6.22089790e-02	9.47715959e-01	1.16395227e-17	9.47715959e-01	-9.47715959e-01
49000           	2.38444451e+01	1.19197637e+01	1.19246814e+01	4.91768906e-02	-7.88788848e+00	7.93706537e+00	-7.91247692e+00	-2.45884453e-03	1.19222226e+00	1.30921992e-17	1.19222226e+00	-1.19222226e+00
50000           	2.14636271e+01	1.07183023e+01	1.07453247e+01	2.70224352e-01	6.38415710e-01	-3.68191358e-01	5.03303534e-01	-1.35112176e-02	1.07318135e+00	1.03167836e-17	1.07318135e+00	-1.07318135e+00
51000           	2.00709883e+01	1.01245772e+01	9.94641116e+00	-1.78166023e+00	1.81840924e+01	-1.99657526e+01	1.90749225e+01	8.90830113e-02	1.00354942e+00	8.21257959e-18	1.00354942e+00	-1.00354942e+00
52000           	2.39122247e+01	1.19437787e+01	1.19684461e+01	2.46674457e-01	-5.95420760e-01	8.42095217e-01	-7.18757988e-01	-1.23337229e-02	1.19561124e+00	5.88323746e-18	1.19561124e+00	-1.19561124e+00
53000           	1.91581337e+01	9.57497579e+00	9.58315794e+00	8.18214875e-02	-6.17154761e+00	6.25336909e+00	-6.21245835e+00	-4.09107438e-03	9.57906686e-01	1.06052246e-17	9.57906686e-01	-9.57906686e-01
54000           	2.32892040e+01	1.16967219e+01	1.15924821e+01	-1.04239852e+00	-2.45857408e+00	1.41617556e+00	-1.93737482e+00	5.21199259e-02	1.16446020e+00	1.28290354e-17	1.16446020e+00	-1.16446020e+00
55000           	2.22858750e+01	1.11649915e+01	1.11208834e+01	-4.41081158e-01	2.16138074e+00	-2.60246190e+00	2.38192132e+00	2.20540579e-02	1.11429375e+00	1.07930751e-17	1.11429375e+00	-1.11429375e+00
56000           	1.93289161e+01	9.77408028e+00	9.55483581e+00	-2.19244465e+00	2.18029028e+01	-2.39953474e+01	2.28991251e+01	1.09622232e-01	9.66445805e-01	9.19049274e-18	9.66445805e-01	-9.66445805e-01
57000           	2.39826008e+01	1.19964019e+01	1.19861988e+01	-1.02030870e-01	2.64608316e+00	-2.74811403e+00	2.69709859e+00	5.10154349e-03	1.19913004e+00	5.59258369e-18	1.19913004e+00	-1.19913004e+00
58000           	1.96715309e+01	9.85246439e+00	9.81906652e+00	-3.33978632e-01	-1.13888021e+00	8.04901582e-01	-9.71890898e-01	1.66989316e-02	9.83576546e-01	9.61581972e-18	9.83576546e-01	-9.83576546e-01
59000           	2.26976278e+01	1.13664562e+01	1.13311716e+01	-3.52845398e-01	-6.92410372e+00	6.57125832e+00	-6.74768102e+00	1.76422699e-02	1.13488139e+00	1.28529194e-17	1.13488139e+00	-1.13488139e+00
60000           	2.30081909e+01	1.15269148e+01	1.14812762e+01	-4.56386083e-01	1.79045364e+00	-2.24683973e+00	2.01864668e+00	2.28193041e-02	1.15040955e+00	1.15376083e-17	1.15040955e+00	-1.15040955e+00
61000           	1.88032585e+01	9.46327270e+00	9.33998585e+00	-1.23286847e+00	1.35949930e+01	-1.48278615e+01	1.42114272e+01	6.16434233e-02	9.40162927e-01	1.00162556e-17	9.40162927e-01	-9.40162927e-01
62000           	2.39036097e+01	1.19420797e+01	1.19615300e+01	1.94503352e-01	2.01499459e+00	-1.82049124e+00	1.91774292e+00	-9.72516761e-03	1.19518049e+00	5.54785645e-18	1.19518049e+00	-1.19518049e+00
63000           	2.04209272e+01	1.02135244e+01	1.02074028e+01	-6.12157938e-02	-3.19931141e+00	3.13809561e+00	-3.16870351e+00	3.06078969e-03	1.02104636e+00	8.42375901e-18	1.02104636e+00	-1.02104636e+00
64000           	2.18223046e+01	1.09465101e+01	1.08757945e+01	-7.07156557e-01	-5.98606105e+00	5.27890449e+00	-5.63248277e+00	3.53578278e-02	1.09111523e+00	1.27491017e-17	1.09111523e+00	-1.09111523e+00
65000           	2.35801592e+01	1.18232188e+01	1.17569405e+01	-6.62782613e-01	1.97220499e+00	-2.63498760e+00	2.30359629e+00	3.31391306e-02	1.17900796e+00	1.22125666e-17	1.17900796e+00	-1.17900796e+00
66000           	1.85793344e+01	9.37130592e+00	9.20802850e+00	-1.63277424e+00	1.63825765e+01	-1.80153507e+01	1.71989636e+01	8.16387118e-02	9.28966721e-01	9.98267003e-18	9.28966721e-01	-9.28966721e-01
67000           	2.35297247e+01	1.17766684e+01	1.17530563e+01	-2.36121458e-01	6.00046131e+00	-6.23658276e+00	6.11852204e+00	1.18060729e-02	1.17648624e+00	5.56789072e-18	1.17648624e+00	-1.17648624e+00
68000           	2.12183524e+01	1.06165122e+01	1.06018402e+01	-1.46720567e-01	-6.91805147e-01	5.45084580e-01	-6.18444864e-01	7.33602835e-03	1.06091762e+00	7.56133084e-18	1.06091762e+00	-1.06091762e+00
69000           	2.08986876e+01	1.04427638e+01	1.04559239e+01	1.31600839e-01	-1.04944162e+01	1.06260170e+01	-1.05602166e+01	-6.58004193e-03	1.04493438e+00	1.26357879e-17	1.04493438e+00	-1.04493438e+00
70000           	2.39359756e+01	1.20041332e+01	1.19318424e+01	-7.22908816e-01	1.20852711e+00	-1.93143593e+00	1.56998152e+00	3.61454408e-02	1.19679878e+00	1.27590434e-17	1.19679878e+00	-1.19679878e+00
71000           	1.88038710e+01	9.42764872e+00	9.37622224e+00	-5.14264797e-01	6.85100684e+00	-7.36527164e+00	7.10813924e+00	2.57132399e-02	9.40193548e-01	9.69587571e-18	9.40193548e-01	-9.40193548e-01
72000           	2.29869044e+01	1.14941537e+01	1.14927507e+01	-1.40304881e-02	6.32972822e+00	-6.34375871e+00	6.33674346e+00	7.01524407e-04	1.14934522e+00	5.93718616e-18	1.14934522e+00	-1.14934522e+00
73000           	2.20842599e+01	1.10250565e+01	1.10592034e+01	3.41468749e-01	-4.13862732e+00	4.48009607e+00	-4.30936170e+00	-1.70734374e-02	1.10421300e+00	6.94138211e-18	1.10421300e+00	-1.10421300e+00
74000           	2.01058677e+01	1.00505794e+01	1.00552884e+01	4.70903486e-02	-9.06430951e+00	9.11139986e+00	-9.08785469e+00	-2.35451743e-03	1.00529339e+00	1.22710785e-17	1.00529339e+00	-1.00529339e+00
75000           	2.42136308e+01	1.21014096e+01	1.21122212e+01	1.08116275e-01	-4.00832989e+00	4.11644617e+00	-4.06238803e+00	-5.40581375e-03	1.21068154e+00	1.32688730e-17	1.21068154e+00	-1.21068154e+00
76000           	1.93323428e+01	9.68942393e+00	9.64291891e+00	-4.65050241e-01	7.53851877e+00	-8.00356901e+00	7.77104389e+00	2.32525121e-02	9.66617142e-01	9.51470522e-18	9.66617142e-01	-9.66617142e-01
77000           	2.22280827e+01	1.10742679e+01	1.11538148e+01	7.95468956e-01	3.44798568e+00	-2.65251672e+00	3.05025120e+00	-3.97734478e-02	1.11140413e+00	6.40015592e-18	1.11140413e+00	-1.11140413e+00
78000           	2.28068386e+01	1.13877194e+01	1.14191192e+01	3.13997686e-01	-2.66252515e+00	2.97652283e+00	-2.81952399e+00	-1.56998843e-02	1.14034193e+00	6.53831969e-18	1.14034193e+00	-1.14034193e+00
79000           	1.93105707e+01	9.61502641e+00	9.69554431e+00	8.05179001e-01	-1.43283664e+01	1.51335455e+01	-1.47309560e+01	-4.02589500e-02	9.65528536e-01	1.21707836e-17	9.65528536e-01	-9.65528536e-01
80000           	2.42356797e+01	1.21290360e+01	1.21066437e+01	-2.23923780e-01	-3.37499386e+00	3.15107008e+00	-3.26303197e+00	1.11961890e-02	1.21178399e+00	1.34047676e-17	1.21178399e+00	-1.21178399e+00
81000           	2.02116296e+01	1.01272654e+01	1.00843643e+01	-4.29011230e-01	4.81857623e+00	-5.24758746e+00	5.03308185e+00	2.14505615e-02	1.01058148e+00	9.70452776e-18	1.01058148e+00	-1.01058148e+00
82000           	2.12854634e+01	1.06044493e+01	1.06810141e+01	7.65647939e-01	4.16431514e+00	-3.39866720e+00	3.78149117e+00	-3.82823970e-02	1.06427317e+00	7.32080014e-18	1.06427317e+00	-1.06427317e+00
83000           	2.34005137e+01	1.16870273e+01	1.17134864e+01	2.64591087e-01	-1.51670014e+00	1.78129122e+00	-1.64899568e+00	-1.32295544e-02	1.17002568e+00	6.24727794e-18	1.17002568e+00	-1.17002568e+00
84000           	1.89304452e+01	9.40558770e+00	9.52485746e+00	1.19269764e+00	-1.55076520e+01	1.67003497e+01	-1.61040009e+01	-5.96348822e-02	9.46522258e-01	1.19530606e-17	9.46522258e-01	-9.46522258e-01
85000           	2.39752883e+01	1.20009752e+01	1.19743132e+01	-2.66619616e-01	-4.09556595e+00	3.82894633e+00	-3.96225614e+00	1.33309808e-02	1.19876442e+00	1.31569066e-17	1.19876442e+00	-1.19876442e+00
86000           	2.11994383e+01	1.06189225e+01	1.05805159e+01	-3.84066236e-01	4.22874214e+00	-4.61280838e+00	4.42077526e+00	1.92033118e-02	1.05997192e+00	1.01777637e-17	1.05997192e+00	-1.05997192e+00
87000           	2.05269212e+01	1.03206454e+01	1.02062759e+01	-1.14369463e+00	1.35789471e+01	-1.47226417e+01	1.41507944e+01	5.71847315e-02	1.02634606e+00	7.97002685e-18	1.02634606e+00	-1.02634606e+00
88000           	2.37940013e+01	1.18975386e+01	1.18964627e+01	-1.07586491e-02	8.68623495e-01	-8.79382144e-01	8.74002820e-01	5.37932457e-04	1.18970006e+00	5.90966184e-18	1.18970006e+00	-1.18970006e+00
89000           	1.89948975e+01	9.44011664e+00	9.55478091e+00	1.14664273e+00	-1.32647732e+01	1.44114160e+01	-1.38380946e+01	-5.73321366e-02	9.49744877e-01	1.12002029e-17	9.49744877e-01	-9.49744877e-01
90000           	2.35134553e+01	1.17791917e+01	1.17342637e+01	-4.49279849e-01	-4.73410741e+00	4.28482756e+00	-4.50946749e+00	2.24639925e-02	1.17567277e+00	1.30382429e-17	1.17567277e+00	-1.17567277e+00
91000           	2.20001349e+01	1.10236487e+01	1.09764861e+01	-4.71626189e-01	2.85510025e+00	-3.32672644e+00	3.09091334e+00	2.35813095e-02	1.10000674e+00	1.06632913e-17	1.10000674e+00	-1.10000674e+00
92000           	1.96048956e+01	9.90866809e+00	9.69622753e+00	-2.12440554e+00	2.14127917e+01	-2.35371972e+01	2.24749944e+01	1.06220277e-01	9.80244781e-01	8.70286695e-18	9.80244781e-01	-9.80244781e-01
93000           	2.40065910e+01	1.20053637e+01	1.20012274e+01	-4.13628684e-02	2.18927503e+00	-2.23063790e+00	2.20995646e+00	2.06814342e-03	1.20032955e+00	5.73320197e-18	1.20032955e+00	-1.20032955e+00
94000           	1.93996928e+01	9.66398183e+00	9.73571097e+00	7.17291399e-01	-9.36485907e+00	1.00821505e+01	-9.72350477e+00	-3.58645699e-02	9.69984640e-01	9.96873186e-18	9.69984640e-01	-9.69984640e-01
95000           	2.28748215e+01	1.14932344e+01	1.13815870e+01	-1.11647412e+00	-2.62453717e+00	1.50806305e+00	-2.06630011e+00	5.58237061e-02	1.14374107e+00	1.27641849e-17	1.14374107e+00	-1.14374107e+00
96000           	2.27625680e+01	1.14010958e+01	1.13614722e+01	-3.96236534e-01	1.07375535e+00	-1.46999189e+00	1.27187362e+00	1.98118267e-02	1.13812840e+00	1.12441872e-17	1.13812840e+00	-1.13812840e+00
97000           	1.88747885e+01	9.37699149e+00	9.49779697e+00	1.20805475e+00	8.85080944e-01	3.22973810e-01	2.81053567e-01	-6.04027377e-02	9.43739423e-01	1.00124842e-17	9.43739423e-01	-9.43739423e-01
98000           	2.39586300e+01	1.19976222e+01	1.19610078e+01	-3.66143886e-01	5.80572631e+00	-6.17187019e+00	5.98879825e+00	1.83071943e-02	1.19793150e+00	5.49216475e-18	1.19793150e+00	-1.19793150e+00
99000           	2.00759495e+01	1.00288647e+01	1.00470847e+01	1.82199949e-01	-4.39477103e+00	4.57697098e+00	-4.48587101e+00	-9.10999746e-03	1.00379747e+00	8.84509961e-18	1.00379747e+00	-1.00379747e+00
100000          	2.21193098e+01	1.10790754e+01	1.10402343e+01	-3.88411259e-01	-7.71329394e+00	7.32488268e+00	-7.51908831e+00	1.94205629e-02	1.10596549e+00	1.27473915e-17	1.10596549e+00	-1.10596549e+00
101000          	2.33717654e+01	1.16677163e+01	1.17040491e+01	3.63327923e-01	-3.30212572e+00	3.66545364e+00	-3.48378968e+00	-1.81663962e-02	1.16858827e+00	1.19879870e-17	1.16858827e+00	-1.16858827e+00
102000          	1.86169975e+01	9.39661685e+00	9.22038068e+00	-1.76236166e+00	1.74469902e+01	-1.92093519e+01	1.83281711e+01	8.81180832e-02	9.30849877e-01	1.00302917e-17	9.30849877e-01	-9.30849877e-01
103000          	2.37200664e+01	1.18637465e+01	1.18563200e+01	-7.42646718e-02	4.28339263e+00	-4.35765730e+00	4.32052496e+00	3.71323359e-03	1.18600332e+00	5.50849916e-18	1.18600332e+00	-1.18600332e+00
104000          	2.09406564e+01	1.04586003e+01	1.04820561e+01	2.34558917e-01	-4.42124013e+00	4.65579905e+00	-4.53851959e+00	-1.17279459e-02	1.04703282e+00	7.91685273e-18	1.04703282e+00	-1.04703282e+00
105000          	2.12248574e+01	1.06738679e+01	1.05509895e+01	-1.22878467e+00	-3.06688715e+00	1.83810247e+00	-2.45249481e+00	6.14392336e-02	1.06124287e+00	1.25723785e-17	1.06124287e+00	-1.06124287e+00
106000          	2.38793079e+01	1.19622185e+01	1.19170894e+01	-4.51291460e-01	-2.29429875e-01	-2.21861585e-01	-3.78414481e-03	2.25645730e-02	1.19396540e+00	1.25525085e-17	1.19396540e+00	-1.19396540e+00
107000          	1.86227246e+01	9.37994531e+00	9.24277927e+00	-1.37166040e+00	1.27849178e+01	-1.41565782e+01	1.34707480e+01	6.85830199e-02	9.31136229e-01	9.74008105e-18	9.31136229e-01	-9.31136229e-01
108000          	2.31688164e+01	1.15416802e+01	1.16271362e+01	8.54559213e-01	1.10495747e+00	-2.50398258e-01	6.77677864e-01	-4.27279606e-02	1.15844082e+00	5.84590754e-18	1.15844082e+00	-1.15844082e+00
109000          	2.17623623e+01	1.08779663e+01	1.08843960e+01	6.42976132e-02	-2.19473066e+00	2.25902827e+00	-2.22687947e+00	-3.21488066e-03	1.08811812e+00	7.16243417e-18	1.08811812e+00	-1.08811812e+00
110000          	2.03474432e+01	1.01473631e+01	1.02000802e+01	5.27170903e-01	-1.34812265e+01	1.40083974e+01	-1.37448119e+01	-2.63585451e-02	1.01737216e+00	1.22847953e-17	1.01737216e+00	-1.01737216e+00
111000          	2.40831018e+01	1.20733962e+01	1.20097056e+01	-6.36905799e-01	7.38364506e-01	-1.37527030e+00	1.05681741e+00	3.18452899e-02	1.20415509e+00	1.30708202e-17	1.20415509e+00	-1.20415509e+00
112000          	1.91081708e+01	9.52252159e+00	9.58564923e+00	6.31276407e-01	8.13648793e-01	-1.82372386e-01	4.98010589e-01	-3.15638203e-02	9.55408541e-01	9.64268846e-18	9.55408541e-01	-9.55408541e-01
113000          	2.24899312e+01	1.12198960e+01	1.12700352e+01	5.01392003e-01	4.81172272e+00	-4.31033071e+00	4.56102671e+00	-2.50696002e-02	1.12449656e+00	6.20644702e-18	1.12449656e+00	-1.12449656e+00
114000          	2.25328885e+01	1.12369115e+01	1.12959770e+01	5.90655569e-01	-4.71248782e+00	5.30314339e+00	-5.00781561e+00	-2.95327784e-02	1.12664443e+00	6.70516767e-18	1.12664443e+00	-1.12664443e+00
115000          	1.95982564e+01	9.76591141e+00	9.83234497e+00	6.64335660e-01	-1.40109546e+01	1.46752903e+01	-1.43431225e+01	-3.32167830e-02	9.79912819e-01	1.21997987e-17	9.79912819e-01	-9.79912819e-01
116000          	2.42822319e+01	1.21437776e+01	1.21384543e+01	-5.32334375e-02	-3.80777254e+00	3.75453910e+00	-3.78115582e+00	2.66167187e-03	1.21411159e+00	1.34226556e-17	1.21411159e+00	-1.21411159e+00
117000          	1.98483870e+01	9.91176599e+00	9.93662098e+00	2.48549934e-01	-8.68548762e-02	3.35404810e-01	-2.11129843e-01	-1.24274967e-02	9.92419349e-01	9.59292786e-18	9.92419349e-01	-9.92419349e-01
118000          	2.16938549e+01	1.08114956e+01	1.08823594e+01	7.08638241e-01	4.48142077e+00	-3.77278253e+00	4.12710165e+00	-3.54319121e-02	1.08469275e+00	6.86109496e-18	1.08469275e+00	-1.08469275e+00
119000          	2.31581857e+01	1.15614656e+01	1.15967201e+01	3.52544204e-01	-1.41039297e+00	1.76293717e+00	-1.58666507e+00	-1.76272102e-02	1.15790928e+00	6.37596017e-18	1.15790928e+00	-1.15790928e+00
120000          	1.90581518e+01	9.46432155e+00	9.59383022e+00	1.29508666e+00	-1.64024995e+01	1.76975861e+01	-1.70500428e+01	-6.47543331e-02	9.52907589e-01	1.21294128e-17	9.52907589e-01	-9.52907589e-01
121000          	2.41131450e+01	1.20469660e+01	1.20661790e+01	1.92130079e-01	-6.53295514e+00	6.72508522e+00	-6.62902018e+00	-9.60650393e-03	1.20565725e+00	1.32994884e-17	1.20565725e+00	-1.20565725e+00
122000          	2.07463060e+01	1.03740903e+01	1.03722157e+01	-1.87463787e-02	3.35485251e+00	-3.37359889e+00	3.36422570e+00	9.37318935e-04	1.03731530e+00	9.98353433e-18	1.03731530e+00	-1.03731530e+00
123000          	2.07452067e+01	1.03224746e+01	1.04227321e+01	1.00257479e+00	3.34392865e+00	-2.34135386e+00	2.84264126e+00	-5.01287396e-02	1.03726034e+00	7.81547495e-18	1.03726034e+00	-1.03726034e+00
124000          	2.36286476e+01	1.18166519e+01	1.18119957e+01	-4.65628730e-02	3.74410169e-01	-4.20973042e-01	3.97691606e-01	2.32814365e-03	1.18143238e+00	6.03456885e-18	1.18143238e+00	-1.18143238e+00
125000          	1.89415385e+01	9.40701725e+00	9.53452128e+00	1.27504030e+00	-1.49630356e+01	1.62380759e+01	-1.56005557e+01	-6.37520152e-02	9.47076927e-01	1.15113870e-17	9.47076927e-01	-9.47076927e-01
126000          	2.37330298e+01	1.18808734e+01	1.18521564e+01	-2.87169677e-01	-5.73720539e+00	5.45003571e+00	-5.59362055e+00	1.43584838e-02	1.18665149e+00	1.30696582e-17	1.18665149e+00	-1.18665149e+00
127000          	2.15818544e+01	1.07804592e+01	1.08013951e+01	2.09359321e-01	9.20491644e-01	-7.11132323e-01	8.15811984e-01	-1.04679660e-02	1.07909272e+00	1.03854897e-17	1.07909272e+00	-1.07909272e+00
128000          	1.99835726e+01	1.00816784e+01	9.90189421e+00	-1.79784193e+00	1.81210917e+01	-1.99189336e+01	1.90200127e+01	8.98920964e-02	9.99178631e-01	8.33183480e-18	9.99178631e-01	-9.99178631e-01
129000          	2.39046296e+01	1.19693571e+01	1.19352724e+01	-3.40847176e-01	4.22527915e+00	-4.56612632e+00	4.39570274e+00	1.70423588e-02	1.19523148e+00	5.79762812e-18	1.19523148e+00	-1.19523148e+00
130000          	1.91797456e+01	9.58999531e+00	9.58975033e+00	-2.44977698e-03	-5.77501316e+00	5.77256339e+00	-5.77378828e+00	1.22488849e-04	9.58987282e-01	1.05768022e-17	9.58987282e-01	-9.58987282e-01
131000          	2.32499018e+01	1.16785457e+01	1.15713561e+01	-1.07189624e+00	-2.34637577e+00	1.27447953e+00	-1.81042765e+00	5.35948122e-02	1.16249509e+00	1.28167864e-17	1.16249509e+00	-1.16249509e+00
132000          	2.24290401e+01	1.12387912e+01	1.11902489e+01	-4.85423406e-01	2.98380074e+00	-3.46922414e+00	3.22651244e+00	2.42711703e-02	1.12145200e+00	1.08638526e-17	1.12145200e+00	-1.12145200e+00
133000          	1.92291921e+01	9.56492636e+00	9.66426575e+00	9.93393920e-01	2.93892203e+00	-1.94552811e+00	2.44222507e+00	-4.96696960e-02	9.61459605e-01	9.60461091e-18	9.61459605e-01	-9.61459605e-01
134000          	2.40032160e+01	1.20045255e+01	1.19986905e+01	-5.83496876e-02	4.14382136e+00	-4.20217105e+00	4.17299621e+00	2.91748438e-03	1.20016080e+00	5.62886473e-18	1.20016080e+00	-1.20016080e+00
135000          	1.97520937e+01	9.84724426e+00	9.90484946e+00	5.76052006e-01	-8.36932461e+00	8.94537661e+00	-8.65735061e+00	-2.88026003e-02	9.87604686e-01	9.38262473e-18	9.87604686e-01	-9.87604686e-01
136000          	2.25393299e+01	1.12875771e+01	1.12517529e+01	-3.58241967e-01	-6.89499373e+00	6.53675176e+00	-6.71587274e+00	1.79120983e-02	1.12696650e+00	1.28147710e-17	1.12696650e+00	-1.12696650e+00
137000          	2.31087094e+01	1.15794162e+01	1.15292932e+01	-5.01230064e-01	1.81574409e+00	-2.31697415e+00	2.06635912e+00	2.50615032e-02	1.15543547e+00	1.16554247e-17	1.15543547e+00	-1.15543547e+00
138000          	1.86983709e+01	9.48139347e+00	9.21697741e+00	-2.64416053e+00	2.30845339e+01	-2.57286945e+01	2.44066142e+01	1.32208026e-01	9.34918544e-01	9.91388276e-18	9.34918544e-01	-9.34918544e-01
139000          	2.38284054e+01	1.19110602e+01	1.19173452e+01	6.28501405e-02	3.24772764e+00	-3.18487750e+00	3.21630257e+00	-3.14250703e-03	1.19142027e+00	5.54702918e-18	1.19142027e+00	-1.19142027e+00
140000          	2.05445375e+01	1.02394910e+01	1.03050465e+01	6.55554310e-01	-7.45290296e+00	8.10845727e+00	-7.78068012e+00	-3.27777155e-02	1.02722688e+00	8.30732896e-18	1.02722688e+00	-1.02722688e+00
141000          	2.16582872e+01	1.08768612e+01	1.07814260e+01	-9.54352271e-01	-4.61245952e+00	3.65810724e+00	-4.13528338e+00	4.77176136e-02	1.08291436e+00	1.26974135e-17	1.08291436e+00	-1.08291436e+00
142000          	2.36082719e+01	1.18119898e+01	1.17962821e+01	-1.57076847e-01	-1.48728637e+00	1.33020952e+00	-1.40874795e+00	7.85384237e-03	1.18041359e+00	1.23117596e-17	1.18041359e+00	-1.18041359e+00
143000          	1.85418194e+01	9.31476952e+00	9.22704992e+00	-8.77195911e-01	1.02850486e+01	-1.11622446e+01	1.07236466e+01	4.38597955e-02	9.27090972e-01	9.94351222e-18	9.27090972e-01	-9.27090972e-01
144000          	2.34440964e+01	1.16981424e+01	1.17459540e+01	4.78115576e-01	2.68573336e+00	-2.20761778e+00	2.44667557e+00	-2.39057788e-02	1.17220482e+00	5.67168198e-18	1.17220482e+00	-1.17220482e+00
145000          	2.13639638e+01	1.06631421e+01	1.07008217e+01	3.76796455e-01	-4.63219359e+00	5.00899004e+00	-4.82059182e+00	-1.88398228e-02	1.06819819e+00	7.51835680e-18	1.06819819e+00	-1.06819819e+00
146000          	2.08447763e+01	1.03932872e+01	1.04514892e+01	5.82019986e-01	-1.35640217e+01	1.41460417e+01	-1.38550317e+01	-2.91009993e-02	1.04223882e+00	1.25901467e-17	1.04223882e+00	-1.04223882e+00
147000          	2.39799273e+01	1.19988095e+01	1.19811178e+01	-1.76917276e-01	-1.89441108e+00	1.71749381e+00	-1.80595245e+00	8.84586378e-03	1.19899637e+00	1.28549941e-17	1.19899637e+00	-1.19899637e+00
148000          	1.88358046e+01	9.43302482e+00	9.40277975e+00	-3.02450620e-01	7.02586365e+00	-7.32831427e+00	7.17708896e+00	1.51225310e-02	9.41790228e-01	9.69917949e-18	9.41790228e-01	-9.41790228e-01
149000          	2.29119621e+01	1.14477306e+01	1.14642315e+01	1.65008724e-01	5.70794993e+00	-5.54294121e+00	5.62544557e+00	-8.25043621e-03	1.14559811e+00	5.87013447e-18	1.14559811e+00	-1.14559811e+00
150000          	2.21978709e+01	1.11036217e+01	1.10942492e+01	-9.37244588e-02	-1.69671653e+00	1.60299207e+00	-1.64985430e+00	4.68622294e-03	1.10989355e+00	6.84079497e-18	1.10989355e+00	-1.10989355e+00
151000          	1.99454960e+01	9.94007087e+00	1.00054251e+01	6.53542472e-01	-1.35680908e+01	1.42216332e+01	-1.38948620e+01	-3.26771236e-02	9.97274800e-01	1.22430671e-17	9.97274800e-01	-9.97274800e-01
152000          	2.42322231e+01	1.21289567e+01	1.21032663e+01	-2.56904282e-01	-2.12878783e+00	1.87188354e+00	-2.00033569e+00	1.28452141e-02	1.21161115e+00	1.33125931e-17	1.21161115e+00	-1.21161115e+00
153000          	1.94919764e+01	9.74518795e+00	9.74678845e+00	1.60049541e-02	4.08548498e+00	-4.06948003e+00	4.07748250e+00	-8.00247706e-04	9.74598820e-01	9.55457850e-18	9.74598820e-01	-9.74598820e-01
154000          	2.20897777e+01	1.10363512e+01	1.10534265e+01	1.70753303e-01	5.84607120e+00	-5.67531789e+00	5.76069455e+00	-8.53766515e-03	1.10448889e+00	6.55215911e-18	1.10448889e+00	-1.10448889e+00
155000          	2.28914152e+01	1.14475981e+01	1.14438171e+01	-3.78103639e-02	-1.10575899e+00	1.06794863e+00	-1.08685381e+00	1.89051819e-03	1.14457076e+00	6.47179268e-18	1.14457076e+00	-1.14457076e+00
156000          	1.92233799e+01	9.58103900e+00	9.64234089e+00	6.13018931e-01	-1.32142780e+01	1.38272969e+01	-1.35207875e+01	-3.06509466e-02	9.61168995e-01	1.21447904e-17	9.61168995e-01	-9.61168995e-01
157000          	2.41958090e+01	1.21190770e+01	1.20767320e+01	-4.23450414e-01	-2.51891796e+00	2.09546755e+00	-2.30719275e+00	2.11725207e-02	1.20979045e+00	1.33342448e-17	1.20979045e+00	-1.20979045e+00
158000          	2.03282604e+01	1.01971807e+01	1.01310798e+01	-6.61009089e-01	5.44498483e+00	-6.10599392e+00	5.77548938e+00	3.30504545e-02	1.01641302e+00	9.71531221e-18	1.01641302e+00	-1.01641302e+00
159000          	2.12258508e+01	1.05810207e+01	1.06448301e+01	6.38094129e-01	6.07868197e+00	-5.44058784e+00	5.75963490e+00	-3.19047065e-02	1.06129254e+00	7.40524778e-18	1.06129254e+00	-1.06129254e+00
160000          	2.34131397e+01	1.16958906e+01	1.17172491e+01	2.13585480e-01	-8.74531069e-01	1.08811655e+00	-9.81323809e-01	-1.06792740e-02	1.17065698e+00	6.27098468e-18	1.17065698e+00	-1.17065698e+00
161000          	1.89083629e+01	9.40481331e+00	9.50354960e+00	9.87362944e-01	-1.31903997e+01	1.41777626e+01	-1.36840811e+01	-4.93681472e-02	9.45418145e-01	1.19055797e-17	9.45418145e-01	-9.45418145e-01
162000          	2.39946112e+01	1.19968690e+01	1.19977422e+01	8.73232225e-03	-6.29863777e+00	6.30737009e+00	-6.30300393e+00	-4.36616113e-04	1.19973056e+00	1.31437585e-17	1.19973056e+00	-1.19973056e+00
163000          	2.12320358e+01	1.06430585e+01	1.05889774e+01	-5.40810896e-01	4.80327403e+00	-5.34408493e+00	5.07367948e+00	2.70405448e-02	1.06160179e+00	1.01885271e-17	1.06160179e+00	-1.06160179e+00
164000          	2.04193726e+01	1.02836358e+01	1.01357368e+01	-1.47899020e+00	1.65728985e+01	-1.80518887e+01	1.73123936e+01	7.39495100e-02	1.02096863e+00	7.99340313e-18	1.02096863e+00	-1.02096863e+00
165000          	2.38288609e+01	1.18984264e+01	1.19304345e+01	3.20080483e-01	-6.28154222e-01	9.48234704e-01	-7.88194463e-01	-1.60040241e-02	1.19144305e+00	5.95498186e-18	1.19144305e+00	-1.19144305e+00
166000          	1.90265014e+01	9.45554093e+00	9.57096050e+00	1.15419574e+00	-1.34086196e+01	1.45628153e+01	-1.39857175e+01	-5.77097869e-02	9.51325071e-01	1.11251750e-17	9.51325071e-01	-9.51325071e-01
167000          	2.35073547e+01	1.17742231e+01	1.17331316e+01	-4.10914616e-01	-5.43023721e+00	5.01932259e+00	-5.22477990e+00	2.05457308e-02	1.17536773e+00	1.29947618e-17	1.17536773e+00	-1.17536773e+00
168000          	2.20360473e+01	1.10212754e+01	1.10147719e+01	-6.50342971e-02	5.42393904e-01	-6.07428201e-01	5.74911053e-01	3.25171486e-03	1.10180237e+00	1.07338684e-17	1.10180237e+00	-1.10180237e+00
169000          	1.95382306e+01	9.87756233e+00	9.66066825e+00	-2.16894078e+00	2.18153941e+01	-2.39843349e+01	2.28998645e+01	1.08447039e-01	9.76911529e-01	8.80119079e-18	9.76911529e-01	-9.76911529e-01
170000          	2.39929853e+01	1.19869758e+01	1.20060095e+01	1.90336255e-01	8.93345325e-01	-7.03009070e-01	7.98177198e-01	-9.51681275e-03	1.19964927e+00	5.73443479e-18	1.19964927e+00	-1.19964927e+00
171000          	1.94957293e+01	9.71467838e+00	9.78105097e+00	6.63725886e-01	-9.03058416e+00	9.69431005e+00	-9.36244710e+00	-3.31862943e-02	9.74786467e-01	9.94731769e-18	9.74786467e-01	-9.74786467e-01
172000          	2.28526706e+01	1.14494919e+01	1.14031787e+01	-4.63131872e-01	-6.29718295e+00	5.83405108e+00	-6.06561702e+00	2.31565936e-02	1.14263353e+00	1.28239974e-17	1.14263353e+00	-1.14263353e+00
173000          	2.28082885e+01	1.14370371e+01	1.13712514e+01	-6.57856091e-01	3.46383563e+00	-4.12169172e+00	3.79276368e+00	3.28928045e-02	1.14041443e+00	1.12747975e-17	1.14041443e+00	-1.14041443e+00
174000          	1.88851097e+01	9.36950291e+00	9.51560677e+00	1.46103859e+00	-1.05879646e+00	2.51983505e+00	-1.78931576e+00	-7.30519295e-02	9.44255484e-01	1.01377838e-17	9.44255484e-01	-9.44255484e-01
175000          	2.39371791e+01	1.19691169e+01	1.19680622e+01	-1.05466681e-02	3.62243754e+00	-3.63298421e+00	3.62771087e+00	5.27333404e-04	1.19685895e+00	5.55770027e-18	1.19685895e+00	-1.19685895e+00
176000          	2.01078215e+01	1.00197741e+01	1.00880473e+01	6.82731620e-01	-8.09384952e+00	8.77658114e+00	-8.43521533e+00	-3.41365810e-02	1.00539107e+00	8.87019320e-18	1.00539107e+00	-1.00539107e+00
177000          	2.21761033e+01	1.11139987e+01	1.10621046e+01	-5.18941530e-01	-6.38845940e+00	5.86951787e+00	-6.12898863e+00	2.59470765e-02	1.10880517e+00	1.27450954e-17	1.10880517e+00	-1.10880517e+00
178000          	2.33970539e+01	1.16685342e+01	1.17285197e+01	5.99854385e-01	-5.86520583e+00	6.46506022e+00	-6.16513302e+00	-2.99927193e-02	1.16985269e+00	1.20117799e-17	1.16985269e+00	-1.16985269e+00
179000          	1.85659694e+01	9.37546631e+00	9.19050313e+00	-1.84963180e+00	1.82621131e+01	-2.01117449e+01	1.91869290e+01	9.24815899e-02	9.28298472e-01	9.99659616e-18	9.28298472e-01	-9.28298472e-01
180000          	2.37108250e+01	1.18540451e+01	1.18567799e+01	2.73486807e-02	3.48280603e+00	-3.45545735e+00	3.46913169e+00	-1.36743404e-03	1.18554125e+00	5.50701865e-18	1.18554125e+00	-1.18554125e+00
181000          	2.09573510e+01	1.04681165e+01	1.04892345e+01	2.11180510e-01	-4.40392093e+00	4.61510144e+00	-4.50951119e+00	-1.05590255e-02	1.04786755e+00	7.91819377e-18	1.04786755e+00	-1.04786755e+00
182000          	2.12277839e+01	1.06777130e+01	1.05500708e+01	-1.27642192e+00	-2.62751054e+00	1.35108862e+00	-1.98929958e+00	6.38210959e-02	1.06138919e+00	1.25736461e-17	1.06138919e+00	-1.06138919e+00
183000          	2.38520535e+01	1.19117133e+01	1.19403403e+01	2.86270229e-01	-4.14946233e+00	4.43573256e+00	-4.29259744e+00	-1.43135115e-02	1.19260268e+00	1.26489693e-17	1.19260268e+00	-1.19260268e+00
184000          	1.86802550e+01	9.36426642e+00	9.31598862e+00	-4.82777990e-01	7.00826535e+00	-7.49104334e+00	7.24965435e+00	2.41388995e-02	9.34012752e-01	9.81160737e-18	9.34012752e-01	-9.34012752e-01
185000          	2.31693483e+01	1.15540815e+01	1.16152667e+01	6.11852215e-01	2.86555502e+00	-2.25370281e+00	2.55962891e+00	-3.05926108e-02	1.15846741e+00	5.78125143e-18	1.15846741e+00	-1.15846741e+00
186000          	2.18132694e+01	1.09319506e+01	1.08813188e+01	-5.06317608e-01	1.08828395e+00	-1.59460156e+00	1.34144276e+00	2.53158804e-02	1.09066347e+00	7.08688497e-18	1.09066347e+00	-1.09066347e+00
187000          	2.03514947e+01	1.01469928e+01	1.02045019e+01	5.75091474e-01	-1.42068866e+01	1.47819781e+01	-1.44944323e+01	-2.87545737e-02	1.01757474e+00	1.23089377e-17	1.01757474e+00	-1.01757474e+00
188000          	2.41479574e+01	1.21120773e+01	1.20358801e+01	-7.61971680e-01	6.66209284e-01	-1.42818096e+00	1.04719512e+00	3.80985840e-02	1.20739787e+00	1.30489447e-17	1.20739787e+00	-1.20739787e+00
189000          	1.91074190e+01	9.61293876e+00	9.49448028e+00	-1.18458479e+00	1.07264711e+01	-1.19110559e+01	1.13187635e+01	5.92292397e-02	9.55370952e-01	9.46502723e-18	9.55370952e-01	-9.55370952e-01
190000          	2.25097673e+01	1.12603497e+01	1.12494176e+01	-1.09321804e-01	8.80340828e+00	-8.91273009e+00	8.85806918e+00	5.46609021e-03	1.12548836e+00	6.13205910e-18	1.12548836e+00	-1.12548836e+00
191000          	2.25048124e+01	1.12517948e+01	1.12530176e+01	1.22284632e-02	-1.24940724e+00	1.26163571e+00	-1.25552147e+00	-6.11423160e-04	1.12524062e+00	6.60073629e-18	1.12524062e+00	-1.12524062e+00
192000          	1.96167685e+01	9.77611456e+00	9.84065393e+00	6.45393695e-01	-1.28455550e+01	1.34909487e+01	-1.31682519e+01	-3.22696848e-02	9.80838425e-01	1.22373025e-17	9.80838425e-01	-9.80838425e-01
193000          	2.42016697e+01	1.21481062e+01	1.20535635e+01	-9.45426725e-01	9.11001143e-01	-1.85642787e+00	1.38371451e+00	4.72713362e-02	1.21008349e+00	1.33043649e-17	1.21008349e+00	-1.21008349e+00
194000          	1.98936558e+01	9.97073098e+00	9.92292478e+00	-4.78061929e-01	5.12330531e+00	-5.60136724e+00	5.36233627e+00	2.39030965e-02	9.94682788e-01	9.51433621e-18	9.94682788e-01	-9.94682788e-01
195000          	2.16942689e+01	1.08089588e+01	1.08853101e+01	7.63512304e-01	4.08362464e+00	-3.32011233e+00	3.70186849e+00	-3.81756152e-02	1.08471344e+00	6.88578886e-18	1.08471344e+00	-1.08471344e+00
196000          	2.32038640e+01	1.15865652e+01	1.16172988e+01	3.07335914e-01	-2.14963539e+00	2.45697131e+00	-2.30330335e+00	-1.53667957e-02	1.16019320e+00	6.35999814e-18	1.16019320e+00	-1.16019320e+00
197000          	1.90562022e+01	9.49638719e+00	9.55981504e+00	6.34278455e-01	-1.16702603e+01	1.23045387e+01	-1.19873995e+01	-3.17139228e-02	9.52810112e-01	1.21192777e-17	9.52810112e-01	-9.52810112e-01
198000          	2.40937443e+01	1.20563979e+01	1.20373463e+01	-1.90516067e-01	-4.25621975e+00	4.06570368e+00	-4.16096172e+00	9.52580335e-03	1.20468721e+00	1.32694363e-17	1.20468721e+00	-1.20468721e+00
199000          	2.07756881e+01	1.04162823e+01	1.03594058e+01	-5.68765284e-01	6.25850714e+00	-6.82727243e+00	6.54288979e+00	2.84382642e-02	1.03878441e+00	9.92019136e-18	1.03878441e+00	-1.03878441e+00
200000          	2.07831696e+01	1.03502444e+01	1.04329252e+01	8.26807971e-01	4.52605470e+00	-3.69924673e+00	4.11265072e+00	-4.13403985e-02	1.03915848e+00	7.89937390e-18	1.03915848e+00	-1.03915848e+00
201000          	2.37073146e+01	1.18515650e+01	1.18557497e+01	4.18466798e-02	1.45935997e+00	-1.41751329e+00	1.43843663e+00	-2.09233399e-03	1.18536573e+00	6.10274122e-18	1.18536573e+00	-1.18536573e+00
202000          	1.89096734e+01	9.41172063e+00	9.49795273e+00	8.62321017e-01	-1.35179235e+01	1.43802445e+01	-1.39490840e+01	-4.31160508e-02	9.45483668e-01	1.14563152e-17	9.45483668e-01	-9.45483668e-01
203000          	2.37382663e+01	1.18827560e+01	1.18555103e+01	-2.72457088e-01	-5.00382247e+00	4.73136538e+00	-4.86759393e+00	1.36228544e-02	1.18691332e+00	1.30937962e-17	1.18691332e+00	-1.18691332e+00
204000          	2.16386977e+01	1.08229943e+01	1.08157034e+01	-7.29095023e-02	1.74862393e+00	-1.82153343e+00	1.78507868e+00	3.64547512e-03	1.08193488e+00	1.04108034e-17	1.08193488e+00	-1.08193488e+00
205000          	1.99503999e+01	1.00496495e+01	9.90075040e+00	-1.48899059e+00	1.66447615e+01	-1.81337521e+01	1.73892568e+01	7.44495295e-02	9.97519993e-01	8.36224998e-18	9.97519993e-01	-9.97519993e-01
206000          	2.39019903e+01	1.19600587e+01	1.19419316e+01	-1.81270693e-01	2.32632692e+00	-2.50759761e+00	2.41696226e+00	9.06353463e-03	1.19509951e+00	5.75652082e-18	1.19509951e+00	-1.19509951e+00
207000          	1.91686268e+01	9.54865752e+00	9.61996933e+00	7.13118151e-01	-1.14487633e+01	1.21618815e+01	-1.18053224e+01	-3.56559075e-02	9.58431342e-01	1.06547150e-17	9.58431342e-01	-9.58431342e-01
208000          	2.32681248e+01	1.16368305e+01	1.16312943e+01	-5.53614520e-02	-7.51090328e+00	7.45554183e+00	-7.48322255e+00	2.76807260e-03	1.16340624e+00	1.30023373e-17	1.16340624e+00	-1.16340624e+00
209000          	2.23932786e+01	1.11997835e+01	1.11934951e+01	-6.28840058e-02	-9.96469902e-01	9.33585896e-01	-9.65027899e-01	3.14420029e-03	1.11966393e+00	1.09184230e-17	1.11966393e+00	-1.11966393e+00
210000          	1.92253148e+01	9.56296935e+00	9.66234549e+00	9.93761400e-01	2.84624994e+00	-1.85248854e+00	2.34936924e+00	-4.96880700e-02	9.61265742e-01	9.71247041e-18	9.61265742e-01	-9.61265742e-01
211000          	2.40037469e+01	1.20121797e+01	1.19915672e+01	-2.06125155e-01	3.33124362e+00	-3.53736878e+00	3.43430620e+00	1.03062577e-02	1.20018734e+00	5.55565147e-18	1.20018734e+00	-1.20018734e+00
212000          	1.97655912e+01	9.87514198e+00	9.89044923e+00	1.53072491e-01	-5.16709322e+00	5.32016571e+00	-5.24362946e+00	-7.65362457e-03	9.88279561e-01	9.29992424e-18	9.88279561e-01	-9.88279561e-01
213000          	2.25240793e+01	1.12801340e+01	1.12439453e+01	-3.61887233e-01	-6.93724010e+00	6.57535287e+00	-6.75629648e+00	1.80943616e-02	1.12620396e+00	1.28095379e-17	1.12620396e+00	-1.12620396e+00
214000          	2.31238602e+01	1.15870894e+01	1.15367708e+01	-5.03185496e-01	1.80229372e+00	-2.30547921e+00	2.05388646e+00	2.51592748e-02	1.15619301e+00	1.16726148e-17	1.15619301e+00	-1.15619301e+00
215000          	1.86991610e+01	9.42136193e+00	9.27779903e+00	-1.43562897e+00	1.39932674e+01	-1.54288964e+01	1.47110819e+01	7.17814487e-02	9.34958048e-01	1.00182513e-17	9.34958048e-01	-9.34958048e-01
216000          	2.38006684e+01	1.18908268e+01	1.19098416e+01	1.90148410e-01	2.70054402e+00	-2.51039561e+00	2.60546981e+00	-9.50742051e-03	1.19003342e+00	5.57270086e-18	1.19003342e+00	-1.19003342e+00
217000          	2.05879171e+01	1.02892982e+01	1.02986189e+01	9.32064541e-02	-4.29142136e+00	4.38462781e+00	-4.33802459e+00	-4.66032270e-03	1.02939585e+00	8.22584115e-18	1.02939585e+00	-1.02939585e+00
218000          	2.15472998e+01	1.08363730e+01	1.07109269e+01	-1.25446067e+00	-2.84903208e+00	1.59457141e+00	-2.22180175e+00	6.27230333e-02	1.07736499e+00	1.25743718e-17	1.07736499e+00	-1.07736499e+00
219000          	2.36488696e+01	1.18211574e+01	1.18277122e+01	6.55475720e-02	-2.10340664e+00	2.16895421e+00	-2.13618043e+00	-3.27737860e-03	1.18244348e+00	1.23559324e-17	1.18244348e+00	-1.18244348e+00
220000          	1.85348904e+01	9.34923263e+00	9.18565774e+00	-1.63574893e+00	1.50846686e+01	-1.67204175e+01	1.59025430e+01	8.17874463e-02	9.26744519e-01	9.92929559e-18	9.26744519e-01	-9.26744519e-01
221000          	2.34193005e+01	1.16707265e+01	1.17485740e+01	7.78475386e-01	1.33693781e+00	-5.58462422e-01	9.47700115e-01	-3.89237693e-02	1.17096502e+00	5.70166124e-18	1.17096502e+00	-1.17096502e+00
222000          	2.13836390e+01	1.06722656e+01	1.07113734e+01	3.91077751e-01	-5.20400480e+00	5.59508255e+00	-5.39954367e+00	-1.95538875e-02	1.06918195e+00	7.50213434e-18	1.06918195e+00	-1.06918195e+00
223000          	2.08316020e+01	1.03990509e+01	1.04325511e+01	3.35001773e-01	-1.28085425e+01	1.31435442e+01	-1.29760433e+01	-1.67500887e-02	1.04158010e+00	1.25725407e-17	1.04158010e+00	-1.04158010e+00
224000          	2.40201673e+01	1.20319979e+01	1.19881695e+01	-4.38284171e-01	-1.01716945e+00	5.78885279e-01	-7.98027364e-01	2.19142085e-02	1.20100837e+00	1.28028144e-17	1.20100837e+00	-1.20100837e+00
225000          	1.88451572e+01	9.44768226e+00	9.39747497e+00	-5.02072829e-01	6.74757578e+00	-7.24964861e+00	6.99861220e+00	2.51036414e-02	9.42257861e-01	9.61527736e-18	9.42257861e-01	-9.42257861e-01
226000          	2.28673146e+01	1.14065841e+01	1.14607305e+01	5.41463969e-01	4.32499169e+00	-3.78352772e+00	4.05425971e+00	-2.70731984e-02	1.14336573e+00	5.95258313e-18	1.14336573e+00	-1.14336573e+00
227000          	2.22036285e+01	1.10979284e+01	1.11057001e+01	7.77166254e-02	-1.65305073e+00	1.73076736e+00	-1.69190905e+00	-3.88583127e-03	1.11018142e+00	6.89555272e-18	1.11018142e+00	-1.11018142e+00
228000          	1.99760805e+01	9.99343574e+00	9.98264480e+00	-1.07909453e-01	-8.36412936e+00	8.25621990e+00	-8.31017463e+00	5.39547266e-03	9.98804027e-01	1.23214001e-17	9.98804027e-01	-9.98804027e-01
229000          	2.41825684e+01	1.21157658e+01	1.20668026e+01	-4.89632659e-01	-8.31582634e-01	3.41949976e-01	-5.86766305e-01	2.44816329e-02	1.20912842e+00	1.32437569e-17	1.20912842e+00	-1.20912842e+00
230000          	1.95131323e+01	9.77892086e+00	9.73421142e+00	-4.47094394e-01	5.00492264e+00	-5.45201703e+00	5.22846983e+00	2.23547197e-02	9.75656614e-01	9.46140123e-18	9.75656614e-01	-9.75656614e-01
231000          	2.20868002e+01	1.10041468e+01	1.10826534e+01	7.85066651e-01	3.50278075e+00	-2.71771410e+00	3.11024742e+00	-3.92533325e-02	1.10434001e+00	6.53639649e-18	1.10434001e+00	-1.10434001e+00
232000          	2.29192592e+01	1.14464569e+01	1.14728023e+01	2.63453853e-01	-2.26526001e+00	2.52871386e+00	-2.39698694e+00	-1.31726927e-02	1.14596296e+00	6.48804874e-18	1.14596296e+00	-1.14596296e+00
233000          	1.92079865e+01	9.61025368e+00	9.59773283e+00	-1.25208449e-01	-7.97571136e+00	7.85050291e+00	-7.91310714e+00	6.26042243e-03	9.60399325e-01	1.20574733e-17	9.60399325e-01	-9.60399325e-01
234000          	2.41469291e+01	1.20980405e+01	1.20488886e+01	-4.91518395e-01	-2.36063564e+00	1.86911724e+00	-2.11487644e+00	2.45759197e-02	1.20734645e+00	1.33289182e-17	1.20734645e+00	-1.20734645e+00
235000          	2.03371225e+01	1.01900793e+01	1.01470433e+01	-4.30359810e-01	4.66150532e+00	-5.09186513e+00	4.87668522e+00	2.15179905e-02	1.01685613e+00	9.77362570e-18	1.01685613e+00	-1.01685613e+00
236000          	2.12224982e+01	1.05602781e+01	1.06622201e+01	1.01942079e+00	2.89887838e+00	-1.87945759e+00	2.38916799e+00	-5.09710394e-02	1.06112491e+00	7.42842765e-18	1.06112491e+00	-1.06112491e+00
237000          	2.34217765e+01	1.16960033e+01	1.17257732e+01	2.97698514e-01	-3.91640164e-01	6.89338679e-01	-5.40489422e-01	-1.48849257e-02	1.17108882e+00	6.22213613e-18	1.17108882e+00	-1.17108882e+00
238000          	1.89098126e+01	9.41302522e+00	9.49678738e+00	8.37621612e-01	-1.40197387e+01	1.48573603e+01	-1.44385495e+01	-4.18810806e-02	9.45490630e-01	1.18962481e-17	9.45490630e-01	-9.45490630e-01
239000          	2.39853556e+01	1.20030129e+01	1.19823427e+01	-2.06701735e-01	-4.67103188e+00	4.46433014e+00	-4.56768101e+00	1.03350867e-02	1.19926778e+00	1.31555914e-17	1.19926778e+00	-1.19926778e+00
240000          	2.12479194e+01	1.06527718e+01	1.05951476e+01	-5.76241431e-01	4.92293939e+00	-5.49918082e+00	5.21106011e+00	2.88120715e-02	1.06239597e+00	1.01833740e-17	1.06239597e+00	-1.06239597e+00
241000          	2.04082379e+01	1.02782673e+01	1.01299706e+01	-1.48296669e+00	1.65730836e+01	-1.80560503e+01	1.73145669e+01	7.41483347e-02	1.02041190e+00	8.00682563e-18	1.02041190e+00	-1.02041190e+00
242000          	2.38298286e+01	1.18990372e+01	1.19307914e+01	3.17541361e-01	-5.90384495e-01	9.07925856e-01	-7.49155175e-01	-1.58770680e-02	1.19149143e+00	5.95592356e-18	1.19149143e+00	-1.19149143e+00
243000          	1.90566823e+01	9.49310396e+00	9.56357832e+00	7.04743639e-01	-1.18032075e+01	1.25079511e+01	-1.21555793e+01	-3.52371819e-02	9.52834114e-01	1.11596169e-17	9.52834114e-01	-9.52834114e-01
244000          	2.34879727e+01	1.17580098e+01	1.17299628e+01	-2.80469901e-01	-6.29872424e+00	6.01825433e+00	-6.15848928e+00	1.40234951e-02	1.17439863e+00	1.29850975e-17	1.17439863e+00	-1.17439863e+00
245000          	2.20420070e+01	1.10232927e+01	1.10187143e+01	-4.57837016e-02	6.92734368e-01	-7.38518070e-01	7.15626219e-01	2.28918508e-03	1.10210035e+00	1.07411475e-17	1.10210035e+00	-1.10210035e+00
246000          	1.95289247e+01	9.87326270e+00	9.65566202e+00	-2.17600686e+00	2.18641330e+01	-2.40401399e+01	2.29521365e+01	1.08800343e-01	9.76446236e-01	8.81968806e-18	9.76446236e-01	-9.76446236e-01
247000          	2.39964554e+01	1.19897530e+01	1.20067024e+01	1.69494369e-01	1.01836026e+00	-8.48865890e-01	9.33613075e-01	-8.47471847e-03	1.19982277e+00	5.73606417e-18	1.19982277e+00	-1.19982277e+00
248000          	1.94753637e+01	9.69598155e+00	9.77938215e+00	8.34006063e-01	-1.01582792e+01	1.09922852e+01	-1.05752822e+01	-4.17003032e-02	9.73768185e-01	9.92135383e-18	9.73768185e-01	-9.73768185e-01
249000          	2.28340446e+01	1.14455125e+01	1.13885322e+01	-5.69803238e-01	-5.99773431e+00	5.42793107e+00	-5.71283269e+00	2.84901619e-02	1.14170223e+00	1.28558668e-17	1.14170223e+00	-1.14170223e+00
250000          	2.27401171e+01	1.13803450e+01	1.13597721e+01	-2.05728913e-01	8.46787357e-01	-1.05251627e+00	9.49651813e-01	1.02864456e-02	1.13700586e+00	1.13138769e-17	1.13700586e+00	-1.13700586e+00
251000          	1.88700300e+01	9.37376437e+00	9.49626561e+00	1.22501242e+00	8.30633163e-01	3.94379262e-01	2.18126951e-01	-6.12506212e-02	9.43501499e-01	1.01238851e-17	9.43501499e-01	-9.43501499e-01
252000          	2.39532053e+01	1.19596588e+01	1.19935465e+01	3.38877173e-01	2.66241007e-01	7.26361667e-02	9.68024199e-02	-1.69438587e-02	1.19766027e+00	5.53579766e-18	1.19766027e+00	-1.19766027e+00
253000          	2.01510055e+01	1.00819505e+01	1.00690551e+01	-1.28953868e-01	-2.44868435e+00	2.31973048e+00	-2.38420741e+00	6.44769339e-03	1.00755028e+00	8.81873952e-18	1.00755028e+00	-1.00755028e+00
254000          	2.21662861e+01	1.11105852e+01	1.10557009e+01	-5.48842926e-01	-6.57333701e+00	6.02449408e+00	-6.29891554e+00	2.74421463e-02	1.10831430e+00	1.27485034e-17	1.10831430e+00	-1.10831430e+00
255000          	2.34325424e+01	1.17289899e+01	1.17035525e+01	-2.54373585e-01	-4.60404753e-01	2.06031167e-01	-3.33217960e-01	1.27186793e-02	1.17162712e+00	1.19232975e-17	1.17162712e+00	-1.17162712e+00
256000          	1.85789330e+01	9.35543174e+00	9.22350128e+00	-1.31930459e+00	1.37689059e+01	-1.50882105e+01	1.44285582e+01	6.59652294e-02	9.28946651e-01	9.98791487e-18	9.28946651e-01	-9.28946651e-01
257000          	2.37223041e+01	1.18852548e+01	1.18370493e+01	-4.82054802e-01	8.43404167e+00	-8.91609648e+00	8.67506907e+00	2.41027401e-02	1.18611520e+00	5.54268522e-18	1.18611520e+00	-1.18611520e+00
258000          	2.09868975e+01	1.04831381e+01	1.05037594e+01	2.06212600e-01	-4.10964269e+00	4.31585529e+00	-4.21274899e+00	-1.03106300e-02	1.04934487e+00	7.86629947e-18	1.04934487e+00	-1.04934487e+00
259000          	2.12432137e+01	1.06718524e+01	1.05713613e+01	-1.00491118e+00	-4.39799309e+00	3.39308191e+00	-3.89553750e+00	5.02455591e-02	1.06216069e+00	1.26173875e-17	1.06216069e+00	-1.06216069e+00
260000          	2.38371427e+01	1.19252650e+01	1.19118777e+01	-1.33873445e-01	-2.21430624e+00	2.08043279e+00	-2.14736951e+00	6.69367225e-03	1.19185714e+00	1.26453055e-17	1.19185714e+00	-1.19185714e+00
261000          	1.86776426e+01	9.40125293e+00	9.27638969e+00	-1.24863239e+00	1.19199896e+01	-1.31686220e+01	1.25443058e+01	6.24316194e-02	9.33882131e-01	9.84871433e-18	9.33882131e-01	-9.33882131e-01
262000          	2.31783663e+01	1.15664151e+01	1.16119512e+01	4.55360516e-01	3.26212187e+00	-2.80676135e+00	3.03444161e+00	-2.27680258e-02	1.15891832e+00	5.81717990e-18	1.15891832e+00	-1.15891832e+00
263000          	2.17859648e+01	1.08822286e+01	1.09037362e+01	2.15075845e-01	-3.11419636e+00	3.32927220e+00	-3.22173428e+00	-1.07537922e-02	1.08929824e+00	7.14013221e-18	1.08929824e+00	-1.08929824e+00
264000          	2.03452192e+01	1.01858793e+01	1.01593399e+01	-2.65393858e-01	-7.93812384e+00	7.67272998e+00	-7.80542691e+00	1.32696929e-02	1.01726096e+00	1.23309854e-17	1.01726096e+00	-1.01726096e+00
265000          	2.41169439e+01	1.20563118e+01	1.20606321e+01	4.32031414e-02	-3.67796382e+00	3.72116696e+00	-3.69956539e+00	-2.16015707e-03	1.20584720e+00	1.30918770e-17	1.20584720e+00	-1.20584720e+00
266000          	1.91680380e+01	9.60601867e+00	9.56201928e+00	-4.39993895e-01	6.86216139e+00	-7.30215528e+00	7.08215834e+00	2.19996947e-02	9.58401898e-01	9.60716276e-18	9.58401898e-01	-9.58401898e-01
267000          	2.25100633e+01	1.12200229e+01	1.12900404e+01	7.00174503e-01	3.63693005e+00	-2.93675555e+00	3.28684280e+00	-3.50087251e-02	1.12550316e+00	6.19188338e-18	1.12550316e+00	-1.12550316e+00
268000          	2.25210999e+01	1.12801144e+01	1.12409855e+01	-3.91288826e-01	1.53044607e+00	-1.92173489e+00	1.72609048e+00	1.95644413e-02	1.12605500e+00	6.57500922e-18	1.12605500e+00	-1.12605500e+00
269000          	1.96149912e+01	9.73867292e+00	9.87631828e+00	1.37645363e+00	-1.77064475e+01	1.90829011e+01	-1.83946743e+01	-6.88226813e-02	9.80749560e-01	1.22579655e-17	9.80749560e-01	-9.80749560e-01
270000          	2.42804262e+01	1.21407544e+01	1.21396718e+01	-1.08267739e-02	-4.10906119e+00	4.09823442e+00	-4.10364781e+00	5.41338697e-04	1.21402131e+00	1.34292814e-17	1.21402131e+00	-1.21402131e+00
271000          	1.98560795e+01	9.94730719e+00	9.90877231e+00	-3.85348725e-01	5.95849804e+00	-6.34384677e+00	6.15117241e+00	1.92674363e-02	9.92803975e-01	9.61247618e-18	9.92803975e-01	-9.92803975e-01
272000          	2.16913463e+01	1.08037572e+01	1.08875891e+01	8.38319374e-01	4.08999076e+00	-3.25167138e+00	3.67083107e+00	-4.19159687e-02	1.08456732e+00	6.97479481e-18	1.08456732e+00	-1.08456732e+00
273000          	2.32102847e+01	1.15896860e+01	1.16205987e+01	3.09127194e-01	-1.73750752e+00	2.04663472e+00	-1.89207112e+00	-1.54563597e-02	1.16051423e+00	6.34858699e-18	1.16051423e+00	-1.16051423e+00
274000          	1.90193589e+01	9.45040252e+00	9.56895637e+00	1.18553845e+00	-1.59516392e+01	1.71371776e+01	-1.65444084e+01	-5.92769223e-02	9.50967945e-01	1.21200072e-17	9.50967945e-01	-9.50967945e-01
275000          	2.41088345e+01	1.20561807e+01	1.20526538e+01	-3.52693747e-02	-5.66408414e+00	5.62881477e+00	-5.64644946e+00	1.76346873e-03	1.20544172e+00	1.32322540e-17	1.20544172e+00	-1.20544172e+00
276000          	2.07613496e+01	1.03904638e+01	1.03708858e+01	-1.95780780e-01	4.40088423e+00	-4.59666501e+00	4.49877462e+00	9.78903902e-03	1.03806748e+00	9.96694585e-18	1.03806748e+00	-1.03806748e+00
277000          	2.07906916e+01	1.03562092e+01	1.04344824e+01	7.82731246e-01	4.78620245e+00	-4.00347121e+00	4.39483683e+00	-3.91365623e-02	1.03953458e+00	7.88231539e-18	1.03953458e+00	-1.03953458e+00
278000          	2.36759113e+01	1.18320180e+01	1.18438933e+01	1.18752568e-01	-6.71532869e-02	1.85905855e-01	-1.26529571e-01	-5.93762840e-03	1.18379556e+00	6.06760513e-18	1.18379556e+00	-1.18379556e+00
279000          	1.89036529e+01	9.40322715e+00	9.50042577e+00	9.71986201e-01	-1.23587342e+01	1.33307204e+01	-1.28447273e+01	-4.85993101e-02	9.45182646e-01	1.13879811e-17	9.45182646e-01	-9.45182646e-01
280000          	2.36824480e+01	1.18215451e+01	1.18609029e+01	3.93578410e-01	-8.49712343e+00	8.89070184e+00	-8.69391263e+00	-1.96789205e-02	1.18412240e+00	1.30755137e-17	1.18412240e+00	-1.18412240e+00
281000          	2.16860905e+01	1.08147518e+01	1.08713387e+01	5.65869351e-01	-3.06344976e+00	3.62931911e+00	-3.34638443e+00	-2.82934676e-02	1.08430452e+00	1.04265304e-17	1.08430452e+00	-1.08430452e+00
282000          	1.99418930e+01	1.01043859e+01	9.83750707e+00	-2.66878837e+00	2.42101208e+01	-2.68789091e+01	2.55445149e+01	1.33439418e-01	9.97094649e-01	8.29331952e-18	9.97094649e-01	-9.97094649e-01
283000          	2.39396327e+01	1.19693985e+01	1.19702342e+01	8.35666714e-03	1.21691802e+00	-1.20856135e+00	1.21273969e+00	-4.17833357e-04	1.19698163e+00	5.81842669e-18	1.19698163e+00	-1.19698163e+00
284000          	1.91444338e+01	9.58507565e+00	9.55935819e+00	-2.57174519e-01	-2.75141899e+00	2.49424447e+00	-2.62283173e+00	1.28587259e-02	9.57221692e-01	1.04948435e-17	9.57221692e-01	-9.57221692e-01
285000          	2.32226399e+01	1.16402283e+01	1.15824116e+01	-5.78167370e-01	-5.29347805e+00	4.71531068e+00	-5.00439437e+00	2.89083685e-02	1.16113199e+00	1.28396209e-17	1.16113199e+00	-1.16113199e+00
286000          	2.24106376e+01	1.12266870e+01	1.11839506e+01	-4.27363439e-01	3.03076157e+00	-3.45812501e+00	3.24444329e+00	2.13681720e-02	1.12053188e+00	1.09697717e-17	1.12053188e+00	-1.12053188e+00
287000          	1.91925691e+01	9.53016001e+00	9.66240909e+00	1.32249074e+00	4.67608754e-01	8.54881983e-01	-1.93636614e-01	-6.61245368e-02	9.59628455e-01	9.65356143e-18	9.59628455e-01	-9.59628455e-01
288000          	2.40161185e+01	1.19999760e+01	1.20161424e+01	1.61663898e-01	1.86696153e+00	-1.70529763e+00	1.78612958e+00	-8.08319491e-03	1.20080592e+00	5.62188569e-18	1.20080592e+00	-1.20080592e+00
289000          	1.97838608e+01	9.85558887e+00	9.92827190e+00	7.26830289e-01	-8.71818546e+00	9.44501575e+00	-9.08160061e+00	-3.63415145e-02	9.89193038e-01	9.34656250e-18	9.89193038e-01	-9.89193038e-01
290000          	2.25067464e+01	1.12837733e+01	1.12229731e+01	-6.08001248e-01	-5.93339726e+00	5.32539601e+00	-5.62939664e+00	3.04000624e-02	1.12533732e+00	1.28054292e-17	1.12533732e+00	-1.12533732e+00
291000          	2.31453209e+01	1.15816657e+01	1.15636552e+01	-1.80104223e-01	-6.66237119e-01	4.86132896e-01	-5.76185008e-01	9.00521114e-03	1.15726604e+00	1.15976319e-17	1.15726604e+00	-1.15726604e+00
292000          	1.87182146e+01	9.48743428e+00	9.23078033e+00	-2.56653956e+00	2.24880418e+01	-2.50545813e+01	2.37713116e+01	1.28326978e-01	9.35910730e-01	9.91081764e-18	9.35910730e-01	-9.35910730e-01
293000          	2.38160175e+01	1.19062355e+01	1.19097821e+01	3.54656378e-02	3.73040067e+00	-3.69493503e+00	3.71266785e+00	-1.77328189e-03	1.19080088e+00	5.54597235e-18	1.19080088e+00	-1.19080088e+00
294000          	2.06005660e+01	1.03001746e+01	1.03003913e+01	2.16678713e-03	-3.42512315e+00	3.42728993e+00	-3.42620654e+00	-1.08339357e-04	1.03002830e+00	8.24768452e-18	1.03002830e+00	-1.03002830e+00
295000          	2.16093282e+01	1.08603773e+01	1.07489509e+01	-1.11426454e+00	-3.67775457e+00	2.56349003e+00	-3.12062230e+00	5.57132272e-02	1.08046641e+00	1.26636279e-17	1.08046641e+00	-1.08046641e+00
296000          	2.36809431e+01	1.18538044e+01	1.18271387e+01	-2.66656622e-01	3.62790084e-01	-6.29446706e-01	4.96118395e-01	1.33328311e-02	1.18404715e+00	1.23445761e-17	1.18404715e+00	-1.18404715e+00
297000          	1.85544368e+01	9.35053524e+00	9.20390158e+00	-1.46633653e+00	1.36574486e+01	-1.51237851e+01	1.43906168e+01	7.33168264e-02	9.27721841e-01	9.96472209e-18	9.27721841e-01	-9.27721841e-01
298000          	2.34041080e+01	1.16574054e+01	1.17467026e+01	8.92971656e-01	5.78269965e-01	3.14701691e-01	1.31784137e-01	-4.46485828e-02	1.17020540e+00	5.67899116e-18	1.17020540e+00	-1.17020540e+00
299000          	2.13962546e+01	1.06937529e+01	1.07025018e+01	8.74888107e-02	-3.06113748e+00	3.14862629e+00	-3.10488188e+00	-4.37444054e-03	1.06981273e+00	7.48137542e-18	1.06981273e+00	-1.06981273e+00
300000          	2.08297056e+01	1.03804064e+01	1.04492992e+01	6.88928312e-01	-1.38632870e+01	1.45522153e+01	-1.42077511e+01	-3.44464156e-02	1.04148528e+00	1.26629161e-17	1.04148528e+00	-1.04148528e+00
301000          	2.40166482e+01	1.20092006e+01	1.20074476e+01	-1.75294491e-02	-3.60047234e+00	3.58294289e+00	-3.59170762e+00	8.76472454e-04	1.20083241e+00	1.28703754e-17	1.20083241e+00	-1.20083241e+00
302000          	1.88097569e+01	9.45107228e+00	9.35868461e+00	-9.23876728e-01	1.06108002e+01	-1.15346769e+01	1.10727385e+01	4.61938364e-02	9.40487845e-01	9.68094166e-18	9.40487845e-01	-9.40487845e-01
303000          	2.28923034e+01	1.14372139e+01	1.14550895e+01	1.78756670e-01	5.63073424e+00	-5.45197757e+00	5.54135591e+00	-8.93783350e-03	1.14461517e+00	5.87936351e-18	1.14461517e+00	-1.14461517e+00
304000          	2.22099103e+01	1.11063059e+01	1.11036044e+01	-2.70153615e-02	-1.20665070e+00	1.17963533e+00	-1.19314301e+00	1.35076807e-03	1.11049552e+00	6.86820496e-18	1.11049552e+00	-1.11049552e+00
305000          	1.99232358e+01	9.93657301e+00	9.98666276e+00	5.00897517e-01	-1.35267622e+01	1.40276597e+01	-1.37772110e+01	-2.50448759e-02	9.96161789e-01	1.22013601e-17	9.96161789e-01	-9.96161789e-01
306000          	2.41502826e+01	1.21014109e+01	1.20488717e+01	-5.25391470e-01	-3.33443970e-01	-1.91947500e-01	-7.07482352e-02	2.62695735e-02	1.20751413e+00	1.32974274e-17	1.20751413e+00	-1.20751413e+00
307000          	1.94795540e+01	9.72718874e+00	9.75236524e+00	2.51764995e-01	1.92946076e-01	5.88189199e-02	6.70635778e-02	-1.25882498e-02	9.73977699e-01	9.48786004e-18	9.73977699e-01	-9.73977699e-01
308000          	2.20711976e+01	1.10344586e+01	1.10367390e+01	2.28039486e-02	6.69805380e+00	-6.67524985e+00	6.68665182e+00	-1.14019743e-03	1.10355988e+00	6.54079862e-18	1.10355988e+00	-1.10355988e+00
309000          	2.29530264e+01	1.14834828e+01	1.14695435e+01	-1.39392596e-01	1.32682652e-01	-2.72075248e-01	2.02378950e-01	6.96962980e-03	1.14765132e+00	6.44173950e-18	1.14765132e+00	-1.14765132e+00
310000          	1.91922958e+01	9.57058095e+00	9.62171486e+00	5.11339106e-01	-1.19346411e+01	1.24459802e+01	-1.21903107e+01	-2.55669553e-02	9.59614790e-01	1.21140433e-17	9.59614790e-01	-9.59614790e-01
311000          	2.41842594e+01	1.20973774e+01	1.20868820e+01	-1.04953369e-01	-4.35473669e+00	4.24978332e+00	-4.30226000e+00	5.24766845e-03	1.20921297e+00	1.33705971e-17	1.20921297e+00	-1.20921297e+00
312000          	2.03402480e+01	1.01710245e+01	1.01692235e+01	-1.80104828e-02	4.49307004e+00	-4.51108052e+00	4.50207528e+00	9.00524140e-04	1.01701240e+00	9.77632252e-18	1.01701240e+00	-1.01701240e+00
313000          	2.11747216e+01	1.05577677e+01	1.06169539e+01	5.91861928e-01	6.44095409e+00	-5.84909217e+00	6.14502313e+00	-2.95930964e-02	1.05873608e+00	7.45218872e-18	1.05873608e+00	-1.05873608e+00
314000          	2.34281079e+01	1.17007794e+01	1.17273285e+01	2.65490339e-01	-1.22920612e+00	1.49469646e+00	-1.36195129e+00	-1.32745169e-02	1.17140540e+00	6.26439707e-18	1.17140540e+00	-1.17140540e+00
315000          	1.89115027e+01	9.39912273e+00	9.51237996e+00	1.13257222e+00	-1.39682427e+01	1.51008150e+01	-1.45345288e+01	-5.66286109e-02	9.45575134e-01	1.19028341e-17	9.45575134e-01	-9.45575134e-01
316000          	2.39264794e+01	1.19502398e+01	1.19762396e+01	2.59998220e-01	-7.19909050e+00	7.45908872e+00	-7.32908961e+00	-1.29999110e-02	1.19632397e+00	1.31484171e-17	1.19632397e+00	-1.19632397e+00
317000          	2.12266651e+01	1.06262516e+01	1.06004135e+01	-2.58381027e-01	3.40259090e+00	-3.66097193e+00	3.53178142e+00	1.29190514e-02	1.06133326e+00	1.02378243e-17	1.06133326e+00	-1.06133326e+00
318000          	2.03712762e+01	1.02536449e+01	1.01176313e+01	-1.36013551e+00	1.60081926e+01	-1.73683282e+01	1.66882604e+01	6.80067757e-02	1.01856381e+00	8.01602584e-18	1.01856381e+00	-1.01856381e+00
319000          	2.38442339e+01	1.19069042e+01	1.19373297e+01	3.04254069e-01	-1.12834942e+00	1.43260349e+00	-1.28047645e+00	-1.52127034e-02	1.19221170e+00	5.95571860e-18	1.19221170e+00	-1.19221170e+00
320000          	1.90193921e+01	9.49807132e+00	9.52132073e+00	2.32494059e-01	-5.96636098e+00	6.19885504e+00	-6.08260801e+00	-1.16247029e-02	9.50969603e-01	1.09860359e-17	9.50969603e-01	-9.50969603e-01
321000          	2.35002396e+01	1.17641206e+01	1.17361190e+01	-2.80016094e-01	-6.38006116e+00	6.10004506e+00	-6.24005311e+00	1.40008047e-02	1.17501198e+00	1.29779463e-17	1.17501198e+00	-1.17501198e+00
322000          	2.21277169e+01	1.10712376e+01	1.10564793e+01	-1.47582783e-01	1.83819126e+00	-1.98577404e+00	1.91198265e+00	7.37913914e-03	1.10638584e+00	1.08050735e-17	1.10638584e+00	-1.10638584e+00
323000          	1.95298343e+01	9.87231676e+00	9.65751752e+00	-2.14799249e+00	2.14014994e+01	-2.35494919e+01	2.24754956e+01	1.07399625e-01	9.76491714e-01	8.87050775e-18	9.76491714e-01	-9.76491714e-01
324000          	2.40080418e+01	1.20064776e+01	1.20015643e+01	-4.91329198e-02	3.21281728e+00	-3.26195020e+00	3.23738374e+00	2.45664599e-03	1.20040209e+00	5.68769360e-18	1.20040209e+00	-1.20040209e+00
325000          	1.95165152e+01	9.75933189e+00	9.75718327e+00	-2.14862336e-02	-4.73387775e+00	4.71239151e+00	-4.72313463e+00	1.07431168e-03	9.75825758e-01	9.78791884e-18	9.75825758e-01	-9.75825758e-01
326000          	2.28035502e+01	1.14584864e+01	1.13450638e+01	-1.13422571e+00	-2.68267268e+00	1.54844697e+00	-2.11555983e+00	5.67112854e-02	1.14017751e+00	1.27815431e-17	1.14017751e+00	-1.14017751e+00
327000          	2.27959934e+01	1.14054958e+01	1.13904976e+01	-1.49981583e-01	-7.53041997e-01	6.03060414e-01	-6.78051205e-01	7.49907916e-03	1.13979967e+00	1.12529742e-17	1.13979967e+00	-1.13979967e+00
328000          	1.88724649e+01	9.37419724e+00	9.49826765e+00	1.24070411e+00	5.95091773e-01	6.45612337e-01	-2.52602815e-02	-6.20352055e-02	9.43623244e-01	1.01174567e-17	9.43623244e-01	-9.43623244e-01
329000          	2.39394297e+01	1.19637534e+01	1.19756763e+01	1.19229885e-01	2.96411451e+00	-2.84488463e+00	2.90449957e+00	-5.96149423e-03	1.19697149e+00	5.51909400e-18	1.19697149e+00	-1.19697149e+00
330000          	2.01051784e+01	1.00471221e+01	1.00580563e+01	1.09342317e-01	-3.72149239e+00	3.83083470e+00	-3.77616354e+00	-5.46711586e-03	1.00525892e+00	8.76679975e-18	1.00525892e+00	-1.00525892e+00
331000          	2.21173785e+01	1.10967681e+01	1.10206105e+01	-7.61575598e-01	-5.07140658e+00	4.30983098e+00	-4.69061878e+00	3.80787799e-02	1.10586893e+00	1.27690656e-17	1.10586893e+00	-1.10586893e+00
332000          	2.34706087e+01	1.17607577e+01	1.17098510e+01	-5.09067043e-01	1.37066039e+00	-1.87972743e+00	1.62519391e+00	2.54533521e-02	1.17353044e+00	1.19286890e-17	1.17353044e+00	-1.17353044e+00
333000          	1.85313735e+01	9.35920516e+00	9.17216836e+00	-1.87036807e+00	1.83590140e+01	-2.02293821e+01	1.92941981e+01	9.35184037e-02	9.26568676e-01	9.90863975e-18	9.26568676e-01	-9.26568676e-01
334000          	2.36730019e+01	1.18556821e+01	1.18173198e+01	-3.83622256e-01	7.03971690e+00	-7.42333916e+00	7.23152803e+00	1.91811128e-02	1.18365010e+00	5.45009307e-18	1.18365010e+00	-1.18365010e+00
335000          	2.09477173e+01	1.04666569e+01	1.04810605e+01	1.44036114e-01	-3.10456624e+00	3.24860236e+00	-3.17658430e+00	-7.20180570e-03	1.04738587e+00	7.88430848e-18	1.04738587e+00	-1.04738587e+00
336000          	2.12105959e+01	1.06692620e+01	1.05413339e+01	-1.27928182e+00	-2.65749783e+00	1.37821601e+00	-2.01785692e+00	6.39640912e-02	1.06052979e+00	1.25958410e-17	1.06052979e+00	-1.06052979e+00
337000          	2.38491061e+01	1.19170406e+01	1.19320655e+01	1.50249358e-01	-4.09553154e+00	4.24578090e+00	-4.17065622e+00	-7.51246790e-03	1.19245530e+00	1.25903431e-17	1.19245530e+00	-1.19245530e+00
338000          	1.86110113e+01	9.36908778e+00	9.24192353e+00	-1.27164252e+00	1.21738336e+01	-1.34454761e+01	1.28096548e+01	6.35821259e-02	9.30550566e-01	9.71641863e-18	9.30550566e-01	-9.30550566e-01
339000          	2.31228267e+01	1.15128037e+01	1.16100230e+01	9.72192968e-01	6.71871010e-01	3.00321958e-01	1.85774526e-01	-4.86096484e-02	1.15614133e+00	5.83080213e-18	1.15614133e+00	-1.15614133e+00
340000          	2.18406524e+01	1.08859368e+01	1.09547156e+01	6.87787459e-01	-6.24264202e+00	6.93042948e+00	-6.58653575e+00	-3.43893730e-02	1.09203262e+00	7.18588204e-18	1.09203262e+00	-1.09203262e+00
341000          	2.03204574e+01	1.01450155e+01	1.01754419e+01	3.04264656e-01	-1.04011553e+01	1.07054200e+01	-1.05532876e+01	-1.52132328e-02	1.01602287e+00	1.23146912e-17	1.01602287e+00	-1.01602287e+00
342000          	2.41681026e+01	1.21113515e+01	1.20567511e+01	-5.46003982e-01	-5.04469423e-01	-4.15345587e-02	-2.31467432e-01	2.73001991e-02	1.20840513e+00	1.30969154e-17	1.20840513e+00	-1.20840513e+00
343000          	1.91674861e+01	9.58121212e+00	9.58627399e+00	5.06187391e-02	2.75199069e+00	-2.70137195e+00	2.72668132e+00	-2.53093696e-03	9.58374305e-01	9.59627957e-18	9.58374305e-01	-9.58374305e-01
344000          	2.24508950e+01	1.11999476e+01	1.12509475e+01	5.09998958e-01	4.82649427e+00	-4.31649532e+00	4.57149480e+00	-2.54999479e-02	1.12254475e+00	6.21867251e-18	1.12254475e+00	-1.12254475e+00
345000          	2.25599333e+01	1.12503520e+01	1.13095813e+01	5.92293411e-01	-4.60180746e+00	5.19410087e+00	-4.89795416e+00	-2.96146705e-02	1.12799667e+00	6.68119072e-18	1.12799667e+00	-1.12799667e+00
346000          	1.95495317e+01	9.73365310e+00	9.81587864e+00	8.22255378e-01	-1.45506239e+01	1.53728793e+01	-1.49617516e+01	-4.11127689e-02	9.77476587e-01	1.21970784e-17	9.77476587e-01	-9.77476587e-01
347000          	2.42117454e+01	1.21281647e+01	1.20835807e+01	-4.45839346e-01	-1.85096337e+00	1.40512403e+00	-1.62804370e+00	2.22919673e-02	1.21058727e+00	1.33621518e-17	1.21058727e+00	-1.21058727e+00
348000          	1.99140696e+01	9.96377646e+00	9.95029316e+00	-1.34832959e-01	4.37347400e+00	-4.50830696e+00	4.44089048e+00	6.74164796e-03	9.95703481e-01	9.58753970e-18	9.95703481e-01	-9.95703481e-01
349000          	2.16452202e+01	1.07869651e+01	1.08582551e+01	7.12900693e-01	4.44419345e+00	-3.73129276e+00	4.08774310e+00	-3.56450346e-02	1.08226101e+00	6.91152281e-18	1.08226101e+00	-1.08226101e+00
350000          	2.31889988e+01	1.15768900e+01	1.16121088e+01	3.52187987e-01	-1.12315859e+00	1.47534658e+00	-1.29925259e+00	-1.76093994e-02	1.15944994e+00	6.36888735e-18	1.15944994e+00	-1.15944994e+00
351000          	1.90188630e+01	9.46190957e+00	9.55695347e+00	9.50439005e-01	-1.33401065e+01	1.42905455e+01	-1.38153260e+01	-4.75219503e-02	9.50943152e-01	1.20383469e-17	9.50943152e-01	-9.50943152e-01
352000          	2.40959573e+01	1.20408268e+01	1.20551305e+01	1.43036446e-01	-6.10733574e+00	6.25037218e+00	-6.17885396e+00	-7.15182231e-03	1.20479787e+00	1.33234889e-17	1.20479787e+00	-1.20479787e+00
353000          	2.07911403e+01	1.04124488e+01	1.03786915e+01	-3.37573873e-01	4.83058978e+00	-5.16816366e+00	4.99937672e+00	1.68786937e-02	1.03955702e+00	9.94530450e-18	1.03955702e+00	-1.03955702e+00
354000          	2.07557397e+01	1.03350793e+01	1.04206604e+01	8.55811451e-01	4.27459100e+00	-3.41877955e+00	3.84668528e+00	-4.27905726e-02	1.03778698e+00	7.85122734e-18	1.03778698e+00	-1.03778698e+00
355000          	2.36646643e+01	1.18238400e+01	1.18408243e+01	1.69842425e-01	-6.83947315e-01	8.53789740e-01	-7.68868527e-01	-8.49212125e-03	1.18323321e+00	6.08464278e-18	1.18323321e+00	-1.18323321e+00
356000          	1.89283583e+01	9.44912094e+00	9.47923732e+00	3.01163824e-01	-9.56582007e+00	9.86698390e+00	-9.71640199e+00	-1.50581912e-02	9.46417913e-01	1.13417046e-17	9.46417913e-01	-9.46417913e-01
357000          	2.37612455e+01	1.18806497e+01	1.18805958e+01	-5.38621082e-04	-6.82639734e+00	6.82585872e+00	-6.82612803e+00	2.69310541e-05	1.18806228e+00	1.30949818e-17	1.18806228e+00	-1.18806228e+00
358000          	2.17044217e+01	1.08480059e+01	1.08564158e+01	8.40994062e-02	1.80872474e+00	-1.72462533e+00	1.76667503e+00	-4.20497031e-03	1.08522109e+00	1.05268861e-17	1.08522109e+00	-1.08522109e+00
359000          	1.99513119e+01	1.01078346e+01	9.84347733e+00	-2.64357231e+00	2.40557330e+01	-2.66993053e+01	2.53775191e+01	1.32178616e-01	9.97565595e-01	8.33040955e-18	9.97565595e-01	-9.97565595e-01
360000          	2.39375116e+01	1.19552949e+01	1.19822167e+01	2.69217938e-01	1.05260609e-01	1.63957329e-01	-2.93483599e-02	-1.34608969e-02	1.19687558e+00	5.83893565e-18	1.19687558e+00	-1.19687558e+00
361000          	1.91811896e+01	9.55461842e+00	9.62657115e+00	7.19527308e-01	-1.14837351e+01	1.22032625e+01	-1.18434988e+01	-3.59763654e-02	9.59059479e-01	1.06360329e-17	9.59059479e-01	-9.59059479e-01
362000          	2.32617169e+01	1.16342078e+01	1.16275091e+01	-6.69861067e-02	-7.68098149e+00	7.61399538e+00	-7.64748843e+00	3.34930534e-03	1.16308584e+00	1.29669014e-17	1.16308584e+00	-1.16308584e+00
363000          	2.24415305e+01	1.12164039e+01	1.12251265e+01	8.72263798e-02	3.96333412e-01	-3.09107032e-01	3.52720222e-01	-4.36131899e-03	1.12207652e+00	1.10411953e-17	1.12207652e+00	-1.12207652e+00
364000          	1.92035262e+01	9.53562714e+00	9.66789911e+00	1.32271972e+00	4.36603231e-01	8.86116489e-01	-2.24756629e-01	-6.61359860e-02	9.60176312e-01	9.65247741e-18	9.60176312e-01	-9.60176312e-01
365000          	2.40404153e+01	1.20171818e+01	1.20232334e+01	6.05159226e-02	3.08921256e+00	-3.02869664e+00	3.05895460e+00	-3.02579613e-03	1.20202076e+00	5.59246406e-18	1.20202076e+00	-1.20202076e+00
366000          	1.98145666e+01	9.91126700e+00	9.90329963e+00	-7.96737840e-02	-3.15312259e+00	3.07344880e+00	-3.11328570e+00	3.98368920e-03	9.90728332e-01	9.30729815e-18	9.90728332e-01	-9.90728332e-01
367000          	2.25086591e+01	1.12714026e+01	1.12372565e+01	-3.41461413e-01	-7.30730933e+00	6.96584792e+00	-7.13657862e+00	1.70730707e-02	1.12543296e+00	1.28023157e-17	1.12543296e+00	-1.12543296e+00
368000          	2.30789164e+01	1.15556336e+01	1.15232828e+01	-3.23508339e-01	1.17121320e+00	-1.49472154e+00	1.33296737e+00	1.61754169e-02	1.15394582e+00	1.16758632e-17	1.15394582e+00	-1.15394582e+00
369000          	1.86969875e+01	9.45815407e+00	9.23883348e+00	-2.19320592e+00	2.03304535e+01	-2.25236594e+01	2.14270565e+01	1.09660296e-01	9.34849377e-01	9.92304336e-18	9.34849377e-01	-9.34849377e-01
370000          	2.37844021e+01	1.19203755e+01	1.18640265e+01	-5.63490173e-01	7.32391159e+00	-7.88740176e+00	7.60565668e+00	2.81745086e-02	1.18922010e+00	5.46788527e-18	1.18922010e+00	-1.18922010e+00
371000          	2.05947687e+01	1.02693422e+01	1.03254265e+01	5.60842280e-01	-6.69244400e+00	7.25328628e+00	-6.97286514e+00	-2.80421140e-02	1.02973844e+00	8.23225883e-18	1.02973844e+00	-1.02973844e+00
372000          	2.15073222e+01	1.08114208e+01	1.06959014e+01	-1.15519408e+00	-3.55933445e+00	2.40414037e+00	-2.98173741e+00	5.77597041e-02	1.07536611e+00	1.25744109e-17	1.07536611e+00	-1.07536611e+00
373000          	2.36724231e+01	1.18640067e+01	1.18084165e+01	-5.55901906e-01	1.19886612e+00	-1.75476803e+00	1.47681708e+00	2.77950953e-02	1.18362116e+00	1.23760501e-17	1.18362116e+00	-1.18362116e+00
374000          	1.85436740e+01	9.35794760e+00	9.18572636e+00	-1.72221246e+00	1.57554289e+01	-1.74776414e+01	1.66165351e+01	8.61106229e-02	9.27183698e-01	9.91576883e-18	9.27183698e-01	-9.27183698e-01
375000          	2.33908450e+01	1.16507669e+01	1.17400780e+01	8.93111022e-01	6.32767576e-01	2.60343446e-01	1.86212065e-01	-4.46555511e-02	1.16954225e+00	5.70338800e-18	1.16954225e+00	-1.16954225e+00
376000          	2.14231947e+01	1.06980768e+01	1.07251179e+01	2.70411531e-01	-4.20271000e+00	4.47312153e+00	-4.33791577e+00	-1.35205766e-02	1.07115973e+00	7.49210313e-18	1.07115973e+00	-1.07115973e+00
377000          	2.08112060e+01	1.03799032e+01	1.04313028e+01	5.13995657e-01	-1.34403727e+01	1.39543684e+01	-1.36973706e+01	-2.56997828e-02	1.04056030e+00	1.25872545e-17	1.04056030e+00	-1.04056030e+00
378000          	2.40105620e+01	1.20304457e+01	1.19801163e+01	-5.03293222e-01	5.73870046e-01	-1.07716327e+00	8.25516657e-01	2.51646611e-02	1.20052810e+00	1.28834215e-17	1.20052810e+00	-1.20052810e+00
379000          	1.88640912e+01	9.44644777e+00	9.41764339e+00	-2.88043792e-01	6.93469358e+00	-7.22273737e+00	7.07871548e+00	1.44021896e-02	9.43204558e-01	9.67294797e-18	9.43204558e-01	-9.43204558e-01
380000          	2.28778906e+01	1.14306209e+01	1.14472697e+01	1.66487761e-01	5.84270294e+00	-5.67621518e+00	5.75945906e+00	-8.32438803e-03	1.14389453e+00	5.88533525e-18	1.14389453e+00	-1.14389453e+00
381000          	2.22248473e+01	1.11165544e+01	1.11082929e+01	-8.26153858e-02	-1.28323007e+00	1.20061469e+00	-1.24192238e+00	4.13076929e-03	1.11124237e+00	6.83354232e-18	1.11124237e+00	-1.11124237e+00
382000          	1.99392402e+01	9.94335394e+00	9.99588621e+00	5.25322630e-01	-1.36653305e+01	1.41906532e+01	-1.39279919e+01	-2.62661315e-02	9.96962008e-01	1.23145998e-17	9.96962008e-01	-9.96962008e-01
383000          	2.42430053e+01	1.21275839e+01	1.21154213e+01	-1.21625944e-01	-2.92950005e+00	2.80787411e+00	-2.86868708e+00	6.08129718e-03	1.21215026e+00	1.33543045e-17	1.21215026e+00	-1.21215026e+00
384000          	1.95044597e+01	9.75545306e+00	9.74900665e+00	-6.44640366e-02	2.74429274e+00	-2.80875677e+00	2.77652475e+00	3.22320183e-03	9.75222986e-01	9.54576504e-18	9.75222986e-01	-9.75222986e-01
385000          	2.20536199e+01	1.09620333e+01	1.10915866e+01	1.29553215e+00	-3.33553566e-01	1.62908572e+00	-9.81319643e-01	-6.47766076e-02	1.10268100e+00	6.61862327e-18	1.10268100e+00	-1.10268100e+00
386000          	2.29275594e+01	1.14554956e+01	1.14720638e+01	1.65681497e-01	-3.56553520e-01	5.22235017e-01	-4.39394269e-01	-8.28407485e-03	1.14637797e+00	6.46765301e-18	1.14637797e+00	-1.14637797e+00
387000          	1.92301384e+01	9.54821887e+00	9.68191955e+00	1.33700681e+00	-1.73569636e+01	1.86939704e+01	-1.80254670e+01	-6.68503405e-02	9.61506921e-01	1.22667308e-17	9.61506921e-01	-9.61506921e-01
388000          	2.41022651e+01	1.20510144e+01	1.20512507e+01	2.36272379e-03	-4.97277288e+00	4.97513561e+00	-4.97395424e+00	-1.18136190e-04	1.20511325e+00	1.33452867e-17	1.20511325e+00	-1.20511325e+00
389000          	2.03194974e+01	1.01695223e+01	1.01499751e+01	-1.95471611e-01	4.84475462e+00	-5.04022623e+00	4.94249043e+00	9.77358057e-03	1.01597487e+00	9.71326265e-18	1.01597487e+00	-1.01597487e+00
390000          	2.12288529e+01	1.05768142e+01	1.06520386e+01	7.52243916e-01	4.62384823e+00	-3.87160431e+00	4.24772627e+00	-3.76121958e-02	1.06144264e+00	7.46752707e-18	1.06144264e+00	-1.06144264e+00
391000          	2.34759704e+01	1.17231499e+01	1.17528205e+01	2.96706120e-01	-2.08699207e-01	5.05405328e-01	-3.57052267e-01	-1.48353060e-02	1.17379852e+00	6.21088639e-18	1.17379852e+00	-1.17379852e+00
392000          	1.89584274e+01	9.45293892e+00	9.50548846e+00	5.25495403e-01	-1.03478468e+01	1.08733422e+01	-1.06105945e+01	-2.62747701e-02	9.47921369e-01	1.18706981e-17	9.47921369e-01	-9.47921369e-01
393000          	2.39629819e+01	1.19803256e+01	1.19826563e+01	2.33073677e-02	-6.04305925e+00	6.06636662e+00	-6.05471294e+00	-1.16536838e-03	1.19814910e+00	1.31499373e-17	1.19814910e+00	-1.19814910e+00
394000          	2.12049871e+01	1.06363132e+01	1.05686739e+01	-6.76393571e-01	4.48398710e+00	-5.16038067e+00	4.82218389e+00	3.38196786e-02	1.06024935e+00	1.00752859e-17	1.06024935e+00	-1.06024935e+00
395000          	2.03867782e+01	1.02694817e+01	1.01172965e+01	-1.52185185e+00	1.68440024e+01	-1.83658543e+01	1.76049284e+01	7.60925926e-02	1.01933891e+00	8.01160421e-18	1.01933891e+00	-1.01933891e+00
396000          	2.38375506e+01	1.19032564e+01	1.19342942e+01	3.10377836e-01	-4.90994044e-01	8.01371879e-01	-6.46182961e-01	-1.55188918e-02	1.19187753e+00	5.94292335e-18	1.19187753e+00	-1.19187753e+00
397000          	1.90356460e+01	9.46313632e+00	9.57250966e+00	1.09373337e+00	-1.28649201e+01	1.39586535e+01	-1.34117868e+01	-5.46866684e-02	9.51782299e-01	1.11354399e-17	9.51782299e-01	-9.51782299e-01
398000          	2.35038390e+01	1.17676984e+01	1.17361406e+01	-3.15578452e-01	-6.24737998e+00	5.93180152e+00	-6.08959075e+00	1.57789226e-02	1.17519195e+00	1.29737435e-17	1.17519195e+00	-1.17519195e+00
399000          	2.21208574e+01	1.10711068e+01	1.10497505e+01	-2.13563052e-01	2.07342694e+00	-2.28698999e+00	2.18020846e+00	1.06781526e-02	1.10604287e+00	1.07944062e-17	1.10604287e+00	-1.10604287e+00
400000          	1.94802792e+01	9.84695531e+00	9.63332394e+00	-2.13631368e+00	2.12612980e+01	-2.33976117e+01	2.23294549e+01	1.06815684e-01	9.74013962e-01	8.77416543e-18	9.74013962e-01	-9.74013962e-01
401000          	2.39863433e+01	1.19962237e+01	1.19901196e+01	-6.10406318e-02	3.59882212e+00	-3.65986275e+00	3.62934243e+00	3.05203159e-03	1.19931717e+00	5.67142325e-18	1.19931717e+00	-1.19931717e+00
402000          	1.95050174e+01	9.70059641e+00	9.80442103e+00	1.03824616e+00	-1.15945237e+01	1.26327699e+01	-1.21136468e+01	-5.19123080e-02	9.75250872e-01	9.91995308e-18	9.75250872e-01	-9.75250872e-01
403000          	2.28323585e+01	1.14458952e+01	1.13864634e+01	-5.94317969e-01	-5.65704820e+00	5.06273023e+00	-5.35988921e+00	2.97158985e-02	1.14161793e+00	1.28554117e-17	1.14161793e+00	-1.14161793e+00
404000          	2.28606022e+01	1.14522689e+01	1.14083333e+01	-4.39356636e-01	2.07564252e+00	-2.51499916e+00	2.29532084e+00	2.19678318e-02	1.14303011e+00	1.12690246e-17	1.14303011e+00	-1.14303011e+00
405000          	1.89049625e+01	9.39382365e+00	9.51113881e+00	1.17315158e+00	1.14425863e+00	2.88929589e-02	5.57682833e-01	-5.86575792e-02	9.45248123e-01	1.01361176e-17	9.45248123e-01	-9.45248123e-01
406000          	2.39609773e+01	1.19825870e+01	1.19783904e+01	-4.19661236e-02	4.00192862e+00	-4.04389474e+00	4.02291168e+00	2.09830618e-03	1.19804887e+00	5.48082900e-18	1.19804887e+00	-1.19804887e+00
407000          	2.01221586e+01	1.00636240e+01	1.00585346e+01	-5.08934823e-02	-3.56163324e+00	3.51073975e+00	-3.53618650e+00	2.54467412e-03	1.00610793e+00	8.75121951e-18	1.00610793e+00	-1.00610793e+00
408000          	2.21137014e+01	1.11143848e+01	1.09993166e+01	-1.15068229e+00	-2.49617592e+00	1.34549364e+00	-1.92083478e+00	5.75341143e-02	1.10568507e+00	1.27556417e-17	1.10568507e+00	-1.10568507e+00
409000          	2.34539531e+01	1.17453639e+01	1.17085893e+01	-3.67745634e-01	2.30531747e-01	-5.98277381e-01	4.14404564e-01	1.83872817e-02	1.17269766e+00	1.19201522e-17	1.17269766e+00	-1.17269766e+00
410000          	1.85754798e+01	9.38361189e+00	9.19186789e+00	-1.91744004e+00	1.86540620e+01	-2.05715020e+01	1.96127820e+01	9.58720022e-02	9.28773989e-01	9.93068699e-18	9.28773989e-01	-9.28773989e-01
411000          	2.36947456e+01	1.18638413e+01	1.18309043e+01	-3.29370296e-01	6.90245990e+00	-7.23183019e+00	7.06714504e+00	1.64685148e-02	1.18473728e+00	5.52108036e-18	1.18473728e+00	-1.18473728e+00
412000          	2.09536129e+01	1.04478514e+01	1.05057616e+01	5.79102134e-01	-6.34651946e+00	6.92562159e+00	-6.63607052e+00	-2.89551067e-02	1.04768065e+00	7.91379759e-18	1.04768065e+00	-1.04768065e+00
413000          	2.11761058e+01	1.06201137e+01	1.05559921e+01	-6.41215437e-01	-6.40768505e+00	5.76646961e+00	-6.08707733e+00	3.20607719e-02	1.05880529e+00	1.26474634e-17	1.05880529e+00	-1.05880529e+00
414000          	2.38514300e+01	1.19591973e+01	1.18922327e+01	-6.69646362e-01	1.29721253e+00	-1.96685889e+00	1.63203571e+00	3.34823181e-02	1.19257150e+00	1.26319140e-17	1.19257150e+00	-1.19257150e+00
415000          	1.86780423e+01	9.36833492e+00	9.30970733e+00	-5.86275942e-01	7.74596891e+00	-8.33224485e+00	8.03910688e+00	2.93137971e-02	9.33902113e-01	9.77880636e-18	9.33902113e-01	-9.33902113e-01
416000          	2.31817897e+01	1.16022188e+01	1.15795709e+01	-2.26478140e-01	7.55530038e+00	-7.78177852e+00	7.66853945e+00	1.13239070e-02	1.15908948e+00	5.81631182e-18	1.15908948e+00	-1.15908948e+00
417000          	2.18287680e+01	1.09199987e+01	1.09087693e+01	-1.12293418e-01	-1.17936762e+00	1.06707420e+00	-1.12322091e+00	5.61467090e-03	1.09143840e+00	7.13340342e-18	1.09143840e+00	-1.09143840e+00
418000          	2.02480623e+01	1.01050166e+01	1.01430457e+01	3.80291416e-01	-1.16948328e+01	1.20751242e+01	-1.18849785e+01	-1.90145708e-02	1.01240312e+00	1.22005825e-17	1.01240312e+00	-1.01240312e+00
419000          	2.41369571e+01	1.20944551e+01	1.20425020e+01	-5.19531466e-01	-1.26248156e+00	7.42950098e-01	-1.00271583e+00	2.59765733e-02	1.20684786e+00	1.30738135e-17	1.20684786e+00	-1.20684786e+00
420000          	1.91327957e+01	9.52643715e+00	9.60635853e+00	7.99213867e-01	-2.97346619e-01	1.09656049e+00	-6.96953553e-01	-3.99606934e-02	9.56639784e-01	9.68956115e-18	9.56639784e-01	-9.56639784e-01
421000          	2.24674503e+01	1.11832440e+01	1.12842064e+01	1.00962381e+00	1.54617559e+00	-5.36551777e-01	1.04136368e+00	-5.04811906e-02	1.12337252e+00	6.22466805e-18	1.12337252e+00	-1.12337252e+00
422000          	2.25401629e+01	1.12771105e+01	1.12630524e+01	-1.40581025e-01	4.82014749e-02	-1.88782500e-01	1.18491987e-01	7.02905123e-03	1.12700815e+00	6.62295125e-18	1.12700815e+00	-1.12700815e+00
423000          	1.96684011e+01	9.78224218e+00	9.88615888e+00	1.03916696e+00	-1.57045876e+01	1.67437546e+01	-1.62241711e+01	-5.19583481e-02	9.83420053e-01	1.23401370e-17	9.83420053e-01	-9.83420053e-01
424000          	2.42410995e+01	1.21389709e+01	1.21021286e+01	-3.68423831e-01	-2.01532635e+00	1.64690252e+00	-1.83111443e+00	1.84211915e-02	1.21205498e+00	1.33776781e-17	1.21205498e+00	-1.21205498e+00
425000          	1.98496384e+01	9.96340317e+00	9.88623518e+00	-7.71679886e-01	8.15661191e+00	-8.92829180e+00	8.54245186e+00	3.85839943e-02	9.92481918e-01	9.53125581e-18	9.92481918e-01	-9.92481918e-01
426000          	2.16703961e+01	1.07982532e+01	1.08721429e+01	7.38897016e-01	4.28362430e+00	-3.54472729e+00	3.91417580e+00	-3.69448508e-02	1.08351981e+00	6.89528538e-18	1.08351981e+00	-1.08351981e+00
427000          	2.32104647e+01	1.15899208e+01	1.16205439e+01	3.06231189e-01	-2.12769610e+00	2.43392729e+00	-2.28081169e+00	-1.53115594e-02	1.16052323e+00	6.35026781e-18	1.16052323e+00	-1.16052323e+00
428000          	1.90554508e+01	9.49606227e+00	9.55938855e+00	6.33262805e-01	-1.16990696e+01	1.23323324e+01	-1.20157010e+01	-3.16631402e-02	9.52772541e-01	1.21209099e-17	9.52772541e-01	-9.52772541e-01
429000          	2.40602125e+01	1.20305402e+01	1.20296723e+01	-8.67888497e-03	-6.28639521e+00	6.27771633e+00	-6.28205577e+00	4.33944249e-04	1.20301063e+00	1.32576585e-17	1.20301063e+00	-1.20301063e+00
430000          	2.07480233e+01	1.03723144e+01	1.03757088e+01	3.39439433e-02	3.67490984e+00	-3.64096589e+00	3.65793786e+00	-1.69719717e-03	1.03740116e+00	9.93627158e-18	1.03740116e+00	-1.03740116e+00
431000          	2.07585157e+01	1.03337712e+01	1.04247445e+01	9.09733430e-01	4.07292341e+00	-3.16318998e+00	3.61805670e+00	-4.54866715e-02	1.03792578e+00	7.86824567e-18	1.03792578e+00	-1.03792578e+00
432000          	2.36790132e+01	1.18396189e+01	1.18393943e+01	-2.24642993e-03	2.53356764e-01	-2.55603194e-01	2.54479979e-01	1.12321496e-04	1.18395066e+00	6.04502172e-18	1.18395066e+00	-1.18395066e+00
433000          	1.89205626e+01	9.41073996e+00	9.50982261e+00	9.90826473e-01	-1.45151419e+01	1.55059683e+01	-1.50105551e+01	-4.95413237e-02	9.46028128e-01	1.14548123e-17	9.46028128e-01	-9.46028128e-01
434000          	2.37238357e+01	1.18641191e+01	1.18597166e+01	-4.40258054e-02	-6.83748806e+00	6.79346225e+00	-6.81547515e+00	2.20129027e-03	1.18619179e+00	1.30895389e-17	1.18619179e+00	-1.18619179e+00
435000          	2.16923990e+01	1.08615645e+01	1.08308345e+01	-3.07300457e-01	2.88043679e+00	-3.18773725e+00	3.03408702e+00	1.53650229e-02	1.08461995e+00	1.03870952e-17	1.08461995e+00	-1.08461995e+00
436000          	1.99742103e+01	1.01182199e+01	9.85599044e+00	-2.62229444e+00	2.39289535e+01	-2.65512479e+01	2.52401007e+01	1.31114722e-01	9.98710517e-01	8.32815864e-18	9.98710517e-01	-9.98710517e-01
437000          	2.39349154e+01	1.19544648e+01	1.19804506e+01	2.59857695e-01	1.98379173e-01	6.14785219e-02	6.84503254e-02	-1.29928847e-02	1.19674577e+00	5.84186257e-18	1.19674577e+00	-1.19674577e+00
438000          	1.91453127e+01	9.58928155e+00	9.55603120e+00	-3.32503477e-01	-2.15841214e+00	1.82590866e+00	-1.99216040e+00	1.66251738e-02	9.57265637e-01	1.05117088e-17	9.57265637e-01	-9.57265637e-01
439000          	2.32411628e+01	1.16480699e+01	1.15930930e+01	-5.49769033e-01	-5.39397893e+00	4.84420989e+00	-5.11909441e+00	2.74884516e-02	1.16205814e+00	1.28537916e-17	1.16205814e+00	-1.16205814e+00
440000          	2.24063753e+01	1.12225374e+01	1.11838379e+01	-3.86995256e-01	2.75564096e+00	-3.14263621e+00	2.94913858e+00	1.93497628e-02	1.12031876e+00	1.09649063e-17	1.12031876e+00	-1.12031876e+00
441000          	1.91879604e+01	9.52699921e+00	9.66096118e+00	1.33961970e+00	3.99172915e-01	9.40446788e-01	-2.70636937e-01	-6.69809851e-02	9.59398020e-01	9.68196692e-18	9.59398020e-01	-9.59398020e-01
442000          	2.40223998e+01	1.20032845e+01	1.20191154e+01	1.58309233e-01	1.84665686e+00	-1.68834763e+00	1.76750224e+00	-7.91546166e-03	1.20111999e+00	5.62423867e-18	1.20111999e+00	-1.20111999e+00
443000          	1.97991852e+01	9.86311860e+00	9.93606659e+00	7.29479876e-01	-8.86529964e+00	9.59477952e+00	-9.23003958e+00	-3.64739938e-02	9.89959260e-01	9.35836474e-18	9.89959260e-01	-9.89959260e-01
444000          	2.25134893e+01	1.12878990e+01	1.12255903e+01	-6.23087655e-01	-5.83051509e+00	5.20742743e+00	-5.51897126e+00	3.11543827e-02	1.12567447e+00	1.28088781e-17	1.12567447e+00	-1.12567447e+00
445000          	2.31290544e+01	1.15920306e+01	1.15370238e+01	-5.50067159e-01	2.01169327e+00	-2.56176043e+00	2.28672685e+00	2.75033580e-02	1.15645272e+00	1.15879361e-17	1.15645272e+00	-1.15645272e+00
446000          	1.87075937e+01	9.44395354e+00	9.26364019e+00	-1.80313358e+00	1.65778053e+01	-1.83809389e+01	1.74793721e+01	9.01566788e-02	9.35379687e-01	9.98503657e-18	9.35379687e-01	-9.35379687e-01
447000          	2.38206253e+01	1.19069759e+01	1.19136494e+01	6.67345531e-02	3.27752100e+00	-3.21078645e+00	3.24415372e+00	-3.33672765e-03	1.19103127e+00	5.55091884e-18	1.19103127e+00	-1.19103127e+00
448000          	2.05972539e+01	1.02989714e+01	1.02982824e+01	-6.89019587e-03	-4.13345940e+00	4.12656921e+00	-4.13001430e+00	3.44509793e-04	1.02986269e+00	8.23898837e-18	1.02986269e+00	-1.02986269e+00
449000          	2.16228420e+01	1.08327406e+01	1.07901014e+01	-4.26391773e-01	-6.99160842e+00	6.56521665e+00	-6.77841254e+00	2.13195886e-02	1.08114210e+00	1.27615403e-17	1.08114210e+00	-1.08114210e+00
450000          	2.36490105e+01	1.18163906e+01	1.18326200e+01	1.62293639e-01	-2.69157821e+00	2.85387185e+00	-2.77272503e+00	-8.11468195e-03	1.18245053e+00	1.23106318e-17	1.18245053e+00	-1.18245053e+00
451000          	1.85536582e+01	9.35313902e+00	9.20051916e+00	-1.52619856e+00	1.56609085e+01	-1.71871070e+01	1.64240078e+01	7.63099282e-02	9.27682909e-01	9.97160736e-18	9.27682909e-01	-9.27682909e-01
452000          	2.34080707e+01	1.16606977e+01	1.17473730e+01	8.66753248e-01	7.85273127e-01	8.14801216e-02	3.51896503e-01	-4.33376624e-02	1.17040353e+00	5.67375340e-18	1.17040353e+00	-1.17040353e+00
453000          	2.13962481e+01	1.06825992e+01	1.07136489e+01	3.10497103e-01	-4.66739265e+00	4.97788975e+00	-4.82264120e+00	-1.55248552e-02	1.06981240e+00	7.48737649e-18	1.06981240e+00	-1.06981240e+00
454000          	2.08173687e+01	1.03940291e+01	1.04233395e+01	2.93103748e-01	-1.25623819e+01	1.28554857e+01	-1.27089338e+01	-1.46551874e-02	1.04086843e+00	1.25194944e-17	1.04086843e+00	-1.04086843e+00
455000          	2.40456607e+01	1.20615959e+01	1.19840648e+01	-7.75311281e-01	1.37957022e+00	-2.15488150e+00	1.76722586e+00	3.87655641e-02	1.20228304e+00	1.28404209e-17	1.20228304e+00	-1.20228304e+00
456000          	1.88425014e+01	9.43309740e+00	9.40940396e+00	-2.36934389e-01	5.18098515e+00	-5.41791954e+00	5.29945235e+00	1.18467195e-02	9.42125068e-01	9.70303204e-18	9.42125068e-01	-9.42125068e-01
457000          	2.28677889e+01	1.13845839e+01	1.14832051e+01	9.86211958e-01	1.26518999e+00	-2.78978034e-01	7.72084012e-01	-4.93105979e-02	1.14338945e+00	5.96661715e-18	1.14338945e+00	-1.14338945e+00
458000          	2.22182507e+01	1.10812256e+01	1.11370251e+01	5.57994797e-01	-5.00869940e+00	5.56669419e+00	-5.28769680e+00	-2.78997399e-02	1.11091254e+00	6.93589818e-18	1.11091254e+00	-1.11091254e+00
459000          	1.99619189e+01	9.91031236e+00	1.00516065e+01	1.41294156e+00	-1.76502295e+01	1.90631711e+01	-1.83567003e+01	-7.06470779e-02	9.98095944e-01	1.23594855e-17	9.98095944e-01	-9.98095944e-01
460000          	2.41540913e+01	1.21021503e+01	1.20519410e+01	-5.02092663e-01	-1.35777552e+00	8.55682857e-01	-1.10672919e+00	2.51046331e-02	1.20770457e+00	1.33146428e-17	1.20770457e+00	-1.20770457e+00
461000          	1.94925242e+01	9.80044281e+00	9.69208135e+00	-1.08361460e+00	9.79947333e+00	-1.08830879e+01	1.03412806e+01	5.41807301e-02	9.74626208e-01	9.43079075e-18	9.74626208e-01	-9.74626208e-01
462000          	2.20680875e+01	1.10227283e+01	1.10453592e+01	2.26308537e-01	6.53566089e+00	-6.30935236e+00	6.42250662e+00	-1.13154269e-02	1.10340438e+00	6.47335121e-18	1.10340438e+00	-1.10340438e+00
463000          	2.29165916e+01	1.14498658e+01	1.14667259e+01	1.68601115e-01	-1.99035668e+00	2.15895780e+00	-2.07465724e+00	-8.43005577e-03	1.14582958e+00	6.44155037e-18	1.14582958e+00	-1.14582958e+00
464000          	1.92215382e+01	9.58164951e+00	9.63988869e+00	5.82391782e-01	-1.27682766e+01	1.33506684e+01	-1.30594725e+01	-2.91195891e-02	9.61076910e-01	1.22165899e-17	9.61076910e-01	-9.61076910e-01
465000          	2.41362887e+01	1.20515836e+01	1.20847051e+01	3.31215223e-01	-8.17414458e+00	8.50535980e+00	-8.33975219e+00	-1.65607611e-02	1.20681443e+00	1.32966464e-17	1.20681443e+00	-1.20681443e+00
466000          	2.03760878e+01	1.02307267e+01	1.01453611e+01	-8.53656554e-01	7.71044700e+00	-8.56410355e+00	8.13727527e+00	4.26828277e-02	1.01880439e+00	9.71850158e-18	1.01880439e+00	-1.01880439e+00
467000          	2.12301866e+01	1.05681648e+01	1.06620219e+01	9.38571330e-01	3.54449718e+00	-2.60592585e+00	3.07521152e+00	-4.69285665e-02	1.06150933e+00	7.47356085e-18	1.06150933e+00	-1.06150933e+00
468000          	2.34464955e+01	1.17054252e+01	1.17410703e+01	3.56450619e-01	-2.24430908e+00	2.60075969e+00	-2.42253439e+00	-1.78225309e-02	1.17232477e+00	6.21668314e-18	1.17232477e+00	-1.17232477e+00
469000          	1.89489310e+01	9.44473623e+00	9.50419481e+00	5.94585834e-01	-1.11522859e+01	1.17468717e+01	-1.14495788e+01	-2.97292917e-02	9.47446552e-01	1.18826349e-17	9.47446552e-01	-9.47446552e-01
470000          	2.39501864e+01	1.19948545e+01	1.19553319e+01	-3.95225487e-01	-3.09056913e+00	2.69534365e+00	-2.89295639e+00	1.97612744e-02	1.19750932e+00	1.31074091e-17	1.19750932e+00	-1.19750932e+00
471000          	2.12038907e+01	1.06299932e+01	1.05738975e+01	-5.60957201e-01	5.66454499e+00	-6.22550219e+00	5.94502359e+00	2.80478600e-02	1.06019453e+00	1.00988394e-17	1.06019453e+00	-1.06019453e+00
472000          	2.04472804e+01	1.03293266e+01	1.01179538e+01	-2.11372782e+00	2.09525340e+01	-2.30662618e+01	2.20093979e+01	1.05686391e-01	1.02236402e+00	7.93515627e-18	1.02236402e+00	-1.02236402e+00
473000          	2.38069988e+01	1.19109527e+01	1.18960461e+01	-1.49066518e-01	2.70806531e+00	-2.85713183e+00	2.78259857e+00	7.45332590e-03	1.19034994e+00	5.94499901e-18	1.19034994e+00	-1.19034994e+00
474000          	1.89793912e+01	9.45200382e+00	9.52738738e+00	7.53835579e-01	-1.23439249e+01	1.30977605e+01	-1.27208427e+01	-3.76917789e-02	9.48969560e-01	1.10717072e-17	9.48969560e-01	-9.48969560e-01
475000          	2.35070227e+01	1.17666107e+01	1.17404120e+01	-2.61986596e-01	-6.50601710e+00	6.24403051e+00	-6.37502381e+00	1.30993298e-02	1.17535113e+00	1.29835804e-17	1.17535113e+00	-1.17535113e+00
476000          	2.21180686e+01	1.10440408e+01	1.10740278e+01	2.99869653e-01	2.01729451e-01	9.81402027e-02	5.17946239e-02	-1.49934827e-02	1.10590343e+00	1.08335815e-17	1.10590343e+00	-1.10590343e+00
477000          	1.95276262e+01	9.87235592e+00	9.65527030e+00	-2.17085621e+00	2.17641632e+01	-2.39350194e+01	2.28495913e+01	1.08542811e-01	9.76381311e-01	8.84172799e-18	9.76381311e-01	-9.76381311e-01
478000          	2.40076972e+01	1.20063392e+01	1.20013580e+01	-4.98122008e-02	3.18779599e+00	-3.23760820e+00	3.21270209e+00	2.49061004e-03	1.20038486e+00	5.69326750e-18	1.20038486e+00	-1.20038486e+00
479000          	1.95055456e+01	9.75406809e+00	9.75147751e+00	-2.59058270e-02	-4.68257590e+00	4.65667007e+00	-4.66962299e+00	1.29529135e-03	9.75277280e-01	9.81076665e-18	9.75277280e-01	-9.75277280e-01
480000          	2.28232985e+01	1.14653051e+01	1.13579934e+01	-1.07311680e+00	-3.00983321e+00	1.93671641e+00	-2.47327481e+00	5.36558400e-02	1.14116492e+00	1.27756966e-17	1.14116492e+00	-1.14116492e+00
481000          	2.28512574e+01	1.14436627e+01	1.14075947e+01	-3.60679591e-01	1.51459969e+00	-1.87527928e+00	1.69493949e+00	1.80339796e-02	1.14256287e+00	1.12513452e-17	1.14256287e+00	-1.14256287e+00
482000          	1.88732333e+01	9.36308440e+00	9.51014890e+00	1.47064505e+00	-1.09210842e+00	2.56275347e+00	-1.82743094e+00	-7.35322525e-02	9.43661665e-01	1.01557153e-17	9.43661665e-01	-9.43661665e-01
483000          	2.39343177e+01	1.19691071e+01	1.19652106e+01	-3.89653483e-02	4.09900045e+00	-4.13796579e+00	4.11848312e+00	1.94826742e-03	1.19671588e+00	5.55973931e-18	1.19671588e+00	-1.19671588e+00
484000          	2.01245272e+01	1.00282686e+01	1.00962586e+01	6.79899371e-01	-8.03486765e+00	8.71476702e+00	-8.37481733e+00	-3.39949685e-02	1.00622636e+00	8.84370013e-18	1.00622636e+00	-1.00622636e+00
485000          	2.21593653e+01	1.11064030e+01	1.10529623e+01	-5.34406627e-01	-6.40439722e+00	5.86999059e+00	-6.13719390e+00	2.67203314e-02	1.10796826e+00	1.27376776e-17	1.10796826e+00	-1.10796826e+00
486000          	2.34059383e+01	1.16917559e+01	1.17141824e+01	2.24264432e-01	-2.92586483e+00	3.15012926e+00	-3.03799705e+00	-1.12132216e-02	1.17029691e+00	1.20119699e-17	1.17029691e+00	-1.17029691e+00
487000          	1.85842953e+01	9.34776217e+00	9.23653311e+00	-1.11229058e+00	1.21727536e+01	-1.32850442e+01	1.27288989e+01	5.56145288e-02	9.29214764e-01	9.99124251e-18	9.29214764e-01	-9.29214764e-01
488000          	2.37033581e+01	1.18621858e+01	1.18411723e+01	-2.10135670e-01	5.37379733e+00	-5.58393299e+00	5.47886516e+00	1.05067835e-02	1.18516790e+00	5.48638507e-18	1.18516790e+00	-1.18516790e+00
489000          	2.09642515e+01	1.04693687e+01	1.04948827e+01	2.55140082e-01	-4.48597311e+00	4.74111319e+00	-4.61354315e+00	-1.27570041e-02	1.04821257e+00	7.91053181e-18	1.04821257e+00	-1.04821257e+00
490000          	2.11892303e+01	1.06687877e+01	1.05204426e+01	-1.48345108e+00	-1.42507700e+00	-5.83740774e-02	-6.83351461e-01	7.41725538e-02	1.05946151e+00	1.25636099e-17	1.05946151e+00	-1.05946151e+00
491000          	2.38455222e+01	1.19107213e+01	1.19348009e+01	2.40795406e-01	-4.19225774e+00	4.43305314e+00	-4.31265544e+00	-1.20397703e-02	1.19227611e+00	1.26686641e-17	1.19227611e+00	-1.19227611e+00
492000          	1.86823064e+01	9.41759532e+00	9.26471104e+00	-1.52884277e+00	1.41022947e+01	-1.56311375e+01	1.48667161e+01	7.64421384e-02	9.34115318e-01	9.77360265e-18	9.34115318e-01	-9.34115318e-01
493000          	2.31565264e+01	1.15352251e+01	1.16213012e+01	8.60760809e-01	1.19707393e+00	-3.36313121e-01	7.66693525e-01	-4.30380404e-02	1.15782632e+00	5.85494083e-18	1.15782632e+00	-1.15782632e+00
494000          	2.18324092e+01	1.09188774e+01	1.09135318e+01	-5.34559365e-02	-1.79995584e+00	1.74649990e+00	-1.77322787e+00	2.67279682e-03	1.09162046e+00	7.11000180e-18	1.09162046e+00	-1.09162046e+00
495000          	2.03065582e+01	1.01188195e+01	1.01877387e+01	6.89191913e-01	-1.38377407e+01	1.45269326e+01	-1.41823367e+01	-3.44595957e-02	1.01532791e+00	1.23926678e-17	1.01532791e+00	-1.01532791e+00
496000          	2.41202167e+01	1.20517326e+01	1.20684841e+01	1.67514464e-01	-3.64982455e+00	3.81733901e+00	-3.73358178e+00	-8.37572318e-03	1.20601084e+00	1.31267901e-17	1.20601084e+00	-1.20601084e+00
497000          	1.91506314e+01	9.57966116e+00	9.57097027e+00	-8.69089391e-02	4.99359632e+00	-5.08050526e+00	5.03705079e+00	4.34544695e-03	9.57531571e-01	9.61030723e-18	9.57531571e-01	-9.57531571e-01
498000          	2.24685907e+01	1.12092441e+01	1.12593466e+01	5.01025785e-01	4.88939633e+00	-4.38837055e+00	4.63888344e+00	-2.50512892e-02	1.12342954e+00	6.20347487e-18	1.12342954e+00	-1.12342954e+00
499000          	2.25089233e+01	1.12552758e+01	1.12536475e+01	-1.62827232e-02	-6.69809439e-01	6.53526716e-01	-6.61668077e-01	8.14136158e-04	1.12544617e+00	6.61234383e-18	1.12544617e+00	-1.12544617e+00
500000          	1.96036644e+01	9.77144773e+00	9.83221664e+00	6.07689058e-01	-1.39784349e+01	1.45861239e+01	-1.42822794e+01	-3.03844529e-02	9.80183219e-01	1.21612344e-17	9.80183219e-01	-9.80183219e-01
501000          	2.42118828e+01	1.21188419e+01	1.20930409e+01	-2.58009592e-01	-3.33095221e+00	3.07294262e+00	-3.20194741e+00	1.29004796e-02	1.21059414e+00	1.33839287e-17	1.21059414e+00	-1.21059414e+00
502000          	1.98922879e+01	9.94681332e+00	9.94547454e+00	-1.33877649e-02	3.55544218e+00	-3.56882995e+00	3.56213607e+00	6.69388245e-04	9.94614393e-01	9.58663993e-18	9.94614393e-01	-9.94614393e-01
503000          	2.16656858e+01	1.07957291e+01	1.08699567e+01	7.42276225e-01	4.23711289e+00	-3.49483667e+00	3.86597478e+00	-3.71138112e-02	1.08328429e+00	6.90159527e-18	1.08328429e+00	-1.08328429e+00
504000          	2.32122145e+01	1.15906336e+01	1.16215809e+01	3.09472938e-01	-2.18164413e+00	2.49111706e+00	-2.33638059e+00	-1.54736469e-02	1.16061073e+00	6.35536601e-18	1.16061073e+00	-1.16061073e+00
505000          	1.90498767e+01	9.49335490e+00	9.55652179e+00	6.31668934e-01	-1.16642504e+01	1.22959193e+01	-1.19800849e+01	-3.15834467e-02	9.52493834e-01	1.21106961e-17	9.52493834e-01	-9.52493834e-01
506000          	2.41038250e+01	1.20825832e+01	1.20212418e+01	-6.13413816e-01	-1.72008103e+00	1.10666721e+00	-1.41337412e+00	3.06706908e-02	1.20519125e+00	1.32546349e-17	1.20519125e+00	-1.20519125e+00
507000          	2.07802045e+01	1.03898374e+01	1.03903672e+01	5.29775804e-03	3.88455012e+00	-3.87925236e+00	3.88190124e+00	-2.64887902e-04	1.03901023e+00	9.99988913e-18	1.03901023e+00	-1.03901023e+00
508000          	2.07593645e+01	1.03323170e+01	1.04270474e+01	9.47303866e-01	3.58957366e+00	-2.64226979e+00	3.11592173e+00	-4.73651933e-02	1.03796822e+00	7.85995598e-18	1.03796822e+00	-1.03796822e+00
509000          	2.36410003e+01	1.18067919e+01	1.18342084e+01	2.74165457e-01	2.78917649e-01	-4.75219179e-03	1.41834920e-01	-1.37082729e-02	1.18205002e+00	6.07707812e-18	1.18205002e+00	-1.18205002e+00
510000          	1.89453858e+01	9.41036715e+00	9.53501869e+00	1.24651540e+00	-1.46255834e+01	1.58720988e+01	-1.52488411e+01	-6.23257700e-02	9.47269292e-01	1.14676418e-17	9.47269292e-01	-9.47269292e-01
511000          	2.37137919e+01	1.18707157e+01	1.18430762e+01	-2.76395564e-01	-5.73861428e+00	5.46221871e+00	-5.60041649e+00	1.38197782e-02	1.18568960e+00	1.30683326e-17	1.18568960e+00	-1.18568960e+00
512000          	2.16162068e+01	1.07966744e+01	1.08195324e+01	2.28580232e-01	8.91812416e-01	-6.63232184e-01	7.77522300e-01	-1.14290116e-02	1.08081034e+00	1.04073394e-17	1.08081034e+00	-1.08081034e+00
513000          	1.99778129e+01	1.01134087e+01	9.86440420e+00	-2.49004526e+00	2.31876662e+01	-2.56777115e+01	2.44326888e+01	1.24502263e-01	9.98890647e-01	8.33492344e-18	9.98890647e-01	-9.98890647e-01
514000          	2.39384378e+01	1.19559562e+01	1.19824816e+01	2.65254223e-01	1.51845298e-01	1.13408925e-01	1.92181864e-02	-1.32627111e-02	1.19692189e+00	5.84189043e-18	1.19692189e+00	-1.19692189e+00
515000          	1.91750181e+01	9.55058851e+00	9.62442963e+00	7.38411199e-01	-1.15103926e+01	1.22488038e+01	-1.18795982e+01	-3.69205599e-02	9.58750907e-01	1.06426471e-17	9.58750907e-01	-9.58750907e-01
516000          	2.32624251e+01	1.16414554e+01	1.16209697e+01	-2.04857761e-01	-6.70752773e+00	6.50266996e+00	-6.60509884e+00	1.02428881e-02	1.16312125e+00	1.29495257e-17	1.16312125e+00	-1.16312125e+00
517000          	2.24591463e+01	1.12015983e+01	1.12575480e+01	5.59497544e-01	-3.73460487e+00	4.29410242e+00	-4.01435365e+00	-2.79748772e-02	1.12295731e+00	1.10360338e-17	1.12295731e+00	-1.12295731e+00
518000          	1.92078014e+01	9.55097282e+00	9.65682856e+00	1.05855736e+00	2.54421491e+00	-1.48565756e+00	2.01493624e+00	-5.29278679e-02	9.60390069e-01	9.63001134e-18	9.60390069e-01	-9.60390069e-01
519000          	2.40363812e+01	1.20147607e+01	1.20216204e+01	6.85971605e-02	3.30881864e+00	-3.24022148e+00	3.27452006e+00	-3.42985802e-03	1.20181906e+00	5.57885253e-18	1.20181906e+00	-1.20181906e+00
520000          	1.97464672e+01	9.86748188e+00	9.87898532e+00	1.15034342e-01	-4.05130943e+00	4.16634377e+00	-4.10882660e+00	-5.75171710e-03	9.87323360e-01	9.28661954e-18	9.87323360e-01	-9.87323360e-01
521000          	2.25143546e+01	1.12757588e+01	1.12385957e+01	-3.71631126e-01	-7.12304966e+00	6.75141854e+00	-6.93723410e+00	1.85815563e-02	1.12571773e+00	1.28015133e-17	1.12571773e+00	-1.12571773e+00
522000          	2.31299001e+01	1.15911340e+01	1.15387661e+01	-5.23679063e-01	1.90066598e+00	-2.42434505e+00	2.16250551e+00	2.61839531e-02	1.15649500e+00	1.16757134e-17	1.15649500e+00	-1.15649500e+00
523000          	1.87645445e+01	9.50034524e+00	9.26419924e+00	-2.36145993e+00	2.10030768e+01	-2.33645367e+01	2.21838068e+01	1.18072996e-01	9.38227224e-01	9.99754855e-18	9.38227224e-01	-9.38227224e-01
524000          	2.38303930e+01	1.19359444e+01	1.18944486e+01	-4.14957526e-01	6.48730161e+00	-6.90225913e+00	6.69478037e+00	2.07478763e-02	1.19151965e+00	5.49395836e-18	1.19151965e+00	-1.19151965e+00
525000          	2.05557130e+01	1.02871324e+01	1.02685806e+01	-1.85518153e-01	-1.06779212e+00	8.82273969e-01	-9.75033046e-01	9.27590766e-03	1.02778565e+00	8.20345071e-18	1.02778565e+00	-1.02778565e+00
526000          	2.15969066e+01	1.08407981e+01	1.07561085e+01	-8.46896222e-01	-5.96577247e+00	5.11887625e+00	-5.54232436e+00	4.23448111e-02	1.07984533e+00	1.27081225e-17	1.07984533e+00	-1.07984533e+00
527000          	2.36155890e+01	1.18289665e+01	1.17866225e+01	-4.23439536e-01	2.88687934e-01	-7.12127470e-01	5.00407702e-01	2.11719768e-02	1.18077945e+00	1.22765466e-17	1.18077945e+00	-1.18077945e+00
528000          	1.85619064e+01	9.36982166e+00	9.19208475e+00	-1.77736913e+00	1.55837811e+01	-1.73611503e+01	1.64724657e+01	8.88684563e-02	9.28095321e-01	9.88313657e-18	9.28095321e-01	-9.28095321e-01
529000          	2.34548233e+01	1.17186188e+01	1.17362045e+01	1.75856927e-01	4.25620476e+00	-4.08034783e+00	4.16827630e+00	-8.79284633e-03	1.17274116e+00	5.65960449e-18	1.17274116e+00	-1.17274116e+00
530000          	2.13986943e+01	1.06937487e+01	1.07049456e+01	1.11968547e-01	-3.25473924e+00	3.36670778e+00	-3.31072351e+00	-5.59842733e-03	1.06993471e+00	7.50458602e-18	1.06993471e+00	-1.06993471e+00
531000          	2.08341038e+01	1.03914450e+01	1.04426588e+01	5.12137791e-01	-1.34788469e+01	1.39909847e+01	-1.37349158e+01	-2.56068896e-02	1.04170519e+00	1.25977600e-17	1.04170519e+00	-1.04170519e+00
532000          	2.40209655e+01	1.20429034e+01	1.19780621e+01	-6.48413587e-01	1.37714214e+00	-2.02555573e+00	1.70134893e+00	3.24206794e-02	1.20104827e+00	1.28580615e-17	1.20104827e+00	-1.20104827e+00
533000          	1.88742892e+01	9.41650301e+00	9.45778622e+00	4.12832193e-01	3.16275038e-01	9.65571550e-02	1.09858942e-01	-2.06416097e-02	9.43714461e-01	9.76245307e-18	9.43714461e-01	-9.43714461e-01
534000          	2.28972954e+01	1.14418656e+01	1.14554298e+01	1.35641789e-01	6.60582567e+00	-6.47018389e+00	6.53800478e+00	-6.78208945e-03	1.14486477e+00	5.93148374e-18	1.14486477e+00	-1.14486477e+00
535000          	2.22036507e+01	1.10684042e+01	1.11352466e+01	6.68424386e-01	-5.48758174e+00	6.15600613e+00	-5.82179394e+00	-3.34212193e-02	1.11018254e+00	6.92643254e-18	1.11018254e+00	-1.11018254e+00
536000          	1.99690820e+01	9.94812700e+00	1.00209550e+01	7.28280295e-01	-1.26919390e+01	1.34202193e+01	-1.30560792e+01	-3.64140147e-02	9.98454102e-01	1.23447982e-17	9.98454102e-01	-9.98454102e-01
537000          	2.42242613e+01	1.21254943e+01	1.20987670e+01	-2.67272923e-01	-2.62018530e+00	2.35291237e+00	-2.48654884e+00	1.33636462e-02	1.21121307e+00	1.32984402e-17	1.21121307e+00	-1.21121307e+00
538000          	1.95189636e+01	9.74441729e+00	9.77454635e+00	3.01290626e-01	1.17968526e+00	-8.78394633e-01	1.02903995e+00	-1.50645313e-02	9.75948182e-01	9.56081312e-18	9.75948182e-01	-9.75948182e-01
539000          	2.20742694e+01	1.10290840e+01	1.10451854e+01	1.61013965e-01	5.91629044e+00	-5.75527648e+00	5.83578346e+00	-8.05069824e-03	1.10371347e+00	6.56704051e-18	1.10371347e+00	-1.10371347e+00
540000          	2.29413367e+01	1.14932262e+01	1.14481105e+01	-4.51157599e-01	2.27728212e+00	-2.72843972e+00	2.50286092e+00	2.25578799e-02	1.14706683e+00	6.45937579e-18	1.14706683e+00	-1.14706683e+00
541000          	1.92116739e+01	9.58082257e+00	9.63085131e+00	5.00287331e-01	-1.19334362e+01	1.24337235e+01	-1.21835798e+01	-2.50143666e-02	9.60583694e-01	1.21382876e-17	9.60583694e-01	-9.60583694e-01
542000          	2.41964275e+01	1.21032373e+01	1.20931902e+01	-1.00470256e-01	-4.47216064e+00	4.37169038e+00	-4.42192551e+00	5.02351278e-03	1.20982137e+00	1.33755365e-17	1.20982137e+00	-1.20982137e+00
543000          	2.03214881e+01	1.01604585e+01	1.01610296e+01	5.71145745e-03	4.33347196e+00	-4.32776050e+00	4.33061623e+00	-2.85572873e-04	1.01607440e+00	9.76827948e-18	1.01607440e+00	-1.01607440e+00
544000          	2.12004886e+01	1.05693149e+01	1.06311736e+01	6.18587327e-01	6.28281771e+00	-5.66423038e+00	5.97352405e+00	-3.09293663e-02	1.06002443e+00	7.43232548e-18	1.06002443e+00	-1.06002443e+00
545000          	2.34488478e+01	1.17070725e+01	1.17417753e+01	3.47027810e-01	-6.94181457e-01	1.04120927e+00	-8.67695362e-01	-1.73513905e-02	1.17244239e+00	6.24154761e-18	1.17244239e+00	-1.17244239e+00
546000          	1.89135796e+01	9.39597480e+00	9.51760485e+00	1.21630051e+00	-1.49821666e+01	1.61984671e+01	-1.55903169e+01	-6.08150255e-02	9.45678982e-01	1.19415144e-17	9.45678982e-01	-9.45678982e-01
547000          	2.39890497e+01	1.19945026e+01	1.19945471e+01	4.44668748e-04	-6.26368729e+00	6.26413196e+00	-6.26390963e+00	-2.22334374e-05	1.19945249e+00	1.31378428e-17	1.19945249e+00	-1.19945249e+00
548000          	2.12541352e+01	1.06535100e+01	1.06006253e+01	-5.28847218e-01	4.69712549e+00	-5.22597271e+00	4.96154910e+00	2.64423609e-02	1.06270676e+00	1.02005575e-17	1.06270676e+00	-1.06270676e+00
549000          	2.04029136e+01	1.02755922e+01	1.01273214e+01	-1.48270752e+00	1.66170287e+01	-1.80997362e+01	1.73583824e+01	7.41353759e-02	1.02014568e+00	8.00979411e-18	1.02014568e+00	-1.02014568e+00
550000          	2.38364894e+01	1.19024877e+01	1.19340017e+01	3.15140261e-01	-5.57244617e-01	8.72384878e-01	-7.14814748e-01	-1.57570131e-02	1.19182447e+00	5.95263184e-18	1.19182447e+00	-1.19182447e+00
551000          	1.90360318e+01	9.46308988e+00	9.57294188e+00	1.09852007e+00	-1.29129261e+01	1.40114462e+01	-1.34621861e+01	-5.49260034e-02	9.51801588e-01	1.11409001e-17	9.51801588e-01	-9.51801588e-01
552000          	2.35096055e+01	1.17716406e+01	1.17379649e+01	-3.36756398e-01	-6.16596264e+00	5.82920624e+00	-5.99758444e+00	1.68378199e-02	1.17548027e+00	1.29741842e-17	1.17548027e+00	-1.17548027e+00
553000          	2.21098153e+01	1.10656292e+01	1.10441861e+01	-2.14431701e-01	2.08215824e+00	-2.29658995e+00	2.18937410e+00	1.07215851e-02	1.10549077e+00	1.07843276e-17	1.10549077e+00	-1.10549077e+00
554000          	1.95469805e+01	9.88103947e+00	9.66594108e+00	-2.15098392e+00	2.14665624e+01	-2.36175463e+01	2.25420544e+01	1.07549196e-01	9.77349027e-01	8.84408705e-18	9.77349027e-01	-9.77349027e-01
555000          	2.40098848e+01	1.20073603e+01	1.20025245e+01	-4.83586055e-02	2.94968631e+00	-2.99804492e+00	2.97386562e+00	2.41793027e-03	1.20049424e+00	5.69894538e-18	1.20049424e+00	-1.20049424e+00
556000          	1.94380063e+01	9.70697165e+00	9.73103466e+00	2.40630092e-01	-5.67497729e+00	5.91560738e+00	-5.79529233e+00	-1.20315046e-02	9.71900315e-01	9.85058807e-18	9.71900315e-01	-9.71900315e-01
557000          	2.28166827e+01	1.14649494e+01	1.13517333e+01	-1.13216103e+00	-2.68265083e+00	1.55048981e+00	-2.11657032e+00	5.66080513e-02	1.14083414e+00	1.27778466e-17	1.14083414e+00	-1.14083414e+00
558000          	2.27933474e+01	1.14215507e+01	1.13717968e+01	-4.97538916e-01	1.57868186e+00	-2.07622078e+00	1.82745132e+00	2.48769458e-02	1.13966737e+00	1.12357142e-17	1.13966737e+00	-1.13966737e+00
559000          	1.89042298e+01	9.39197934e+00	9.51225046e+00	1.20271127e+00	9.24513643e-01	2.78197631e-01	3.23158006e-01	-6.01355637e-02	9.45211490e-01	1.00787511e-17	9.45211490e-01	-9.45211490e-01
560000          	2.39336941e+01	1.19584067e+01	1.19752874e+01	1.68807471e-01	2.71139232e+00	-2.54258485e+00	2.62698859e+00	-8.44037353e-03	1.19668471e+00	5.51576876e-18	1.19668471e+00	-1.19668471e+00
561000          	2.01638297e+01	1.00832995e+01	1.00805303e+01	-2.76920523e-02	-3.79425847e+00	3.76656642e+00	-3.78041244e+00	1.38460262e-03	1.00819149e+00	8.74366497e-18	1.00819149e+00	-1.00819149e+00
562000          	2.21141433e+01	1.10953639e+01	1.10187794e+01	-7.65844836e-01	-6.17351026e+00	5.40766543e+00	-5.79058784e+00	3.82922418e-02	1.10570716e+00	1.27581679e-17	1.10570716e+00	-1.10570716e+00
563000          	2.34369110e+01	1.17130910e+01	1.17238199e+01	1.07288679e-01	-1.46390149e+00	1.57119017e+00	-1.51754583e+00	-5.36443394e-03	1.17184555e+00	1.19910720e-17	1.17184555e+00	-1.17184555e+00
564000          	1.86142545e+01	9.37586762e+00	9.23838691e+00	-1.37480713e+00	1.32380283e+01	-1.46128354e+01	1.39254318e+01	6.87403564e-02	9.30712726e-01	9.93299446e-18	9.30712726e-01	-9.30712726e-01
565000          	2.37069670e+01	1.18636823e+01	1.18432847e+01	-2.03976022e-01	5.36828527e+00	-5.57226129e+00	5.47027328e+00	1.01988011e-02	1.18534835e+00	5.49380049e-18	1.18534835e+00	-1.18534835e+00
566000          	2.09587965e+01	1.04503700e+01	1.05084265e+01	5.80565755e-01	-6.27849074e+00	6.85905649e+00	-6.56877362e+00	-2.90282877e-02	1.04793982e+00	7.91171871e-18	1.04793982e+00	-1.04793982e+00
567000          	2.11619948e+01	1.06425454e+01	1.05194494e+01	-1.23095960e+00	-3.00409172e+00	1.77313212e+00	-2.38861192e+00	6.15479802e-02	1.05809974e+00	1.25010573e-17	1.05809974e+00	-1.05809974e+00
568000          	2.38385537e+01	1.19199662e+01	1.19185875e+01	-1.37873622e-02	-3.04495386e+00	3.03116650e+00	-3.03806018e+00	6.89368110e-04	1.19192768e+00	1.26407617e-17	1.19192768e+00	-1.19192768e+00
569000          	1.86461474e+01	9.39211666e+00	9.25403071e+00	-1.38085947e+00	1.29523604e+01	-1.43332199e+01	1.36427902e+01	6.90429733e-02	9.32307368e-01	9.76704740e-18	9.32307368e-01	-9.32307368e-01
570000          	2.31754521e+01	1.15658871e+01	1.16095650e+01	4.36778855e-01	3.35779149e+00	-2.92101263e+00	3.13940206e+00	-2.18389427e-02	1.15877260e+00	5.81578594e-18	1.15877260e+00	-1.15877260e+00
571000          	2.18404169e+01	1.09181597e+01	1.09222572e+01	4.09741635e-02	-2.63191870e+00	2.67289286e+00	-2.65240578e+00	-2.04870817e-03	1.09202085e+00	7.13680906e-18	1.09202085e+00	-1.09202085e+00
572000          	2.03284818e+01	1.01453835e+01	1.01830983e+01	3.77147717e-01	-1.23412612e+01	1.27184089e+01	-1.25298350e+01	-1.88573859e-02	1.01642409e+00	1.22864987e-17	1.01642409e+00	-1.01642409e+00
573000          	2.41409573e+01	1.20821236e+01	1.20588337e+01	-2.32898877e-01	-2.53626296e+00	2.30336409e+00	-2.41981353e+00	1.16449438e-02	1.20704787e+00	1.31120302e-17	1.20704787e+00	-1.20704787e+00
574000          	1.91497061e+01	9.57252937e+00	9.57717668e+00	4.64730249e-02	2.78954844e+00	-2.74307541e+00	2.76631192e+00	-2.32365124e-03	9.57485303e-01	9.59644279e-18	9.57485303e-01	-9.57485303e-01
575000          	2.24743724e+01	1.12121780e+01	1.12621944e+01	5.00163805e-01	4.91871763e+00	-4.41855383e+00	4.66863573e+00	-2.50081902e-02	1.12371862e+00	6.20212115e-18	1.12371862e+00	-1.12371862e+00
576000          	2.25066049e+01	1.12531952e+01	1.12534098e+01	2.14614111e-03	-7.99289267e-01	8.01435408e-01	-8.00362337e-01	-1.07307056e-04	1.12533025e+00	6.61619213e-18	1.12533025e+00	-1.12533025e+00
577000          	1.96217068e+01	9.73806792e+00	9.88363889e+00	1.45570970e+00	-1.76033287e+01	1.90590384e+01	-1.83311836e+01	-7.27854851e-02	9.81085341e-01	1.23013749e-17	9.81085341e-01	-9.81085341e-01
578000          	2.42768841e+01	1.21562302e+01	1.21206539e+01	-3.55762776e-01	-2.53079733e+00	2.17503455e+00	-2.35291594e+00	1.77881388e-02	1.21384420e+00	1.33355722e-17	1.21384420e+00	-1.21384420e+00
579000          	1.98759650e+01	9.98805060e+00	9.88791441e+00	-1.00136196e+00	8.90918396e+00	-9.91054592e+00	9.40986494e+00	5.00680981e-02	9.93798251e-01	9.50335171e-18	9.93798251e-01	-9.93798251e-01
580000          	2.16707683e+01	1.07980007e+01	1.08727675e+01	7.47667655e-01	4.16927929e+00	-3.42161163e+00	3.79544546e+00	-3.73833828e-02	1.08353841e+00	6.89758171e-18	1.08353841e+00	-1.08353841e+00
581000          	2.32157149e+01	1.15918693e+01	1.16238457e+01	3.19764160e-01	-2.23619287e+00	2.55595703e+00	-2.39607495e+00	-1.59882080e-02	1.16078575e+00	6.35265280e-18	1.16078575e+00	-1.16078575e+00
582000          	1.90525143e+01	9.49438076e+00	9.55813356e+00	6.37527967e-01	-1.17322801e+01	1.23698081e+01	-1.20510441e+01	-3.18763983e-02	9.52625716e-01	1.21138129e-17	9.52625716e-01	-9.52625716e-01
583000          	2.40489446e+01	1.20115478e+01	1.20373968e+01	2.58489960e-01	-6.85212369e+00	7.11061365e+00	-6.98136867e+00	-1.29244980e-02	1.20244723e+00	1.32570803e-17	1.20244723e+00	-1.20244723e+00
584000          	2.07789529e+01	1.04290885e+01	1.03498645e+01	-7.92240335e-01	6.45534229e+00	-7.24758262e+00	6.85146246e+00	3.96120167e-02	1.03894765e+00	9.87374478e-18	1.03894765e+00	-1.03894765e+00
585000          	2.07724228e+01	1.03436225e+01	1.04288002e+01	8.51777112e-01	4.20040984e+00	-3.34863273e+00	3.77452128e+00	-4.25888556e-02	1.03862114e+00	7.84761263e-18	1.03862114e+00	-1.03862114e+00
586000          	2.36462775e+01	1.18363961e+01	1.18098813e+01	-2.65147556e-01	2.64720797e+00	-2.91235552e+00	2.77978175e+00	1.32573778e-02	1.18231387e+00	6.05234889e-18	1.18231387e+00	-1.18231387e+00
587000          	1.88861726e+01	9.40576693e+00	9.48040568e+00	7.46387487e-01	-1.29240985e+01	1.36704860e+01	-1.32972923e+01	-3.73193744e-02	9.44308631e-01	1.14069571e-17	9.44308631e-01	-9.44308631e-01
588000          	2.37272014e+01	1.18484045e+01	1.18787969e+01	3.03924144e-01	-8.72057135e+00	9.02449550e+00	-8.87253342e+00	-1.51962072e-02	1.18636007e+00	1.31210971e-17	1.18636007e+00	-1.18636007e+00
589000          	2.16413123e+01	1.08238377e+01	1.08174745e+01	-6.36318038e-02	2.81502141e+00	-2.87865321e+00	2.84683731e+00	3.18159019e-03	1.08206561e+00	1.04588523e-17	1.08206561e+00	-1.08206561e+00
590000          	1.99274154e+01	1.00465907e+01	9.88082471e+00	-1.65766000e+00	1.75558631e+01	-1.92135231e+01	1.83846931e+01	8.28830002e-02	9.96370771e-01	8.40334455e-18	9.96370771e-01	-9.96370771e-01
591000          	2.39085348e+01	1.19603353e+01	1.19481995e+01	-1.21357739e-01	1.91118643e+00	-2.03254417e+00	1.97186530e+00	6.06788693e-03	1.19542674e+00	5.76581181e-18	1.19542674e+00	-1.19542674e+00
592000          	1.91732716e+01	9.55100387e+00	9.62226777e+00	7.12639028e-01	-1.14504403e+01	1.21630793e+01	-1.18067598e+01	-3.56319514e-02	9.58663582e-01	1.06555809e-17	9.58663582e-01	-9.58663582e-01
593000          	2.32666598e+01	1.16383997e+01	1.16282602e+01	-1.01395225e-01	-7.24441221e+00	7.14301698e+00	-7.19371460e+00	5.06976123e-03	1.16333299e+00	1.29879795e-17	1.16333299e+00	-1.16333299e+00
594000          	2.24049093e+01	1.12218059e+01	1.11831035e+01	-3.87024031e-01	2.78466721e+00	-3.17169124e+00	2.97817923e+00	1.93512015e-02	1.12024547e+00	1.09673828e-17	1.12024547e+00	-1.12024547e+00
595000          	1.92003232e+01	9.53420609e+00	9.66611712e+00	1.31911030e+00	5.13686201e-01	8.05424103e-01	-1.45868951e-01	-6.59555152e-02	9.60016161e-01	9.65121020e-18	9.60016161e-01	-9.60016161e-01
596000          	2.40437857e+01	1.20414072e+01	1.20023785e+01	-3.90287304e-01	5.55513582e+00	-5.94542313e+00	5.75027948e+00	1.95143652e-02	1.20218928e+00	5.57758116e-18	1.20218928e+00	-1.20218928e+00
597000          	1.97718033e+01	9.87302514e+00	9.89877813e+00	2.57529903e-01	-5.56086922e+00	5.81839913e+00	-5.68963418e+00	-1.28764952e-02	9.88590164e-01	9.35198478e-18	9.88590164e-01	-9.88590164e-01
598000          	2.25279099e+01	1.12786552e+01	1.12492546e+01	-2.94005904e-01	-7.19266502e+00	6.89865912e+00	-7.04566207e+00	1.47002952e-02	1.12639549e+00	1.28669661e-17	1.12639549e+00	-1.12639549e+00
599000          	2.31132814e+01	1.15705042e+01	1.15427772e+01	-2.77269425e-01	1.46915437e-01	-4.24184862e-01	2.85550149e-01	1.38634713e-02	1.15566407e+00	1.16709161e-17	1.15566407e+00	-1.15566407e+00
600000          	1.87131094e+01	9.42976648e+00	9.28334292e+00	-1.46423567e+00	1.44386744e+01	-1.59029101e+01	1.51707923e+01	7.32117835e-02	9.35655470e-01	1.00210924e-17	9.35655470e-01	-9.35655470e-01
