/*---------------------------------------------------------------------------*\
| =========                 |                                                 |
| \\      /  F ield         | OpenFOAM: The Open Source CFD Toolbox           |
|  \\    /   O peration     | Version:  2512                                  |
|   \\  /    A nd           | Website:  www.openfoam.com                      |
|    \\/     M anipulation  |                                                 |
\*---------------------------------------------------------------------------*/
Build  : _87ed40d2-20251219 OPENFOAM=2512 version=2512
Arch   : "LSB;label=32;scalar=64"
Exec   : reconstructPar
Date   : May 22 2026
Time   : 09:36:39
Host   : bd795cee9ef4
PID    : 2866
I/O    : uncollated
Case   : /workspace/cases/Re100
nProcs : 1
trapFpe: Floating point exception trapping enabled (FOAM_SIGFPE).
memory pool : not available
fileModificationChecking : Monitoring run-time modified files using timeStampMaster (fileModificationSkew 5, maxFileModificationPolls 20)
allowSystemOperations : Allowing user-supplied system call operations

// * * * * * * * * * * * * * * * * * * * * * * * * * * * * * * * * * * * * * //
Create time



Reconstructing fields
region=region0

Time = 1000

Reconstructing FV fields

    Reconstructing volScalarFields

        p

    Reconstructing volVectorFields

        U

    Reconstructing surfaceScalarFields

        phi

Reconstructing point fields

No point fields

No lagrangian fields

No finite-area fields

Time = 2000

Reconstructing FV fields

    Reconstructing volScalarFields

        p

    Reconstructing volVectorFields

        U

    Reconstructing surfaceScalarFields

        phi

Reconstructing point fields

No point fields

No lagrangian fields

No finite-area fields

Time = 3000

Reconstructing FV fields

    Reconstructing volScalarFields

        p

    Reconstructing volVectorFields

        U

    Reconstructing surfaceScalarFields

        phi

Reconstructing point fields

No point fields

No lagrangian fields

No finite-area fields

Time = 4000

Reconstructing FV fields

    Reconstructing volScalarFields

        p

    Reconstructing volVectorFields

        U

    Reconstructing surfaceScalarFields

        phi

Reconstructing point fields

No point fields

No lagrangian fields

No finite-area fields

Time = 5000

Reconstructing FV fields

    Reconstructing volScalarFields

        p

    Reconstructing volVectorFields

        U

    Reconstructing surfaceScalarFields

        phi

Reconstructing point fields

No point fields

No lagrangian fields

No finite-area fields

Time = 6000

Reconstructing FV fields

    Reconstructing volScalarFields

        p

    Reconstructing volVectorFields

        U

    Reconstructing surfaceScalarFields

        phi

Reconstructing point fields

No point fields

No lagrangian fields

No finite-area fields

Time = 7000

Reconstructing FV fields

    Reconstructing volScalarFields

        p

    Reconstructing volVectorFields

        U

    Reconstructing surfaceScalarFields

        phi

Reconstructing point fields

No point fields

No lagrangian fields

No finite-area fields

Time = 8000

Reconstructing FV fields

    Reconstructing volScalarFields

        p

    Reconstructing volVectorFields

        U

    Reconstructing surfaceScalarFields

        phi

Reconstructing point fields

No point fields

No lagrangian fields

No finite-area fields

Time = 9000

Reconstructing FV fields

    Reconstructing volScalarFields

        p

    Reconstructing volVectorFields

        U

    Reconstructing surfaceScalarFields

        phi

Reconstructing point fields

No point fields

No lagrangian fields

No finite-area fields

Time = 10000

Reconstructing FV fields

    Reconstructing volScalarFields

        p

    Reconstructing volVectorFields

        U

    Reconstructing surfaceScalarFields

        phi

Reconstructing point fields

No point fields

No lagrangian fields

No finite-area fields

Time = 11000

Reconstructing FV fields

    Reconstructing volScalarFields

        p

    Reconstructing volVectorFields

        U

    Reconstructing surfaceScalarFields

        phi

Reconstructing point fields

No point fields

No lagrangian fields

No finite-area fields

Time = 12000

Reconstructing FV fields

    Reconstructing volScalarFields

        p

    Reconstructing volVectorFields

        U

    Reconstructing surfaceScalarFields

        phi

Reconstructing point fields

No point fields

No lagrangian fields

No finite-area fields

Time = 13000

Reconstructing FV fields

    Reconstructing volScalarFields

        p

    Reconstructing volVectorFields

        U

    Reconstructing surfaceScalarFields

        phi

Reconstructing point fields

No point fields

No lagrangian fields

No finite-area fields

Time = 14000

Reconstructing FV fields

    Reconstructing volScalarFields

        p

    Reconstructing volVectorFields

        U

    Reconstructing surfaceScalarFields

        phi

Reconstructing point fields

No point fields

No lagrangian fields

No finite-area fields

Time = 15000

Reconstructing FV fields

    Reconstructing volScalarFields

        p

    Reconstructing volVectorFields

        U

    Reconstructing surfaceScalarFields

        phi

Reconstructing point fields

No point fields

No lagrangian fields

No finite-area fields

Time = 16000

Reconstructing FV fields

    Reconstructing volScalarFields

        p

    Reconstructing volVectorFields

        U

    Reconstructing surfaceScalarFields

        phi

Reconstructing point fields

No point fields

No lagrangian fields

No finite-area fields

Time = 17000

Reconstructing FV fields

    Reconstructing volScalarFields

        p

    Reconstructing volVectorFields

        U

    Reconstructing surfaceScalarFields

        phi

Reconstructing point fields

No point fields

No lagrangian fields

No finite-area fields

Time = 18000

Reconstructing FV fields

    Reconstructing volScalarFields

        p

    Reconstructing volVectorFields

        U

    Reconstructing surfaceScalarFields

        phi

Reconstructing point fields

No point fields

No lagrangian fields

No finite-area fields

Time = 19000

Reconstructing FV fields

    Reconstructing volScalarFields

        p

    Reconstructing volVectorFields

        U

    Reconstructing surfaceScalarFields

        phi

Reconstructing point fields

No point fields

No lagrangian fields

No finite-area fields

Time = 20000

Reconstructing FV fields

    Reconstructing volScalarFields

        p

    Reconstructing volVectorFields

        U

    Reconstructing surfaceScalarFields

        phi

Reconstructing point fields

No point fields

No lagrangian fields

No finite-area fields

Time = 21000

Reconstructing FV fields

    Reconstructing volScalarFields

        p

    Reconstructing volVectorFields

        U

    Reconstructing surfaceScalarFields

        phi

Reconstructing point fields

No point fields

No lagrangian fields

No finite-area fields

Time = 22000

Reconstructing FV fields

    Reconstructing volScalarFields

        p

    Reconstructing volVectorFields

        U

    Reconstructing surfaceScalarFields

        phi

Reconstructing point fields

No point fields

No lagrangian fields

No finite-area fields

Time = 23000

Reconstructing FV fields

    Reconstructing volScalarFields

        p

    Reconstructing volVectorFields

        U

    Reconstructing surfaceScalarFields

        phi

Reconstructing point fields

No point fields

No lagrangian fields

No finite-area fields

Time = 24000

Reconstructing FV fields

    Reconstructing volScalarFields

        p

    Reconstructing volVectorFields

        U

    Reconstructing surfaceScalarFields

        phi

Reconstructing point fields

No point fields

No lagrangian fields

No finite-area fields

Time = 25000

Reconstructing FV fields

    Reconstructing volScalarFields

        p

    Reconstructing volVectorFields

        U

    Reconstructing surfaceScalarFields

        phi

Reconstructing point fields

No point fields

No lagrangian fields

No finite-area fields

Time = 26000

Reconstructing FV fields

    Reconstructing volScalarFields

        p

    Reconstructing volVectorFields

        U

    Reconstructing surfaceScalarFields

        phi

Reconstructing point fields

No point fields

No lagrangian fields

No finite-area fields

Time = 27000

Reconstructing FV fields

    Reconstructing volScalarFields

        p

    Reconstructing volVectorFields

        U

    Reconstructing surfaceScalarFields

        phi

Reconstructing point fields

No point fields

No lagrangian fields

No finite-area fields

Time = 28000

Reconstructing FV fields

    Reconstructing volScalarFields

        p

    Reconstructing volVectorFields

        U

    Reconstructing surfaceScalarFields

        phi

Reconstructing point fields

No point fields

No lagrangian fields

No finite-area fields

Time = 29000

Reconstructing FV fields

    Reconstructing volScalarFields

        p

    Reconstructing volVectorFields

        U

    Reconstructing surfaceScalarFields

        phi

Reconstructing point fields

No point fields

No lagrangian fields

No finite-area fields

Time = 30000

Reconstructing FV fields

    Reconstructing volScalarFields

        p

    Reconstructing volVectorFields

        U

    Reconstructing surfaceScalarFields

        phi

Reconstructing point fields

No point fields

No lagrangian fields

No finite-area fields

Time = 31000

Reconstructing FV fields

    Reconstructing volScalarFields

        p

    Reconstructing volVectorFields

        U

    Reconstructing surfaceScalarFields

        phi

Reconstructing point fields

No point fields

No lagrangian fields

No finite-area fields

Time = 32000

Reconstructing FV fields

    Reconstructing volScalarFields

        p

    Reconstructing volVectorFields

        U

    Reconstructing surfaceScalarFields

        phi

Reconstructing point fields

No point fields

No lagrangian fields

No finite-area fields

Time = 33000

Reconstructing FV fields

    Reconstructing volScalarFields

        p

    Reconstructing volVectorFields

        U

    Reconstructing surfaceScalarFields

        phi

Reconstructing point fields

No point fields

No lagrangian fields

No finite-area fields

Time = 34000

Reconstructing FV fields

    Reconstructing volScalarFields

        p

    Reconstructing volVectorFields

        U

    Reconstructing surfaceScalarFields

        phi

Reconstructing point fields

No point fields

No lagrangian fields

No finite-area fields

Time = 35000

Reconstructing FV fields

    Reconstructing volScalarFields

        p

    Reconstructing volVectorFields

        U

    Reconstructing surfaceScalarFields

        phi

Reconstructing point fields

No point fields

No lagrangian fields

No finite-area fields

Time = 36000

Reconstructing FV fields

    Reconstructing volScalarFields

        p

    Reconstructing volVectorFields

        U

    Reconstructing surfaceScalarFields

        phi

Reconstructing point fields

No point fields

No lagrangian fields

No finite-area fields

Time = 37000

Reconstructing FV fields

    Reconstructing volScalarFields

        p

    Reconstructing volVectorFields

        U

    Reconstructing surfaceScalarFields

        phi

Reconstructing point fields

No point fields

No lagrangian fields

No finite-area fields

Time = 38000

Reconstructing FV fields

    Reconstructing volScalarFields

        p

    Reconstructing volVectorFields

        U

    Reconstructing surfaceScalarFields

        phi

Reconstructing point fields

No point fields

No lagrangian fields

No finite-area fields

Time = 39000

Reconstructing FV fields

    Reconstructing volScalarFields

        p

    Reconstructing volVectorFields

        U

    Reconstructing surfaceScalarFields

        phi

Reconstructing point fields

No point fields

No lagrangian fields

No finite-area fields

Time = 40000

Reconstructing FV fields

    Reconstructing volScalarFields

        p

    Reconstructing volVectorFields

        U

    Reconstructing surfaceScalarFields

        phi

Reconstructing point fields

No point fields

No lagrangian fields

No finite-area fields

Time = 41000

Reconstructing FV fields

    Reconstructing volScalarFields

        p

    Reconstructing volVectorFields

        U

    Reconstructing surfaceScalarFields

        phi

Reconstructing point fields

No point fields

No lagrangian fields

No finite-area fields

Time = 42000

Reconstructing FV fields

    Reconstructing volScalarFields

        p

    Reconstructing volVectorFields

        U

    Reconstructing surfaceScalarFields

        phi

Reconstructing point fields

No point fields

No lagrangian fields

No finite-area fields

Time = 43000

Reconstructing FV fields

    Reconstructing volScalarFields

        p

    Reconstructing volVectorFields

        U

    Reconstructing surfaceScalarFields

        phi

Reconstructing point fields

No point fields

No lagrangian fields

No finite-area fields

Time = 44000

Reconstructing FV fields

    Reconstructing volScalarFields

        p

    Reconstructing volVectorFields

        U

    Reconstructing surfaceScalarFields

        phi

Reconstructing point fields

No point fields

No lagrangian fields

No finite-area fields

Time = 45000

Reconstructing FV fields

    Reconstructing volScalarFields

        p

    Reconstructing volVectorFields

        U

    Reconstructing surfaceScalarFields

        phi

Reconstructing point fields

No point fields

No lagrangian fields

No finite-area fields

Time = 46000

Reconstructing FV fields

    Reconstructing volScalarFields

        p

    Reconstructing volVectorFields

        U

    Reconstructing surfaceScalarFields

        phi

Reconstructing point fields

No point fields

No lagrangian fields

No finite-area fields

Time = 47000

Reconstructing FV fields

    Reconstructing volScalarFields

        p

    Reconstructing volVectorFields

        U

    Reconstructing surfaceScalarFields

        phi

Reconstructing point fields

No point fields

No lagrangian fields

No finite-area fields

Time = 48000

Reconstructing FV fields

    Reconstructing volScalarFields

        p

    Reconstructing volVectorFields

        U

    Reconstructing surfaceScalarFields

        phi

Reconstructing point fields

No point fields

No lagrangian fields

No finite-area fields

Time = 49000

Reconstructing FV fields

    Reconstructing volScalarFields

        p

    Reconstructing volVectorFields

        U

    Reconstructing surfaceScalarFields

        phi

Reconstructing point fields

No point fields

No lagrangian fields

No finite-area fields

Time = 50000

Reconstructing FV fields

    Reconstructing volScalarFields

        p

    Reconstructing volVectorFields

        U

    Reconstructing surfaceScalarFields

        phi

Reconstructing point fields

No point fields

No lagrangian fields

No finite-area fields

Time = 51000

Reconstructing FV fields

    Reconstructing volScalarFields

        p

    Reconstructing volVectorFields

        U

    Reconstructing surfaceScalarFields

        phi

Reconstructing point fields

No point fields

No lagrangian fields

No finite-area fields

Time = 52000

Reconstructing FV fields

    Reconstructing volScalarFields

        p

    Reconstructing volVectorFields

        U

    Reconstructing surfaceScalarFields

        phi

Reconstructing point fields

No point fields

No lagrangian fields

No finite-area fields

Time = 53000

Reconstructing FV fields

    Reconstructing volScalarFields

        p

    Reconstructing volVectorFields

        U

    Reconstructing surfaceScalarFields

        phi

Reconstructing point fields

No point fields

No lagrangian fields

No finite-area fields

Time = 54000

Reconstructing FV fields

    Reconstructing volScalarFields

        p

    Reconstructing volVectorFields

        U

    Reconstructing surfaceScalarFields

        phi

Reconstructing point fields

No point fields

No lagrangian fields

No finite-area fields

Time = 55000

Reconstructing FV fields

    Reconstructing volScalarFields

        p

    Reconstructing volVectorFields

        U

    Reconstructing surfaceScalarFields

        phi

Reconstructing point fields

No point fields

No lagrangian fields

No finite-area fields

Time = 56000

Reconstructing FV fields

    Reconstructing volScalarFields

        p

    Reconstructing volVectorFields

        U

    Reconstructing surfaceScalarFields

        phi

Reconstructing point fields

No point fields

No lagrangian fields

No finite-area fields

Time = 57000

Reconstructing FV fields

    Reconstructing volScalarFields

        p

    Reconstructing volVectorFields

        U

    Reconstructing surfaceScalarFields

        phi

Reconstructing point fields

No point fields

No lagrangian fields

No finite-area fields

Time = 58000

Reconstructing FV fields

    Reconstructing volScalarFields

        p

    Reconstructing volVectorFields

        U

    Reconstructing surfaceScalarFields

        phi

Reconstructing point fields

No point fields

No lagrangian fields

No finite-area fields

Time = 59000

Reconstructing FV fields

    Reconstructing volScalarFields

        p

    Reconstructing volVectorFields

        U

    Reconstructing surfaceScalarFields

        phi

Reconstructing point fields

No point fields

No lagrangian fields

No finite-area fields

Time = 60000

Reconstructing FV fields

    Reconstructing volScalarFields

        p

    Reconstructing volVectorFields

        U

    Reconstructing surfaceScalarFields

        phi

Reconstructing point fields

No point fields

No lagrangian fields

No finite-area fields

Time = 61000

Reconstructing FV fields

    Reconstructing volScalarFields

        p

    Reconstructing volVectorFields

        U

    Reconstructing surfaceScalarFields

        phi

Reconstructing point fields

No point fields

No lagrangian fields

No finite-area fields

Time = 62000

Reconstructing FV fields

    Reconstructing volScalarFields

        p

    Reconstructing volVectorFields

        U

    Reconstructing surfaceScalarFields

        phi

Reconstructing point fields

No point fields

No lagrangian fields

No finite-area fields

Time = 63000

Reconstructing FV fields

    Reconstructing volScalarFields

        p

    Reconstructing volVectorFields

        U

    Reconstructing surfaceScalarFields

        phi

Reconstructing point fields

No point fields

No lagrangian fields

No finite-area fields

Time = 64000

Reconstructing FV fields

    Reconstructing volScalarFields

        p

    Reconstructing volVectorFields

        U

    Reconstructing surfaceScalarFields

        phi

Reconstructing point fields

No point fields

No lagrangian fields

No finite-area fields

Time = 65000

Reconstructing FV fields

    Reconstructing volScalarFields

        p

    Reconstructing volVectorFields

        U

    Reconstructing surfaceScalarFields

        phi

Reconstructing point fields

No point fields

No lagrangian fields

No finite-area fields

Time = 66000

Reconstructing FV fields

    Reconstructing volScalarFields

        p

    Reconstructing volVectorFields

        U

    Reconstructing surfaceScalarFields

        phi

Reconstructing point fields

No point fields

No lagrangian fields

No finite-area fields

Time = 67000

Reconstructing FV fields

    Reconstructing volScalarFields

        p

    Reconstructing volVectorFields

        U

    Reconstructing surfaceScalarFields

        phi

Reconstructing point fields

No point fields

No lagrangian fields

No finite-area fields

Time = 68000

Reconstructing FV fields

    Reconstructing volScalarFields

        p

    Reconstructing volVectorFields

        U

    Reconstructing surfaceScalarFields

        phi

Reconstructing point fields

No point fields

No lagrangian fields

No finite-area fields

Time = 69000

Reconstructing FV fields

    Reconstructing volScalarFields

        p

    Reconstructing volVectorFields

        U

    Reconstructing surfaceScalarFields

        phi

Reconstructing point fields

No point fields

No lagrangian fields

No finite-area fields

Time = 70000

Reconstructing FV fields

    Reconstructing volScalarFields

        p

    Reconstructing volVectorFields

        U

    Reconstructing surfaceScalarFields

        phi

Reconstructing point fields

No point fields

No lagrangian fields

No finite-area fields

Time = 71000

Reconstructing FV fields

    Reconstructing volScalarFields

        p

    Reconstructing volVectorFields

        U

    Reconstructing surfaceScalarFields

        phi

Reconstructing point fields

No point fields

No lagrangian fields

No finite-area fields

Time = 72000

Reconstructing FV fields

    Reconstructing volScalarFields

        p

    Reconstructing volVectorFields

        U

    Reconstructing surfaceScalarFields

        phi

Reconstructing point fields

No point fields

No lagrangian fields

No finite-area fields

Time = 73000

Reconstructing FV fields

    Reconstructing volScalarFields

        p

    Reconstructing volVectorFields

        U

    Reconstructing surfaceScalarFields

        phi

Reconstructing point fields

No point fields

No lagrangian fields

No finite-area fields

Time = 74000

Reconstructing FV fields

    Reconstructing volScalarFields

        p

    Reconstructing volVectorFields

        U

    Reconstructing surfaceScalarFields

        phi

Reconstructing point fields

No point fields

No lagrangian fields

No finite-area fields

Time = 75000

Reconstructing FV fields

    Reconstructing volScalarFields

        p

    Reconstructing volVectorFields

        U

    Reconstructing surfaceScalarFields

        phi

Reconstructing point fields

No point fields

No lagrangian fields

No finite-area fields

Time = 76000

Reconstructing FV fields

    Reconstructing volScalarFields

        p

    Reconstructing volVectorFields

        U

    Reconstructing surfaceScalarFields

        phi

Reconstructing point fields

No point fields

No lagrangian fields

No finite-area fields

Time = 77000

Reconstructing FV fields

    Reconstructing volScalarFields

        p

    Reconstructing volVectorFields

        U

    Reconstructing surfaceScalarFields

        phi

Reconstructing point fields

No point fields

No lagrangian fields

No finite-area fields

Time = 78000

Reconstructing FV fields

    Reconstructing volScalarFields

        p

    Reconstructing volVectorFields

        U

    Reconstructing surfaceScalarFields

        phi

Reconstructing point fields

No point fields

No lagrangian fields

No finite-area fields

Time = 79000

Reconstructing FV fields

    Reconstructing volScalarFields

        p

    Reconstructing volVectorFields

        U

    Reconstructing surfaceScalarFields

        phi

Reconstructing point fields

No point fields

No lagrangian fields

No finite-area fields

Time = 80000

Reconstructing FV fields

    Reconstructing volScalarFields

        p

    Reconstructing volVectorFields

        U

    Reconstructing surfaceScalarFields

        phi

Reconstructing point fields

No point fields

No lagrangian fields

No finite-area fields

Time = 81000

Reconstructing FV fields

    Reconstructing volScalarFields

        p

    Reconstructing volVectorFields

        U

    Reconstructing surfaceScalarFields

        phi

Reconstructing point fields

No point fields

No lagrangian fields

No finite-area fields

Time = 82000

Reconstructing FV fields

    Reconstructing volScalarFields

        p

    Reconstructing volVectorFields

        U

    Reconstructing surfaceScalarFields

        phi

Reconstructing point fields

No point fields

No lagrangian fields

No finite-area fields

Time = 83000

Reconstructing FV fields

    Reconstructing volScalarFields

        p

    Reconstructing volVectorFields

        U

    Reconstructing surfaceScalarFields

        phi

Reconstructing point fields

No point fields

No lagrangian fields

No finite-area fields

Time = 84000

Reconstructing FV fields

    Reconstructing volScalarFields

        p

    Reconstructing volVectorFields

        U

    Reconstructing surfaceScalarFields

        phi

Reconstructing point fields

No point fields

No lagrangian fields

No finite-area fields

Time = 85000

Reconstructing FV fields

    Reconstructing volScalarFields

        p

    Reconstructing volVectorFields

        U

    Reconstructing surfaceScalarFields

        phi

Reconstructing point fields

No point fields

No lagrangian fields

No finite-area fields

Time = 86000

Reconstructing FV fields

    Reconstructing volScalarFields

        p

    Reconstructing volVectorFields

        U

    Reconstructing surfaceScalarFields

        phi

Reconstructing point fields

No point fields

No lagrangian fields

No finite-area fields

Time = 87000

Reconstructing FV fields

    Reconstructing volScalarFields

        p

    Reconstructing volVectorFields

        U

    Reconstructing surfaceScalarFields

        phi

Reconstructing point fields

No point fields

No lagrangian fields

No finite-area fields

Time = 88000

Reconstructing FV fields

    Reconstructing volScalarFields

        p

    Reconstructing volVectorFields

        U

    Reconstructing surfaceScalarFields

        phi

Reconstructing point fields

No point fields

No lagrangian fields

No finite-area fields

Time = 89000

Reconstructing FV fields

    Reconstructing volScalarFields

        p

    Reconstructing volVectorFields

        U

    Reconstructing surfaceScalarFields

        phi

Reconstructing point fields

No point fields

No lagrangian fields

No finite-area fields

Time = 90000

Reconstructing FV fields

    Reconstructing volScalarFields

        p

    Reconstructing volVectorFields

        U

    Reconstructing surfaceScalarFields

        phi

Reconstructing point fields

No point fields

No lagrangian fields

No finite-area fields

Time = 91000

Reconstructing FV fields

    Reconstructing volScalarFields

        p

    Reconstructing volVectorFields

        U

    Reconstructing surfaceScalarFields

        phi

Reconstructing point fields

No point fields

No lagrangian fields

No finite-area fields

Time = 92000

Reconstructing FV fields

    Reconstructing volScalarFields

        p

    Reconstructing volVectorFields

        U

    Reconstructing surfaceScalarFields

        phi

Reconstructing point fields

No point fields

No lagrangian fields

No finite-area fields

Time = 93000

Reconstructing FV fields

    Reconstructing volScalarFields

        p

    Reconstructing volVectorFields

        U

    Reconstructing surfaceScalarFields

        phi

Reconstructing point fields

No point fields

No lagrangian fields

No finite-area fields

Time = 94000

Reconstructing FV fields

    Reconstructing volScalarFields

        p

    Reconstructing volVectorFields

        U

    Reconstructing surfaceScalarFields

        phi

Reconstructing point fields

No point fields

No lagrangian fields

No finite-area fields

Time = 95000

Reconstructing FV fields

    Reconstructing volScalarFields

        p

    Reconstructing volVectorFields

        U

    Reconstructing surfaceScalarFields

        phi

Reconstructing point fields

No point fields

No lagrangian fields

No finite-area fields

Time = 96000

Reconstructing FV fields

    Reconstructing volScalarFields

        p

    Reconstructing volVectorFields

        U

    Reconstructing surfaceScalarFields

        phi

Reconstructing point fields

No point fields

No lagrangian fields

No finite-area fields

Time = 97000

Reconstructing FV fields

    Reconstructing volScalarFields

        p

    Reconstructing volVectorFields

        U

    Reconstructing surfaceScalarFields

        phi

Reconstructing point fields

No point fields

No lagrangian fields

No finite-area fields

Time = 98000

Reconstructing FV fields

    Reconstructing volScalarFields

        p

    Reconstructing volVectorFields

        U

    Reconstructing surfaceScalarFields

        phi

Reconstructing point fields

No point fields

No lagrangian fields

No finite-area fields

Time = 99000

Reconstructing FV fields

    Reconstructing volScalarFields

        p

    Reconstructing volVectorFields

        U

    Reconstructing surfaceScalarFields

        phi

Reconstructing point fields

No point fields

No lagrangian fields

No finite-area fields

Time = 100000

Reconstructing FV fields

    Reconstructing volScalarFields

        p

    Reconstructing volVectorFields

        U

    Reconstructing surfaceScalarFields

        phi

Reconstructing point fields

No point fields

No lagrangian fields

No finite-area fields

Time = 101000

Reconstructing FV fields

    Reconstructing volScalarFields

        p

    Reconstructing volVectorFields

        U

    Reconstructing surfaceScalarFields

        phi

Reconstructing point fields

No point fields

No lagrangian fields

No finite-area fields

Time = 102000

Reconstructing FV fields

    Reconstructing volScalarFields

        p

    Reconstructing volVectorFields

        U

    Reconstructing surfaceScalarFields

        phi

Reconstructing point fields

No point fields

No lagrangian fields

No finite-area fields

Time = 103000

Reconstructing FV fields

    Reconstructing volScalarFields

        p

    Reconstructing volVectorFields

        U

    Reconstructing surfaceScalarFields

        phi

Reconstructing point fields

No point fields

No lagrangian fields

No finite-area fields

Time = 104000

Reconstructing FV fields

    Reconstructing volScalarFields

        p

    Reconstructing volVectorFields

        U

    Reconstructing surfaceScalarFields

        phi

Reconstructing point fields

No point fields

No lagrangian fields

No finite-area fields

Time = 105000

Reconstructing FV fields

    Reconstructing volScalarFields

        p

    Reconstructing volVectorFields

        U

    Reconstructing surfaceScalarFields

        phi

Reconstructing point fields

No point fields

No lagrangian fields

No finite-area fields

Time = 106000

Reconstructing FV fields

    Reconstructing volScalarFields

        p

    Reconstructing volVectorFields

        U

    Reconstructing surfaceScalarFields

        phi

Reconstructing point fields

No point fields

No lagrangian fields

No finite-area fields

Time = 107000

Reconstructing FV fields

    Reconstructing volScalarFields

        p

    Reconstructing volVectorFields

        U

    Reconstructing surfaceScalarFields

        phi

Reconstructing point fields

No point fields

No lagrangian fields

No finite-area fields

Time = 108000

Reconstructing FV fields

    Reconstructing volScalarFields

        p

    Reconstructing volVectorFields

        U

    Reconstructing surfaceScalarFields

        phi

Reconstructing point fields

No point fields

No lagrangian fields

No finite-area fields

Time = 109000

Reconstructing FV fields

    Reconstructing volScalarFields

        p

    Reconstructing volVectorFields

        U

    Reconstructing surfaceScalarFields

        phi

Reconstructing point fields

No point fields

No lagrangian fields

No finite-area fields

Time = 110000

Reconstructing FV fields

    Reconstructing volScalarFields

        p

    Reconstructing volVectorFields

        U

    Reconstructing surfaceScalarFields

        phi

Reconstructing point fields

No point fields

No lagrangian fields

No finite-area fields

Time = 111000

Reconstructing FV fields

    Reconstructing volScalarFields

        p

    Reconstructing volVectorFields

        U

    Reconstructing surfaceScalarFields

        phi

Reconstructing point fields

No point fields

No lagrangian fields

No finite-area fields

Time = 112000

Reconstructing FV fields

    Reconstructing volScalarFields

        p

    Reconstructing volVectorFields

        U

    Reconstructing surfaceScalarFields

        phi

Reconstructing point fields

No point fields

No lagrangian fields

No finite-area fields

Time = 113000

Reconstructing FV fields

    Reconstructing volScalarFields

        p

    Reconstructing volVectorFields

        U

    Reconstructing surfaceScalarFields

        phi

Reconstructing point fields

No point fields

No lagrangian fields

No finite-area fields

Time = 114000

Reconstructing FV fields

    Reconstructing volScalarFields

        p

    Reconstructing volVectorFields

        U

    Reconstructing surfaceScalarFields

        phi

Reconstructing point fields

No point fields

No lagrangian fields

No finite-area fields

Time = 115000

Reconstructing FV fields

    Reconstructing volScalarFields

        p

    Reconstructing volVectorFields

        U

    Reconstructing surfaceScalarFields

        phi

Reconstructing point fields

No point fields

No lagrangian fields

No finite-area fields

Time = 116000

Reconstructing FV fields

    Reconstructing volScalarFields

        p

    Reconstructing volVectorFields

        U

    Reconstructing surfaceScalarFields

        phi

Reconstructing point fields

No point fields

No lagrangian fields

No finite-area fields

Time = 117000

Reconstructing FV fields

    Reconstructing volScalarFields

        p

    Reconstructing volVectorFields

        U

    Reconstructing surfaceScalarFields

        phi

Reconstructing point fields

No point fields

No lagrangian fields

No finite-area fields

Time = 118000

Reconstructing FV fields

    Reconstructing volScalarFields

        p

    Reconstructing volVectorFields

        U

    Reconstructing surfaceScalarFields

        phi

Reconstructing point fields

No point fields

No lagrangian fields

No finite-area fields

Time = 119000

Reconstructing FV fields

    Reconstructing volScalarFields

        p

    Reconstructing volVectorFields

        U

    Reconstructing surfaceScalarFields

        phi

Reconstructing point fields

No point fields

No lagrangian fields

No finite-area fields

Time = 120000

Reconstructing FV fields

    Reconstructing volScalarFields

        p

    Reconstructing volVectorFields

        U

    Reconstructing surfaceScalarFields

        phi

Reconstructing point fields

No point fields

No lagrangian fields

No finite-area fields

Time = 121000

Reconstructing FV fields

    Reconstructing volScalarFields

        p

    Reconstructing volVectorFields

        U

    Reconstructing surfaceScalarFields

        phi

Reconstructing point fields

No point fields

No lagrangian fields

No finite-area fields

Time = 122000

Reconstructing FV fields

    Reconstructing volScalarFields

        p

    Reconstructing volVectorFields

        U

    Reconstructing surfaceScalarFields

        phi

Reconstructing point fields

No point fields

No lagrangian fields

No finite-area fields

Time = 123000

Reconstructing FV fields

    Reconstructing volScalarFields

        p

    Reconstructing volVectorFields

        U

    Reconstructing surfaceScalarFields

        phi

Reconstructing point fields

No point fields

No lagrangian fields

No finite-area fields

Time = 124000

Reconstructing FV fields

    Reconstructing volScalarFields

        p

    Reconstructing volVectorFields

        U

    Reconstructing surfaceScalarFields

        phi

Reconstructing point fields

No point fields

No lagrangian fields

No finite-area fields

Time = 125000

Reconstructing FV fields

    Reconstructing volScalarFields

        p

    Reconstructing volVectorFields

        U

    Reconstructing surfaceScalarFields

        phi

Reconstructing point fields

No point fields

No lagrangian fields

No finite-area fields

Time = 126000

Reconstructing FV fields

    Reconstructing volScalarFields

        p

    Reconstructing volVectorFields

        U

    Reconstructing surfaceScalarFields

        phi

Reconstructing point fields

No point fields

No lagrangian fields

No finite-area fields

Time = 127000

Reconstructing FV fields

    Reconstructing volScalarFields

        p

    Reconstructing volVectorFields

        U

    Reconstructing surfaceScalarFields

        phi

Reconstructing point fields

No point fields

No lagrangian fields

No finite-area fields

Time = 128000

Reconstructing FV fields

    Reconstructing volScalarFields

        p

    Reconstructing volVectorFields

        U

    Reconstructing surfaceScalarFields

        phi

Reconstructing point fields

No point fields

No lagrangian fields

No finite-area fields

Time = 129000

Reconstructing FV fields

    Reconstructing volScalarFields

        p

    Reconstructing volVectorFields

        U

    Reconstructing surfaceScalarFields

        phi

Reconstructing point fields

No point fields

No lagrangian fields

No finite-area fields

Time = 130000

Reconstructing FV fields

    Reconstructing volScalarFields

        p

    Reconstructing volVectorFields

        U

    Reconstructing surfaceScalarFields

        phi

Reconstructing point fields

No point fields

No lagrangian fields

No finite-area fields

Time = 131000

Reconstructing FV fields

    Reconstructing volScalarFields

        p

    Reconstructing volVectorFields

        U

    Reconstructing surfaceScalarFields

        phi

Reconstructing point fields

No point fields

No lagrangian fields

No finite-area fields

Time = 132000

Reconstructing FV fields

    Reconstructing volScalarFields

        p

    Reconstructing volVectorFields

        U

    Reconstructing surfaceScalarFields

        phi

Reconstructing point fields

No point fields

No lagrangian fields

No finite-area fields

Time = 133000

Reconstructing FV fields

    Reconstructing volScalarFields

        p

    Reconstructing volVectorFields

        U

    Reconstructing surfaceScalarFields

        phi

Reconstructing point fields

No point fields

No lagrangian fields

No finite-area fields

Time = 134000

Reconstructing FV fields

    Reconstructing volScalarFields

        p

    Reconstructing volVectorFields

        U

    Reconstructing surfaceScalarFields

        phi

Reconstructing point fields

No point fields

No lagrangian fields

No finite-area fields

Time = 135000

Reconstructing FV fields

    Reconstructing volScalarFields

        p

    Reconstructing volVectorFields

        U

    Reconstructing surfaceScalarFields

        phi

Reconstructing point fields

No point fields

No lagrangian fields

No finite-area fields

Time = 136000

Reconstructing FV fields

    Reconstructing volScalarFields

        p

    Reconstructing volVectorFields

        U

    Reconstructing surfaceScalarFields

        phi

Reconstructing point fields

No point fields

No lagrangian fields

No finite-area fields

Time = 137000

Reconstructing FV fields

    Reconstructing volScalarFields

        p

    Reconstructing volVectorFields

        U

    Reconstructing surfaceScalarFields

        phi

Reconstructing point fields

No point fields

No lagrangian fields

No finite-area fields

Time = 138000

Reconstructing FV fields

    Reconstructing volScalarFields

        p

    Reconstructing volVectorFields

        U

    Reconstructing surfaceScalarFields

        phi

Reconstructing point fields

No point fields

No lagrangian fields

No finite-area fields

Time = 139000

Reconstructing FV fields

    Reconstructing volScalarFields

        p

    Reconstructing volVectorFields

        U

    Reconstructing surfaceScalarFields

        phi

Reconstructing point fields

No point fields

No lagrangian fields

No finite-area fields

Time = 140000

Reconstructing FV fields

    Reconstructing volScalarFields

        p

    Reconstructing volVectorFields

        U

    Reconstructing surfaceScalarFields

        phi

Reconstructing point fields

No point fields

No lagrangian fields

No finite-area fields

Time = 141000

Reconstructing FV fields

    Reconstructing volScalarFields

        p

    Reconstructing volVectorFields

        U

    Reconstructing surfaceScalarFields

        phi

Reconstructing point fields

No point fields

No lagrangian fields

No finite-area fields

Time = 142000

Reconstructing FV fields

    Reconstructing volScalarFields

        p

    Reconstructing volVectorFields

        U

    Reconstructing surfaceScalarFields

        phi

Reconstructing point fields

No point fields

No lagrangian fields

No finite-area fields

Time = 143000

Reconstructing FV fields

    Reconstructing volScalarFields

        p

    Reconstructing volVectorFields

        U

    Reconstructing surfaceScalarFields

        phi

Reconstructing point fields

No point fields

No lagrangian fields

No finite-area fields

Time = 144000

Reconstructing FV fields

    Reconstructing volScalarFields

        p

    Reconstructing volVectorFields

        U

    Reconstructing surfaceScalarFields

        phi

Reconstructing point fields

No point fields

No lagrangian fields

No finite-area fields

Time = 145000

Reconstructing FV fields

    Reconstructing volScalarFields

        p

    Reconstructing volVectorFields

        U

    Reconstructing surfaceScalarFields

        phi

Reconstructing point fields

No point fields

No lagrangian fields

No finite-area fields

Time = 146000

Reconstructing FV fields

    Reconstructing volScalarFields

        p

    Reconstructing volVectorFields

        U

    Reconstructing surfaceScalarFields

        phi

Reconstructing point fields

No point fields

No lagrangian fields

No finite-area fields

Time = 147000

Reconstructing FV fields

    Reconstructing volScalarFields

        p

    Reconstructing volVectorFields

        U

    Reconstructing surfaceScalarFields

        phi

Reconstructing point fields

No point fields

No lagrangian fields

No finite-area fields

Time = 148000

Reconstructing FV fields

    Reconstructing volScalarFields

        p

    Reconstructing volVectorFields

        U

    Reconstructing surfaceScalarFields

        phi

Reconstructing point fields

No point fields

No lagrangian fields

No finite-area fields

Time = 149000

Reconstructing FV fields

    Reconstructing volScalarFields

        p

    Reconstructing volVectorFields

        U

    Reconstructing surfaceScalarFields

        phi

Reconstructing point fields

No point fields

No lagrangian fields

No finite-area fields

Time = 150000

Reconstructing FV fields

    Reconstructing volScalarFields

        p

    Reconstructing volVectorFields

        U

    Reconstructing surfaceScalarFields

        phi

Reconstructing point fields

No point fields

No lagrangian fields

No finite-area fields

Time = 151000

Reconstructing FV fields

    Reconstructing volScalarFields

        p

    Reconstructing volVectorFields

        U

    Reconstructing surfaceScalarFields

        phi

Reconstructing point fields

No point fields

No lagrangian fields

No finite-area fields

Time = 152000

Reconstructing FV fields

    Reconstructing volScalarFields

        p

    Reconstructing volVectorFields

        U

    Reconstructing surfaceScalarFields

        phi

Reconstructing point fields

No point fields

No lagrangian fields

No finite-area fields

Time = 153000

Reconstructing FV fields

    Reconstructing volScalarFields

        p

    Reconstructing volVectorFields

        U

    Reconstructing surfaceScalarFields

        phi

Reconstructing point fields

No point fields

No lagrangian fields

No finite-area fields

Time = 154000

Reconstructing FV fields

    Reconstructing volScalarFields

        p

    Reconstructing volVectorFields

        U

    Reconstructing surfaceScalarFields

        phi

Reconstructing point fields

No point fields

No lagrangian fields

No finite-area fields

Time = 155000

Reconstructing FV fields

    Reconstructing volScalarFields

        p

    Reconstructing volVectorFields

        U

    Reconstructing surfaceScalarFields

        phi

Reconstructing point fields

No point fields

No lagrangian fields

No finite-area fields

Time = 156000

Reconstructing FV fields

    Reconstructing volScalarFields

        p

    Reconstructing volVectorFields

        U

    Reconstructing surfaceScalarFields

        phi

Reconstructing point fields

No point fields

No lagrangian fields

No finite-area fields

Time = 157000

Reconstructing FV fields

    Reconstructing volScalarFields

        p

    Reconstructing volVectorFields

        U

    Reconstructing surfaceScalarFields

        phi

Reconstructing point fields

No point fields

No lagrangian fields

No finite-area fields

Time = 158000

Reconstructing FV fields

    Reconstructing volScalarFields

        p

    Reconstructing volVectorFields

        U

    Reconstructing surfaceScalarFields

        phi

Reconstructing point fields

No point fields

No lagrangian fields

No finite-area fields

Time = 159000

Reconstructing FV fields

    Reconstructing volScalarFields

        p

    Reconstructing volVectorFields

        U

    Reconstructing surfaceScalarFields

        phi

Reconstructing point fields

No point fields

No lagrangian fields

No finite-area fields

Time = 160000

Reconstructing FV fields

    Reconstructing volScalarFields

        p

    Reconstructing volVectorFields

        U

    Reconstructing surfaceScalarFields

        phi

Reconstructing point fields

No point fields

No lagrangian fields

No finite-area fields

Time = 161000

Reconstructing FV fields

    Reconstructing volScalarFields

        p

    Reconstructing volVectorFields

        U

    Reconstructing surfaceScalarFields

        phi

Reconstructing point fields

No point fields

No lagrangian fields

No finite-area fields

Time = 162000

Reconstructing FV fields

    Reconstructing volScalarFields

        p

    Reconstructing volVectorFields

        U

    Reconstructing surfaceScalarFields

        phi

Reconstructing point fields

No point fields

No lagrangian fields

No finite-area fields

Time = 163000

Reconstructing FV fields

    Reconstructing volScalarFields

        p

    Reconstructing volVectorFields

        U

    Reconstructing surfaceScalarFields

        phi

Reconstructing point fields

No point fields

No lagrangian fields

No finite-area fields

Time = 164000

Reconstructing FV fields

    Reconstructing volScalarFields

        p

    Reconstructing volVectorFields

        U

    Reconstructing surfaceScalarFields

        phi

Reconstructing point fields

No point fields

No lagrangian fields

No finite-area fields

Time = 165000

Reconstructing FV fields

    Reconstructing volScalarFields

        p

    Reconstructing volVectorFields

        U

    Reconstructing surfaceScalarFields

        phi

Reconstructing point fields

No point fields

No lagrangian fields

No finite-area fields

Time = 166000

Reconstructing FV fields

    Reconstructing volScalarFields

        p

    Reconstructing volVectorFields

        U

    Reconstructing surfaceScalarFields

        phi

Reconstructing point fields

No point fields

No lagrangian fields

No finite-area fields

Time = 167000

Reconstructing FV fields

    Reconstructing volScalarFields

        p

    Reconstructing volVectorFields

        U

    Reconstructing surfaceScalarFields

        phi

Reconstructing point fields

No point fields

No lagrangian fields

No finite-area fields

Time = 168000

Reconstructing FV fields

    Reconstructing volScalarFields

        p

    Reconstructing volVectorFields

        U

    Reconstructing surfaceScalarFields

        phi

Reconstructing point fields

No point fields

No lagrangian fields

No finite-area fields

Time = 169000

Reconstructing FV fields

    Reconstructing volScalarFields

        p

    Reconstructing volVectorFields

        U

    Reconstructing surfaceScalarFields

        phi

Reconstructing point fields

No point fields

No lagrangian fields

No finite-area fields

Time = 170000

Reconstructing FV fields

    Reconstructing volScalarFields

        p

    Reconstructing volVectorFields

        U

    Reconstructing surfaceScalarFields

        phi

Reconstructing point fields

No point fields

No lagrangian fields

No finite-area fields

Time = 171000

Reconstructing FV fields

    Reconstructing volScalarFields

        p

    Reconstructing volVectorFields

        U

    Reconstructing surfaceScalarFields

        phi

Reconstructing point fields

No point fields

No lagrangian fields

No finite-area fields

Time = 172000

Reconstructing FV fields

    Reconstructing volScalarFields

        p

    Reconstructing volVectorFields

        U

    Reconstructing surfaceScalarFields

        phi

Reconstructing point fields

No point fields

No lagrangian fields

No finite-area fields

Time = 173000

Reconstructing FV fields

    Reconstructing volScalarFields

        p

    Reconstructing volVectorFields

        U

    Reconstructing surfaceScalarFields

        phi

Reconstructing point fields

No point fields

No lagrangian fields

No finite-area fields

Time = 174000

Reconstructing FV fields

    Reconstructing volScalarFields

        p

    Reconstructing volVectorFields

        U

    Reconstructing surfaceScalarFields

        phi

Reconstructing point fields

No point fields

No lagrangian fields

No finite-area fields

Time = 175000

Reconstructing FV fields

    Reconstructing volScalarFields

        p

    Reconstructing volVectorFields

        U

    Reconstructing surfaceScalarFields

        phi

Reconstructing point fields

No point fields

No lagrangian fields

No finite-area fields

Time = 176000

Reconstructing FV fields

    Reconstructing volScalarFields

        p

    Reconstructing volVectorFields

        U

    Reconstructing surfaceScalarFields

        phi

Reconstructing point fields

No point fields

No lagrangian fields

No finite-area fields

Time = 177000

Reconstructing FV fields

    Reconstructing volScalarFields

        p

    Reconstructing volVectorFields

        U

    Reconstructing surfaceScalarFields

        phi

Reconstructing point fields

No point fields

No lagrangian fields

No finite-area fields

Time = 178000

Reconstructing FV fields

    Reconstructing volScalarFields

        p

    Reconstructing volVectorFields

        U

    Reconstructing surfaceScalarFields

        phi

Reconstructing point fields

No point fields

No lagrangian fields

No finite-area fields

Time = 179000

Reconstructing FV fields

    Reconstructing volScalarFields

        p

    Reconstructing volVectorFields

        U

    Reconstructing surfaceScalarFields

        phi

Reconstructing point fields

No point fields

No lagrangian fields

No finite-area fields

Time = 180000

Reconstructing FV fields

    Reconstructing volScalarFields

        p

    Reconstructing volVectorFields

        U

    Reconstructing surfaceScalarFields

        phi

Reconstructing point fields

No point fields

No lagrangian fields

No finite-area fields

Time = 181000

Reconstructing FV fields

    Reconstructing volScalarFields

        p

    Reconstructing volVectorFields

        U

    Reconstructing surfaceScalarFields

        phi

Reconstructing point fields

No point fields

No lagrangian fields

No finite-area fields

Time = 182000

Reconstructing FV fields

    Reconstructing volScalarFields

        p

    Reconstructing volVectorFields

        U

    Reconstructing surfaceScalarFields

        phi

Reconstructing point fields

No point fields

No lagrangian fields

No finite-area fields

Time = 183000

Reconstructing FV fields

    Reconstructing volScalarFields

        p

    Reconstructing volVectorFields

        U

    Reconstructing surfaceScalarFields

        phi

Reconstructing point fields

No point fields

No lagrangian fields

No finite-area fields

Time = 184000

Reconstructing FV fields

    Reconstructing volScalarFields

        p

    Reconstructing volVectorFields

        U

    Reconstructing surfaceScalarFields

        phi

Reconstructing point fields

No point fields

No lagrangian fields

No finite-area fields

Time = 185000

Reconstructing FV fields

    Reconstructing volScalarFields

        p

    Reconstructing volVectorFields

        U

    Reconstructing surfaceScalarFields

        phi

Reconstructing point fields

No point fields

No lagrangian fields

No finite-area fields

Time = 186000

Reconstructing FV fields

    Reconstructing volScalarFields

        p

    Reconstructing volVectorFields

        U

    Reconstructing surfaceScalarFields

        phi

Reconstructing point fields

No point fields

No lagrangian fields

No finite-area fields

Time = 187000

Reconstructing FV fields

    Reconstructing volScalarFields

        p

    Reconstructing volVectorFields

        U

    Reconstructing surfaceScalarFields

        phi

Reconstructing point fields

No point fields

No lagrangian fields

No finite-area fields

Time = 188000

Reconstructing FV fields

    Reconstructing volScalarFields

        p

    Reconstructing volVectorFields

        U

    Reconstructing surfaceScalarFields

        phi

Reconstructing point fields

No point fields

No lagrangian fields

No finite-area fields

Time = 189000

Reconstructing FV fields

    Reconstructing volScalarFields

        p

    Reconstructing volVectorFields

        U

    Reconstructing surfaceScalarFields

        phi

Reconstructing point fields

No point fields

No lagrangian fields

No finite-area fields

Time = 190000

Reconstructing FV fields

    Reconstructing volScalarFields

        p

    Reconstructing volVectorFields

        U

    Reconstructing surfaceScalarFields

        phi

Reconstructing point fields

No point fields

No lagrangian fields

No finite-area fields

Time = 191000

Reconstructing FV fields

    Reconstructing volScalarFields

        p

    Reconstructing volVectorFields

        U

    Reconstructing surfaceScalarFields

        phi

Reconstructing point fields

No point fields

No lagrangian fields

No finite-area fields

Time = 192000

Reconstructing FV fields

    Reconstructing volScalarFields

        p

    Reconstructing volVectorFields

        U

    Reconstructing surfaceScalarFields

        phi

Reconstructing point fields

No point fields

No lagrangian fields

No finite-area fields

Time = 193000

Reconstructing FV fields

    Reconstructing volScalarFields

        p

    Reconstructing volVectorFields

        U

    Reconstructing surfaceScalarFields

        phi

Reconstructing point fields

No point fields

No lagrangian fields

No finite-area fields

Time = 194000

Reconstructing FV fields

    Reconstructing volScalarFields

        p

    Reconstructing volVectorFields

        U

    Reconstructing surfaceScalarFields

        phi

Reconstructing point fields

No point fields

No lagrangian fields

No finite-area fields

Time = 195000

Reconstructing FV fields

    Reconstructing volScalarFields

        p

    Reconstructing volVectorFields

        U

    Reconstructing surfaceScalarFields

        phi

Reconstructing point fields

No point fields

No lagrangian fields

No finite-area fields

Time = 196000

Reconstructing FV fields

    Reconstructing volScalarFields

        p

    Reconstructing volVectorFields

        U

    Reconstructing surfaceScalarFields

        phi

Reconstructing point fields

No point fields

No lagrangian fields

No finite-area fields

Time = 197000

Reconstructing FV fields

    Reconstructing volScalarFields

        p

    Reconstructing volVectorFields

        U

    Reconstructing surfaceScalarFields

        phi

Reconstructing point fields

No point fields

No lagrangian fields

No finite-area fields

Time = 198000

Reconstructing FV fields

    Reconstructing volScalarFields

        p

    Reconstructing volVectorFields

        U

    Reconstructing surfaceScalarFields

        phi

Reconstructing point fields

No point fields

No lagrangian fields

No finite-area fields

Time = 199000

Reconstructing FV fields

    Reconstructing volScalarFields

        p

    Reconstructing volVectorFields

        U

    Reconstructing surfaceScalarFields

        phi

Reconstructing point fields

No point fields

No lagrangian fields

No finite-area fields

Time = 200000

Reconstructing FV fields

    Reconstructing volScalarFields

        p

    Reconstructing volVectorFields

        U

    Reconstructing surfaceScalarFields

        phi

Reconstructing point fields

No point fields

No lagrangian fields

No finite-area fields

Time = 201000

Reconstructing FV fields

    Reconstructing volScalarFields

        p

    Reconstructing volVectorFields

        U

    Reconstructing surfaceScalarFields

        phi

Reconstructing point fields

No point fields

No lagrangian fields

No finite-area fields

Time = 202000

Reconstructing FV fields

    Reconstructing volScalarFields

        p

    Reconstructing volVectorFields

        U

    Reconstructing surfaceScalarFields

        phi

Reconstructing point fields

No point fields

No lagrangian fields

No finite-area fields

Time = 203000

Reconstructing FV fields

    Reconstructing volScalarFields

        p

    Reconstructing volVectorFields

        U

    Reconstructing surfaceScalarFields

        phi

Reconstructing point fields

No point fields

No lagrangian fields

No finite-area fields

Time = 204000

Reconstructing FV fields

    Reconstructing volScalarFields

        p

    Reconstructing volVectorFields

        U

    Reconstructing surfaceScalarFields

        phi

Reconstructing point fields

No point fields

No lagrangian fields

No finite-area fields

Time = 205000

Reconstructing FV fields

    Reconstructing volScalarFields

        p

    Reconstructing volVectorFields

        U

    Reconstructing surfaceScalarFields

        phi

Reconstructing point fields

No point fields

No lagrangian fields

No finite-area fields

Time = 206000

Reconstructing FV fields

    Reconstructing volScalarFields

        p

    Reconstructing volVectorFields

        U

    Reconstructing surfaceScalarFields

        phi

Reconstructing point fields

No point fields

No lagrangian fields

No finite-area fields

Time = 207000

Reconstructing FV fields

    Reconstructing volScalarFields

        p

    Reconstructing volVectorFields

        U

    Reconstructing surfaceScalarFields

        phi

Reconstructing point fields

No point fields

No lagrangian fields

No finite-area fields

Time = 208000

Reconstructing FV fields

    Reconstructing volScalarFields

        p

    Reconstructing volVectorFields

        U

    Reconstructing surfaceScalarFields

        phi

Reconstructing point fields

No point fields

No lagrangian fields

No finite-area fields

Time = 209000

Reconstructing FV fields

    Reconstructing volScalarFields

        p

    Reconstructing volVectorFields

        U

    Reconstructing surfaceScalarFields

        phi

Reconstructing point fields

No point fields

No lagrangian fields

No finite-area fields

Time = 210000

Reconstructing FV fields

    Reconstructing volScalarFields

        p

    Reconstructing volVectorFields

        U

    Reconstructing surfaceScalarFields

        phi

Reconstructing point fields

No point fields

No lagrangian fields

No finite-area fields

Time = 211000

Reconstructing FV fields

    Reconstructing volScalarFields

        p

    Reconstructing volVectorFields

        U

    Reconstructing surfaceScalarFields

        phi

Reconstructing point fields

No point fields

No lagrangian fields

No finite-area fields

Time = 212000

Reconstructing FV fields

    Reconstructing volScalarFields

        p

    Reconstructing volVectorFields

        U

    Reconstructing surfaceScalarFields

        phi

Reconstructing point fields

No point fields

No lagrangian fields

No finite-area fields

Time = 213000

Reconstructing FV fields

    Reconstructing volScalarFields

        p

    Reconstructing volVectorFields

        U

    Reconstructing surfaceScalarFields

        phi

Reconstructing point fields

No point fields

No lagrangian fields

No finite-area fields

Time = 214000

Reconstructing FV fields

    Reconstructing volScalarFields

        p

    Reconstructing volVectorFields

        U

    Reconstructing surfaceScalarFields

        phi

Reconstructing point fields

No point fields

No lagrangian fields

No finite-area fields

Time = 215000

Reconstructing FV fields

    Reconstructing volScalarFields

        p

    Reconstructing volVectorFields

        U

    Reconstructing surfaceScalarFields

        phi

Reconstructing point fields

No point fields

No lagrangian fields

No finite-area fields

Time = 216000

Reconstructing FV fields

    Reconstructing volScalarFields

        p

    Reconstructing volVectorFields

        U

    Reconstructing surfaceScalarFields

        phi

Reconstructing point fields

No point fields

No lagrangian fields

No finite-area fields

Time = 217000

Reconstructing FV fields

    Reconstructing volScalarFields

        p

    Reconstructing volVectorFields

        U

    Reconstructing surfaceScalarFields

        phi

Reconstructing point fields

No point fields

No lagrangian fields

No finite-area fields

Time = 218000

Reconstructing FV fields

    Reconstructing volScalarFields

        p

    Reconstructing volVectorFields

        U

    Reconstructing surfaceScalarFields

        phi

Reconstructing point fields

No point fields

No lagrangian fields

No finite-area fields

Time = 219000

Reconstructing FV fields

    Reconstructing volScalarFields

        p

    Reconstructing volVectorFields

        U

    Reconstructing surfaceScalarFields

        phi

Reconstructing point fields

No point fields

No lagrangian fields

No finite-area fields

Time = 220000

Reconstructing FV fields

    Reconstructing volScalarFields

        p

    Reconstructing volVectorFields

        U

    Reconstructing surfaceScalarFields

        phi

Reconstructing point fields

No point fields

No lagrangian fields

No finite-area fields

Time = 221000

Reconstructing FV fields

    Reconstructing volScalarFields

        p

    Reconstructing volVectorFields

        U

    Reconstructing surfaceScalarFields

        phi

Reconstructing point fields

No point fields

No lagrangian fields

No finite-area fields

Time = 222000

Reconstructing FV fields

    Reconstructing volScalarFields

        p

    Reconstructing volVectorFields

        U

    Reconstructing surfaceScalarFields

        phi

Reconstructing point fields

No point fields

No lagrangian fields

No finite-area fields

Time = 223000

Reconstructing FV fields

    Reconstructing volScalarFields

        p

    Reconstructing volVectorFields

        U

    Reconstructing surfaceScalarFields

        phi

Reconstructing point fields

No point fields

No lagrangian fields

No finite-area fields

Time = 224000

Reconstructing FV fields

    Reconstructing volScalarFields

        p

    Reconstructing volVectorFields

        U

    Reconstructing surfaceScalarFields

        phi

Reconstructing point fields

No point fields

No lagrangian fields

No finite-area fields

Time = 225000

Reconstructing FV fields

    Reconstructing volScalarFields

        p

    Reconstructing volVectorFields

        U

    Reconstructing surfaceScalarFields

        phi

Reconstructing point fields

No point fields

No lagrangian fields

No finite-area fields

Time = 226000

Reconstructing FV fields

    Reconstructing volScalarFields

        p

    Reconstructing volVectorFields

        U

    Reconstructing surfaceScalarFields

        phi

Reconstructing point fields

No point fields

No lagrangian fields

No finite-area fields

Time = 227000

Reconstructing FV fields

    Reconstructing volScalarFields

        p

    Reconstructing volVectorFields

        U

    Reconstructing surfaceScalarFields

        phi

Reconstructing point fields

No point fields

No lagrangian fields

No finite-area fields

Time = 228000

Reconstructing FV fields

    Reconstructing volScalarFields

        p

    Reconstructing volVectorFields

        U

    Reconstructing surfaceScalarFields

        phi

Reconstructing point fields

No point fields

No lagrangian fields

No finite-area fields

Time = 229000

Reconstructing FV fields

    Reconstructing volScalarFields

        p

    Reconstructing volVectorFields

        U

    Reconstructing surfaceScalarFields

        phi

Reconstructing point fields

No point fields

No lagrangian fields

No finite-area fields

Time = 230000

Reconstructing FV fields

    Reconstructing volScalarFields

        p

    Reconstructing volVectorFields

        U

    Reconstructing surfaceScalarFields

        phi

Reconstructing point fields

No point fields

No lagrangian fields

No finite-area fields

Time = 231000

Reconstructing FV fields

    Reconstructing volScalarFields

        p

    Reconstructing volVectorFields

        U

    Reconstructing surfaceScalarFields

        phi

Reconstructing point fields

No point fields

No lagrangian fields

No finite-area fields

Time = 232000

Reconstructing FV fields

    Reconstructing volScalarFields

        p

    Reconstructing volVectorFields

        U

    Reconstructing surfaceScalarFields

        phi

Reconstructing point fields

No point fields

No lagrangian fields

No finite-area fields

Time = 233000

Reconstructing FV fields

    Reconstructing volScalarFields

        p

    Reconstructing volVectorFields

        U

    Reconstructing surfaceScalarFields

        phi

Reconstructing point fields

No point fields

No lagrangian fields

No finite-area fields

Time = 234000

Reconstructing FV fields

    Reconstructing volScalarFields

        p

    Reconstructing volVectorFields

        U

    Reconstructing surfaceScalarFields

        phi

Reconstructing point fields

No point fields

No lagrangian fields

No finite-area fields

Time = 235000

Reconstructing FV fields

    Reconstructing volScalarFields

        p

    Reconstructing volVectorFields

        U

    Reconstructing surfaceScalarFields

        phi

Reconstructing point fields

No point fields

No lagrangian fields

No finite-area fields

Time = 236000

Reconstructing FV fields

    Reconstructing volScalarFields

        p

    Reconstructing volVectorFields

        U

    Reconstructing surfaceScalarFields

        phi

Reconstructing point fields

No point fields

No lagrangian fields

No finite-area fields

Time = 237000

Reconstructing FV fields

    Reconstructing volScalarFields

        p

    Reconstructing volVectorFields

        U

    Reconstructing surfaceScalarFields

        phi

Reconstructing point fields

No point fields

No lagrangian fields

No finite-area fields

Time = 238000

Reconstructing FV fields

    Reconstructing volScalarFields

        p

    Reconstructing volVectorFields

        U

    Reconstructing surfaceScalarFields

        phi

Reconstructing point fields

No point fields

No lagrangian fields

No finite-area fields

Time = 239000

Reconstructing FV fields

    Reconstructing volScalarFields

        p

    Reconstructing volVectorFields

        U

    Reconstructing surfaceScalarFields

        phi

Reconstructing point fields

No point fields

No lagrangian fields

No finite-area fields

Time = 240000

Reconstructing FV fields

    Reconstructing volScalarFields

        p

    Reconstructing volVectorFields

        U

    Reconstructing surfaceScalarFields

        phi

Reconstructing point fields

No point fields

No lagrangian fields

No finite-area fields

Time = 241000

Reconstructing FV fields

    Reconstructing volScalarFields

        p

    Reconstructing volVectorFields

        U

    Reconstructing surfaceScalarFields

        phi

Reconstructing point fields

No point fields

No lagrangian fields

No finite-area fields

Time = 242000

Reconstructing FV fields

    Reconstructing volScalarFields

        p

    Reconstructing volVectorFields

        U

    Reconstructing surfaceScalarFields

        phi

Reconstructing point fields

No point fields

No lagrangian fields

No finite-area fields

Time = 243000

Reconstructing FV fields

    Reconstructing volScalarFields

        p

    Reconstructing volVectorFields

        U

    Reconstructing surfaceScalarFields

        phi

Reconstructing point fields

No point fields

No lagrangian fields

No finite-area fields

Time = 244000

Reconstructing FV fields

    Reconstructing volScalarFields

        p

    Reconstructing volVectorFields

        U

    Reconstructing surfaceScalarFields

        phi

Reconstructing point fields

No point fields

No lagrangian fields

No finite-area fields

Time = 245000

Reconstructing FV fields

    Reconstructing volScalarFields

        p

    Reconstructing volVectorFields

        U

    Reconstructing surfaceScalarFields

        phi

Reconstructing point fields

No point fields

No lagrangian fields

No finite-area fields

Time = 246000

Reconstructing FV fields

    Reconstructing volScalarFields

        p

    Reconstructing volVectorFields

        U

    Reconstructing surfaceScalarFields

        phi

Reconstructing point fields

No point fields

No lagrangian fields

No finite-area fields

Time = 247000

Reconstructing FV fields

    Reconstructing volScalarFields

        p

    Reconstructing volVectorFields

        U

    Reconstructing surfaceScalarFields

        phi

Reconstructing point fields

No point fields

No lagrangian fields

No finite-area fields

Time = 248000

Reconstructing FV fields

    Reconstructing volScalarFields

        p

    Reconstructing volVectorFields

        U

    Reconstructing surfaceScalarFields

        phi

Reconstructing point fields

No point fields

No lagrangian fields

No finite-area fields

Time = 249000

Reconstructing FV fields

    Reconstructing volScalarFields

        p

    Reconstructing volVectorFields

        U

    Reconstructing surfaceScalarFields

        phi

Reconstructing point fields

No point fields

No lagrangian fields

No finite-area fields

Time = 250000

Reconstructing FV fields

    Reconstructing volScalarFields

        p

    Reconstructing volVectorFields

        U

    Reconstructing surfaceScalarFields

        phi

Reconstructing point fields

No point fields

No lagrangian fields

No finite-area fields

Time = 251000

Reconstructing FV fields

    Reconstructing volScalarFields

        p

    Reconstructing volVectorFields

        U

    Reconstructing surfaceScalarFields

        phi

Reconstructing point fields

No point fields

No lagrangian fields

No finite-area fields

Time = 252000

Reconstructing FV fields

    Reconstructing volScalarFields

        p

    Reconstructing volVectorFields

        U

    Reconstructing surfaceScalarFields

        phi

Reconstructing point fields

No point fields

No lagrangian fields

No finite-area fields

Time = 253000

Reconstructing FV fields

    Reconstructing volScalarFields

        p

    Reconstructing volVectorFields

        U

    Reconstructing surfaceScalarFields

        phi

Reconstructing point fields

No point fields

No lagrangian fields

No finite-area fields

Time = 254000

Reconstructing FV fields

    Reconstructing volScalarFields

        p

    Reconstructing volVectorFields

        U

    Reconstructing surfaceScalarFields

        phi

Reconstructing point fields

No point fields

No lagrangian fields

No finite-area fields

Time = 255000

Reconstructing FV fields

    Reconstructing volScalarFields

        p

    Reconstructing volVectorFields

        U

    Reconstructing surfaceScalarFields

        phi

Reconstructing point fields

No point fields

No lagrangian fields

No finite-area fields

Time = 256000

Reconstructing FV fields

    Reconstructing volScalarFields

        p

    Reconstructing volVectorFields

        U

    Reconstructing surfaceScalarFields

        phi

Reconstructing point fields

No point fields

No lagrangian fields

No finite-area fields

Time = 257000

Reconstructing FV fields

    Reconstructing volScalarFields

        p

    Reconstructing volVectorFields

        U

    Reconstructing surfaceScalarFields

        phi

Reconstructing point fields

No point fields

No lagrangian fields

No finite-area fields

Time = 258000

Reconstructing FV fields

    Reconstructing volScalarFields

        p

    Reconstructing volVectorFields

        U

    Reconstructing surfaceScalarFields

        phi

Reconstructing point fields

No point fields

No lagrangian fields

No finite-area fields

Time = 259000

Reconstructing FV fields

    Reconstructing volScalarFields

        p

    Reconstructing volVectorFields

        U

    Reconstructing surfaceScalarFields

        phi

Reconstructing point fields

No point fields

No lagrangian fields

No finite-area fields

Time = 260000

Reconstructing FV fields

    Reconstructing volScalarFields

        p

    Reconstructing volVectorFields

        U

    Reconstructing surfaceScalarFields

        phi

Reconstructing point fields

No point fields

No lagrangian fields

No finite-area fields

Time = 261000

Reconstructing FV fields

    Reconstructing volScalarFields

        p

    Reconstructing volVectorFields

        U

    Reconstructing surfaceScalarFields

        phi

Reconstructing point fields

No point fields

No lagrangian fields

No finite-area fields

Time = 262000

Reconstructing FV fields

    Reconstructing volScalarFields

        p

    Reconstructing volVectorFields

        U

    Reconstructing surfaceScalarFields

        phi

Reconstructing point fields

No point fields

No lagrangian fields

No finite-area fields

Time = 263000

Reconstructing FV fields

    Reconstructing volScalarFields

        p

    Reconstructing volVectorFields

        U

    Reconstructing surfaceScalarFields

        phi

Reconstructing point fields

No point fields

No lagrangian fields

No finite-area fields

Time = 264000

Reconstructing FV fields

    Reconstructing volScalarFields

        p

    Reconstructing volVectorFields

        U

    Reconstructing surfaceScalarFields

        phi

Reconstructing point fields

No point fields

No lagrangian fields

No finite-area fields

Time = 265000

Reconstructing FV fields

    Reconstructing volScalarFields

        p

    Reconstructing volVectorFields

        U

    Reconstructing surfaceScalarFields

        phi

Reconstructing point fields

No point fields

No lagrangian fields

No finite-area fields

Time = 266000

Reconstructing FV fields

    Reconstructing volScalarFields

        p

    Reconstructing volVectorFields

        U

    Reconstructing surfaceScalarFields

        phi

Reconstructing point fields

No point fields

No lagrangian fields

No finite-area fields

Time = 267000

Reconstructing FV fields

    Reconstructing volScalarFields

        p

    Reconstructing volVectorFields

        U

    Reconstructing surfaceScalarFields

        phi

Reconstructing point fields

No point fields

No lagrangian fields

No finite-area fields

Time = 268000

Reconstructing FV fields

    Reconstructing volScalarFields

        p

    Reconstructing volVectorFields

        U

    Reconstructing surfaceScalarFields

        phi

Reconstructing point fields

No point fields

No lagrangian fields

No finite-area fields

Time = 269000

Reconstructing FV fields

    Reconstructing volScalarFields

        p

    Reconstructing volVectorFields

        U

    Reconstructing surfaceScalarFields

        phi

Reconstructing point fields

No point fields

No lagrangian fields

No finite-area fields

Time = 270000

Reconstructing FV fields

    Reconstructing volScalarFields

        p

    Reconstructing volVectorFields

        U

    Reconstructing surfaceScalarFields

        phi

Reconstructing point fields

No point fields

No lagrangian fields

No finite-area fields

Time = 271000

Reconstructing FV fields

    Reconstructing volScalarFields

        p

    Reconstructing volVectorFields

        U

    Reconstructing surfaceScalarFields

        phi

Reconstructing point fields

No point fields

No lagrangian fields

No finite-area fields

Time = 272000

Reconstructing FV fields

    Reconstructing volScalarFields

        p

    Reconstructing volVectorFields

        U

    Reconstructing surfaceScalarFields

        phi

Reconstructing point fields

No point fields

No lagrangian fields

No finite-area fields

Time = 273000

Reconstructing FV fields

    Reconstructing volScalarFields

        p

    Reconstructing volVectorFields

        U

    Reconstructing surfaceScalarFields

        phi

Reconstructing point fields

No point fields

No lagrangian fields

No finite-area fields

Time = 274000

Reconstructing FV fields

    Reconstructing volScalarFields

        p

    Reconstructing volVectorFields

        U

    Reconstructing surfaceScalarFields

        phi

Reconstructing point fields

No point fields

No lagrangian fields

No finite-area fields

Time = 275000

Reconstructing FV fields

    Reconstructing volScalarFields

        p

    Reconstructing volVectorFields

        U

    Reconstructing surfaceScalarFields

        phi

Reconstructing point fields

No point fields

No lagrangian fields

No finite-area fields

Time = 276000

Reconstructing FV fields

    Reconstructing volScalarFields

        p

    Reconstructing volVectorFields

        U

    Reconstructing surfaceScalarFields

        phi

Reconstructing point fields

No point fields

No lagrangian fields

No finite-area fields

Time = 277000

Reconstructing FV fields

    Reconstructing volScalarFields

        p

    Reconstructing volVectorFields

        U

    Reconstructing surfaceScalarFields

        phi

Reconstructing point fields

No point fields

No lagrangian fields

No finite-area fields

Time = 278000

Reconstructing FV fields

    Reconstructing volScalarFields

        p

    Reconstructing volVectorFields

        U

    Reconstructing surfaceScalarFields

        phi

Reconstructing point fields

No point fields

No lagrangian fields

No finite-area fields

Time = 279000

Reconstructing FV fields

    Reconstructing volScalarFields

        p

    Reconstructing volVectorFields

        U

    Reconstructing surfaceScalarFields

        phi

Reconstructing point fields

No point fields

No lagrangian fields

No finite-area fields

Time = 280000

Reconstructing FV fields

    Reconstructing volScalarFields

        p

    Reconstructing volVectorFields

        U

    Reconstructing surfaceScalarFields

        phi

Reconstructing point fields

No point fields

No lagrangian fields

No finite-area fields

Time = 281000

Reconstructing FV fields

    Reconstructing volScalarFields

        p

    Reconstructing volVectorFields

        U

    Reconstructing surfaceScalarFields

        phi

Reconstructing point fields

No point fields

No lagrangian fields

No finite-area fields

Time = 282000

Reconstructing FV fields

    Reconstructing volScalarFields

        p

    Reconstructing volVectorFields

        U

    Reconstructing surfaceScalarFields

        phi

Reconstructing point fields

No point fields

No lagrangian fields

No finite-area fields

Time = 283000

Reconstructing FV fields

    Reconstructing volScalarFields

        p

    Reconstructing volVectorFields

        U

    Reconstructing surfaceScalarFields

        phi

Reconstructing point fields

No point fields

No lagrangian fields

No finite-area fields

Time = 284000

Reconstructing FV fields

    Reconstructing volScalarFields

        p

    Reconstructing volVectorFields

        U

    Reconstructing surfaceScalarFields

        phi

Reconstructing point fields

No point fields

No lagrangian fields

No finite-area fields

Time = 285000

Reconstructing FV fields

    Reconstructing volScalarFields

        p

    Reconstructing volVectorFields

        U

    Reconstructing surfaceScalarFields

        phi

Reconstructing point fields

No point fields

No lagrangian fields

No finite-area fields

Time = 286000

Reconstructing FV fields

    Reconstructing volScalarFields

        p

    Reconstructing volVectorFields

        U

    Reconstructing surfaceScalarFields

        phi

Reconstructing point fields

No point fields

No lagrangian fields

No finite-area fields

Time = 287000

Reconstructing FV fields

    Reconstructing volScalarFields

        p

    Reconstructing volVectorFields

        U

    Reconstructing surfaceScalarFields

        phi

Reconstructing point fields

No point fields

No lagrangian fields

No finite-area fields

Time = 288000

Reconstructing FV fields

    Reconstructing volScalarFields

        p

    Reconstructing volVectorFields

        U

    Reconstructing surfaceScalarFields

        phi

Reconstructing point fields

No point fields

No lagrangian fields

No finite-area fields

Time = 289000

Reconstructing FV fields

    Reconstructing volScalarFields

        p

    Reconstructing volVectorFields

        U

    Reconstructing surfaceScalarFields

        phi

Reconstructing point fields

No point fields

No lagrangian fields

No finite-area fields

Time = 290000

Reconstructing FV fields

    Reconstructing volScalarFields

        p

    Reconstructing volVectorFields

        U

    Reconstructing surfaceScalarFields

        phi

Reconstructing point fields

No point fields

No lagrangian fields

No finite-area fields

Time = 291000

Reconstructing FV fields

    Reconstructing volScalarFields

        p

    Reconstructing volVectorFields

        U

    Reconstructing surfaceScalarFields

        phi

Reconstructing point fields

No point fields

No lagrangian fields

No finite-area fields

Time = 292000

Reconstructing FV fields

    Reconstructing volScalarFields

        p

    Reconstructing volVectorFields

        U

    Reconstructing surfaceScalarFields

        phi

Reconstructing point fields

No point fields

No lagrangian fields

No finite-area fields

Time = 293000

Reconstructing FV fields

    Reconstructing volScalarFields

        p

    Reconstructing volVectorFields

        U

    Reconstructing surfaceScalarFields

        phi

Reconstructing point fields

No point fields

No lagrangian fields

No finite-area fields

Time = 294000

Reconstructing FV fields

    Reconstructing volScalarFields

        p

    Reconstructing volVectorFields

        U

    Reconstructing surfaceScalarFields

        phi

Reconstructing point fields

No point fields

No lagrangian fields

No finite-area fields

Time = 295000

Reconstructing FV fields

    Reconstructing volScalarFields

        p

    Reconstructing volVectorFields

        U

    Reconstructing surfaceScalarFields

        phi

Reconstructing point fields

No point fields

No lagrangian fields

No finite-area fields

Time = 296000

Reconstructing FV fields

    Reconstructing volScalarFields

        p

    Reconstructing volVectorFields

        U

    Reconstructing surfaceScalarFields

        phi

Reconstructing point fields

No point fields

No lagrangian fields

No finite-area fields

Time = 297000

Reconstructing FV fields

    Reconstructing volScalarFields

        p

    Reconstructing volVectorFields

        U

    Reconstructing surfaceScalarFields

        phi

Reconstructing point fields

No point fields

No lagrangian fields

No finite-area fields

Time = 298000

Reconstructing FV fields

    Reconstructing volScalarFields

        p

    Reconstructing volVectorFields

        U

    Reconstructing surfaceScalarFields

        phi

Reconstructing point fields

No point fields

No lagrangian fields

No finite-area fields

Time = 299000

Reconstructing FV fields

    Reconstructing volScalarFields

        p

    Reconstructing volVectorFields

        U

    Reconstructing surfaceScalarFields

        phi

Reconstructing point fields

No point fields

No lagrangian fields

No finite-area fields

Time = 300000

Reconstructing FV fields

    Reconstructing volScalarFields

        p

    Reconstructing volVectorFields

        U

    Reconstructing surfaceScalarFields

        phi

Reconstructing point fields

No point fields

No lagrangian fields

No finite-area fields

Time = 301000

Reconstructing FV fields

    Reconstructing volScalarFields

        p

    Reconstructing volVectorFields

        U

    Reconstructing surfaceScalarFields

        phi

Reconstructing point fields

No point fields

No lagrangian fields

No finite-area fields

Time = 302000

Reconstructing FV fields

    Reconstructing volScalarFields

        p

    Reconstructing volVectorFields

        U

    Reconstructing surfaceScalarFields

        phi

Reconstructing point fields

No point fields

No lagrangian fields

No finite-area fields

Time = 303000

Reconstructing FV fields

    Reconstructing volScalarFields

        p

    Reconstructing volVectorFields

        U

    Reconstructing surfaceScalarFields

        phi

Reconstructing point fields

No point fields

No lagrangian fields

No finite-area fields

Time = 304000

Reconstructing FV fields

    Reconstructing volScalarFields

        p

    Reconstructing volVectorFields

        U

    Reconstructing surfaceScalarFields

        phi

Reconstructing point fields

No point fields

No lagrangian fields

No finite-area fields

Time = 305000

Reconstructing FV fields

    Reconstructing volScalarFields

        p

    Reconstructing volVectorFields

        U

    Reconstructing surfaceScalarFields

        phi

Reconstructing point fields

No point fields

No lagrangian fields

No finite-area fields

Time = 306000

Reconstructing FV fields

    Reconstructing volScalarFields

        p

    Reconstructing volVectorFields

        U

    Reconstructing surfaceScalarFields

        phi

Reconstructing point fields

No point fields

No lagrangian fields

No finite-area fields

Time = 307000

Reconstructing FV fields

    Reconstructing volScalarFields

        p

    Reconstructing volVectorFields

        U

    Reconstructing surfaceScalarFields

        phi

Reconstructing point fields

No point fields

No lagrangian fields

No finite-area fields

Time = 308000

Reconstructing FV fields

    Reconstructing volScalarFields

        p

    Reconstructing volVectorFields

        U

    Reconstructing surfaceScalarFields

        phi

Reconstructing point fields

No point fields

No lagrangian fields

No finite-area fields

Time = 309000

Reconstructing FV fields

    Reconstructing volScalarFields

        p

    Reconstructing volVectorFields

        U

    Reconstructing surfaceScalarFields

        phi

Reconstructing point fields

No point fields

No lagrangian fields

No finite-area fields

Time = 310000

Reconstructing FV fields

    Reconstructing volScalarFields

        p

    Reconstructing volVectorFields

        U

    Reconstructing surfaceScalarFields

        phi

Reconstructing point fields

No point fields

No lagrangian fields

No finite-area fields

Time = 311000

Reconstructing FV fields

    Reconstructing volScalarFields

        p

    Reconstructing volVectorFields

        U

    Reconstructing surfaceScalarFields

        phi

Reconstructing point fields

No point fields

No lagrangian fields

No finite-area fields

Time = 312000

Reconstructing FV fields

    Reconstructing volScalarFields

        p

    Reconstructing volVectorFields

        U

    Reconstructing surfaceScalarFields

        phi

Reconstructing point fields

No point fields

No lagrangian fields

No finite-area fields

Time = 313000

Reconstructing FV fields

    Reconstructing volScalarFields

        p

    Reconstructing volVectorFields

        U

    Reconstructing surfaceScalarFields

        phi

Reconstructing point fields

No point fields

No lagrangian fields

No finite-area fields

Time = 314000

Reconstructing FV fields

    Reconstructing volScalarFields

        p

    Reconstructing volVectorFields

        U

    Reconstructing surfaceScalarFields

        phi

Reconstructing point fields

No point fields

No lagrangian fields

No finite-area fields

Time = 315000

Reconstructing FV fields

    Reconstructing volScalarFields

        p

    Reconstructing volVectorFields

        U

    Reconstructing surfaceScalarFields

        phi

Reconstructing point fields

No point fields

No lagrangian fields

No finite-area fields

Time = 316000

Reconstructing FV fields

    Reconstructing volScalarFields

        p

    Reconstructing volVectorFields

        U

    Reconstructing surfaceScalarFields

        phi

Reconstructing point fields

No point fields

No lagrangian fields

No finite-area fields

Time = 317000

Reconstructing FV fields

    Reconstructing volScalarFields

        p

    Reconstructing volVectorFields

        U

    Reconstructing surfaceScalarFields

        phi

Reconstructing point fields

No point fields

No lagrangian fields

No finite-area fields

Time = 318000

Reconstructing FV fields

    Reconstructing volScalarFields

        p

    Reconstructing volVectorFields

        U

    Reconstructing surfaceScalarFields

        phi

Reconstructing point fields

No point fields

No lagrangian fields

No finite-area fields

Time = 319000

Reconstructing FV fields

    Reconstructing volScalarFields

        p

    Reconstructing volVectorFields

        U

    Reconstructing surfaceScalarFields

        phi

Reconstructing point fields

No point fields

No lagrangian fields

No finite-area fields

Time = 320000

Reconstructing FV fields

    Reconstructing volScalarFields

        p

    Reconstructing volVectorFields

        U

    Reconstructing surfaceScalarFields

        phi

Reconstructing point fields

No point fields

No lagrangian fields

No finite-area fields

Time = 321000

Reconstructing FV fields

    Reconstructing volScalarFields

        p

    Reconstructing volVectorFields

        U

    Reconstructing surfaceScalarFields

        phi

Reconstructing point fields

No point fields

No lagrangian fields

No finite-area fields

Time = 322000

Reconstructing FV fields

    Reconstructing volScalarFields

        p

    Reconstructing volVectorFields

        U

    Reconstructing surfaceScalarFields

        phi

Reconstructing point fields

No point fields

No lagrangian fields

No finite-area fields

Time = 323000

Reconstructing FV fields

    Reconstructing volScalarFields

        p

    Reconstructing volVectorFields

        U

    Reconstructing surfaceScalarFields

        phi

Reconstructing point fields

No point fields

No lagrangian fields

No finite-area fields

Time = 324000

Reconstructing FV fields

    Reconstructing volScalarFields

        p

    Reconstructing volVectorFields

        U

    Reconstructing surfaceScalarFields

        phi

Reconstructing point fields

No point fields

No lagrangian fields

No finite-area fields

Time = 325000

Reconstructing FV fields

    Reconstructing volScalarFields

        p

    Reconstructing volVectorFields

        U

    Reconstructing surfaceScalarFields

        phi

Reconstructing point fields

No point fields

No lagrangian fields

No finite-area fields

Time = 326000

Reconstructing FV fields

    Reconstructing volScalarFields

        p

    Reconstructing volVectorFields

        U

    Reconstructing surfaceScalarFields

        phi

Reconstructing point fields

No point fields

No lagrangian fields

No finite-area fields

Time = 327000

Reconstructing FV fields

    Reconstructing volScalarFields

        p

    Reconstructing volVectorFields

        U

    Reconstructing surfaceScalarFields

        phi

Reconstructing point fields

No point fields

No lagrangian fields

No finite-area fields

Time = 328000

Reconstructing FV fields

    Reconstructing volScalarFields

        p

    Reconstructing volVectorFields

        U

    Reconstructing surfaceScalarFields

        phi

Reconstructing point fields

No point fields

No lagrangian fields

No finite-area fields

Time = 329000

Reconstructing FV fields

    Reconstructing volScalarFields

        p

    Reconstructing volVectorFields

        U

    Reconstructing surfaceScalarFields

        phi

Reconstructing point fields

No point fields

No lagrangian fields

No finite-area fields

Time = 330000

Reconstructing FV fields

    Reconstructing volScalarFields

        p

    Reconstructing volVectorFields

        U

    Reconstructing surfaceScalarFields

        phi

Reconstructing point fields

No point fields

No lagrangian fields

No finite-area fields

Time = 331000

Reconstructing FV fields

    Reconstructing volScalarFields

        p

    Reconstructing volVectorFields

        U

    Reconstructing surfaceScalarFields

        phi

Reconstructing point fields

No point fields

No lagrangian fields

No finite-area fields

Time = 332000

Reconstructing FV fields

    Reconstructing volScalarFields

        p

    Reconstructing volVectorFields

        U

    Reconstructing surfaceScalarFields

        phi

Reconstructing point fields

No point fields

No lagrangian fields

No finite-area fields

Time = 333000

Reconstructing FV fields

    Reconstructing volScalarFields

        p

    Reconstructing volVectorFields

        U

    Reconstructing surfaceScalarFields

        phi

Reconstructing point fields

No point fields

No lagrangian fields

No finite-area fields

Time = 334000

Reconstructing FV fields

    Reconstructing volScalarFields

        p

    Reconstructing volVectorFields

        U

    Reconstructing surfaceScalarFields

        phi

Reconstructing point fields

No point fields

No lagrangian fields

No finite-area fields

Time = 335000

Reconstructing FV fields

    Reconstructing volScalarFields

        p

    Reconstructing volVectorFields

        U

    Reconstructing surfaceScalarFields

        phi

Reconstructing point fields

No point fields

No lagrangian fields

No finite-area fields

Time = 336000

Reconstructing FV fields

    Reconstructing volScalarFields

        p

    Reconstructing volVectorFields

        U

    Reconstructing surfaceScalarFields

        phi

Reconstructing point fields

No point fields

No lagrangian fields

No finite-area fields

Time = 337000

Reconstructing FV fields

    Reconstructing volScalarFields

        p

    Reconstructing volVectorFields

        U

    Reconstructing surfaceScalarFields

        phi

Reconstructing point fields

No point fields

No lagrangian fields

No finite-area fields

Time = 338000

Reconstructing FV fields

    Reconstructing volScalarFields

        p

    Reconstructing volVectorFields

        U

    Reconstructing surfaceScalarFields

        phi

Reconstructing point fields

No point fields

No lagrangian fields

No finite-area fields

Time = 339000

Reconstructing FV fields

    Reconstructing volScalarFields

        p

    Reconstructing volVectorFields

        U

    Reconstructing surfaceScalarFields

        phi

Reconstructing point fields

No point fields

No lagrangian fields

No finite-area fields

Time = 340000

Reconstructing FV fields

    Reconstructing volScalarFields

        p

    Reconstructing volVectorFields

        U

    Reconstructing surfaceScalarFields

        phi

Reconstructing point fields

No point fields

No lagrangian fields

No finite-area fields

Time = 341000

Reconstructing FV fields

    Reconstructing volScalarFields

        p

    Reconstructing volVectorFields

        U

    Reconstructing surfaceScalarFields

        phi

Reconstructing point fields

No point fields

No lagrangian fields

No finite-area fields

Time = 342000

Reconstructing FV fields

    Reconstructing volScalarFields

        p

    Reconstructing volVectorFields

        U

    Reconstructing surfaceScalarFields

        phi

Reconstructing point fields

No point fields

No lagrangian fields

No finite-area fields

Time = 343000

Reconstructing FV fields

    Reconstructing volScalarFields

        p

    Reconstructing volVectorFields

        U

    Reconstructing surfaceScalarFields

        phi

Reconstructing point fields

No point fields

No lagrangian fields

No finite-area fields

Time = 344000

Reconstructing FV fields

    Reconstructing volScalarFields

        p

    Reconstructing volVectorFields

        U

    Reconstructing surfaceScalarFields

        phi

Reconstructing point fields

No point fields

No lagrangian fields

No finite-area fields

Time = 345000

Reconstructing FV fields

    Reconstructing volScalarFields

        p

    Reconstructing volVectorFields

        U

    Reconstructing surfaceScalarFields

        phi

Reconstructing point fields

No point fields

No lagrangian fields

No finite-area fields

Time = 346000

Reconstructing FV fields

    Reconstructing volScalarFields

        p

    Reconstructing volVectorFields

        U

    Reconstructing surfaceScalarFields

        phi

Reconstructing point fields

No point fields

No lagrangian fields

No finite-area fields

Time = 347000

Reconstructing FV fields

    Reconstructing volScalarFields

        p

    Reconstructing volVectorFields

        U

    Reconstructing surfaceScalarFields

        phi

Reconstructing point fields

No point fields

No lagrangian fields

No finite-area fields

Time = 348000

Reconstructing FV fields

    Reconstructing volScalarFields

        p

    Reconstructing volVectorFields

        U

    Reconstructing surfaceScalarFields

        phi

Reconstructing point fields

No point fields

No lagrangian fields

No finite-area fields

Time = 349000

Reconstructing FV fields

    Reconstructing volScalarFields

        p

    Reconstructing volVectorFields

        U

    Reconstructing surfaceScalarFields

        phi

Reconstructing point fields

No point fields

No lagrangian fields

No finite-area fields

Time = 350000

Reconstructing FV fields

    Reconstructing volScalarFields

        p

    Reconstructing volVectorFields

        U

    Reconstructing surfaceScalarFields

        phi

Reconstructing point fields

No point fields

No lagrangian fields

No finite-area fields

Time = 351000

Reconstructing FV fields

    Reconstructing volScalarFields

        p

    Reconstructing volVectorFields

        U

    Reconstructing surfaceScalarFields

        phi

Reconstructing point fields

No point fields

No lagrangian fields

No finite-area fields

Time = 352000

Reconstructing FV fields

    Reconstructing volScalarFields

        p

    Reconstructing volVectorFields

        U

    Reconstructing surfaceScalarFields

        phi

Reconstructing point fields

No point fields

No lagrangian fields

No finite-area fields

Time = 353000

Reconstructing FV fields

    Reconstructing volScalarFields

        p

    Reconstructing volVectorFields

        U

    Reconstructing surfaceScalarFields

        phi

Reconstructing point fields

No point fields

No lagrangian fields

No finite-area fields

Time = 354000

Reconstructing FV fields

    Reconstructing volScalarFields

        p

    Reconstructing volVectorFields

        U

    Reconstructing surfaceScalarFields

        phi

Reconstructing point fields

No point fields

No lagrangian fields

No finite-area fields

Time = 355000

Reconstructing FV fields

    Reconstructing volScalarFields

        p

    Reconstructing volVectorFields

        U

    Reconstructing surfaceScalarFields

        phi

Reconstructing point fields

No point fields

No lagrangian fields

No finite-area fields

Time = 356000

Reconstructing FV fields

    Reconstructing volScalarFields

        p

    Reconstructing volVectorFields

        U

    Reconstructing surfaceScalarFields

        phi

Reconstructing point fields

No point fields

No lagrangian fields

No finite-area fields

Time = 357000

Reconstructing FV fields

    Reconstructing volScalarFields

        p

    Reconstructing volVectorFields

        U

    Reconstructing surfaceScalarFields

        phi

Reconstructing point fields

No point fields

No lagrangian fields

No finite-area fields

Time = 358000

Reconstructing FV fields

    Reconstructing volScalarFields

        p

    Reconstructing volVectorFields

        U

    Reconstructing surfaceScalarFields

        phi

Reconstructing point fields

No point fields

No lagrangian fields

No finite-area fields

Time = 359000

Reconstructing FV fields

    Reconstructing volScalarFields

        p

    Reconstructing volVectorFields

        U

    Reconstructing surfaceScalarFields

        phi

Reconstructing point fields

No point fields

No lagrangian fields

No finite-area fields

Time = 360000

Reconstructing FV fields

    Reconstructing volScalarFields

        p

    Reconstructing volVectorFields

        U

    Reconstructing surfaceScalarFields

        phi

Reconstructing point fields

No point fields

No lagrangian fields

No finite-area fields

Time = 361000

Reconstructing FV fields

    Reconstructing volScalarFields

        p

    Reconstructing volVectorFields

        U

    Reconstructing surfaceScalarFields

        phi

Reconstructing point fields

No point fields

No lagrangian fields

No finite-area fields

Time = 362000

Reconstructing FV fields

    Reconstructing volScalarFields

        p

    Reconstructing volVectorFields

        U

    Reconstructing surfaceScalarFields

        phi

Reconstructing point fields

No point fields

No lagrangian fields

No finite-area fields

Time = 363000

Reconstructing FV fields

    Reconstructing volScalarFields

        p

    Reconstructing volVectorFields

        U

    Reconstructing surfaceScalarFields

        phi

Reconstructing point fields

No point fields

No lagrangian fields

No finite-area fields

Time = 364000

Reconstructing FV fields

    Reconstructing volScalarFields

        p

    Reconstructing volVectorFields

        U

    Reconstructing surfaceScalarFields

        phi

Reconstructing point fields

No point fields

No lagrangian fields

No finite-area fields

Time = 365000

Reconstructing FV fields

    Reconstructing volScalarFields

        p

    Reconstructing volVectorFields

        U

    Reconstructing surfaceScalarFields

        phi

Reconstructing point fields

No point fields

No lagrangian fields

No finite-area fields

Time = 366000

Reconstructing FV fields

    Reconstructing volScalarFields

        p

    Reconstructing volVectorFields

        U

    Reconstructing surfaceScalarFields

        phi

Reconstructing point fields

No point fields

No lagrangian fields

No finite-area fields

Time = 367000

Reconstructing FV fields

    Reconstructing volScalarFields

        p

    Reconstructing volVectorFields

        U

    Reconstructing surfaceScalarFields

        phi

Reconstructing point fields

No point fields

No lagrangian fields

No finite-area fields

Time = 368000

Reconstructing FV fields

    Reconstructing volScalarFields

        p

    Reconstructing volVectorFields

        U

    Reconstructing surfaceScalarFields

        phi

Reconstructing point fields

No point fields

No lagrangian fields

No finite-area fields

Time = 369000

Reconstructing FV fields

    Reconstructing volScalarFields

        p

    Reconstructing volVectorFields

        U

    Reconstructing surfaceScalarFields

        phi

Reconstructing point fields

No point fields

No lagrangian fields

No finite-area fields

Time = 370000

Reconstructing FV fields

    Reconstructing volScalarFields

        p

    Reconstructing volVectorFields

        U

    Reconstructing surfaceScalarFields

        phi

Reconstructing point fields

No point fields

No lagrangian fields

No finite-area fields

Time = 371000

Reconstructing FV fields

    Reconstructing volScalarFields

        p

    Reconstructing volVectorFields

        U

    Reconstructing surfaceScalarFields

        phi

Reconstructing point fields

No point fields

No lagrangian fields

No finite-area fields

Time = 372000

Reconstructing FV fields

    Reconstructing volScalarFields

        p

    Reconstructing volVectorFields

        U

    Reconstructing surfaceScalarFields

        phi

Reconstructing point fields

No point fields

No lagrangian fields

No finite-area fields

Time = 373000

Reconstructing FV fields

    Reconstructing volScalarFields

        p

    Reconstructing volVectorFields

        U

    Reconstructing surfaceScalarFields

        phi

Reconstructing point fields

No point fields

No lagrangian fields

No finite-area fields

Time = 374000

Reconstructing FV fields

    Reconstructing volScalarFields

        p

    Reconstructing volVectorFields

        U

    Reconstructing surfaceScalarFields

        phi

Reconstructing point fields

No point fields

No lagrangian fields

No finite-area fields

Time = 375000

Reconstructing FV fields

    Reconstructing volScalarFields

        p

    Reconstructing volVectorFields

        U

    Reconstructing surfaceScalarFields

        phi

Reconstructing point fields

No point fields

No lagrangian fields

No finite-area fields

Time = 376000

Reconstructing FV fields

    Reconstructing volScalarFields

        p

    Reconstructing volVectorFields

        U

    Reconstructing surfaceScalarFields

        phi

Reconstructing point fields

No point fields

No lagrangian fields

No finite-area fields

Time = 377000

Reconstructing FV fields

    Reconstructing volScalarFields

        p

    Reconstructing volVectorFields

        U

    Reconstructing surfaceScalarFields

        phi

Reconstructing point fields

No point fields

No lagrangian fields

No finite-area fields

Time = 378000

Reconstructing FV fields

    Reconstructing volScalarFields

        p

    Reconstructing volVectorFields

        U

    Reconstructing surfaceScalarFields

        phi

Reconstructing point fields

No point fields

No lagrangian fields

No finite-area fields

Time = 379000

Reconstructing FV fields

    Reconstructing volScalarFields

        p

    Reconstructing volVectorFields

        U

    Reconstructing surfaceScalarFields

        phi

Reconstructing point fields

No point fields

No lagrangian fields

No finite-area fields

Time = 380000

Reconstructing FV fields

    Reconstructing volScalarFields

        p

    Reconstructing volVectorFields

        U

    Reconstructing surfaceScalarFields

        phi

Reconstructing point fields

No point fields

No lagrangian fields

No finite-area fields

Time = 381000

Reconstructing FV fields

    Reconstructing volScalarFields

        p

    Reconstructing volVectorFields

        U

    Reconstructing surfaceScalarFields

        phi

Reconstructing point fields

No point fields

No lagrangian fields

No finite-area fields

Time = 382000

Reconstructing FV fields

    Reconstructing volScalarFields

        p

    Reconstructing volVectorFields

        U

    Reconstructing surfaceScalarFields

        phi

Reconstructing point fields

No point fields

No lagrangian fields

No finite-area fields

Time = 383000

Reconstructing FV fields

    Reconstructing volScalarFields

        p

    Reconstructing volVectorFields

        U

    Reconstructing surfaceScalarFields

        phi

Reconstructing point fields

No point fields

No lagrangian fields

No finite-area fields

Time = 384000

Reconstructing FV fields

    Reconstructing volScalarFields

        p

    Reconstructing volVectorFields

        U

    Reconstructing surfaceScalarFields

        phi

Reconstructing point fields

No point fields

No lagrangian fields

No finite-area fields

Time = 385000

Reconstructing FV fields

    Reconstructing volScalarFields

        p

    Reconstructing volVectorFields

        U

    Reconstructing surfaceScalarFields

        phi

Reconstructing point fields

No point fields

No lagrangian fields

No finite-area fields

Time = 386000

Reconstructing FV fields

    Reconstructing volScalarFields

        p

    Reconstructing volVectorFields

        U

    Reconstructing surfaceScalarFields

        phi

Reconstructing point fields

No point fields

No lagrangian fields

No finite-area fields

Time = 387000

Reconstructing FV fields

    Reconstructing volScalarFields

        p

    Reconstructing volVectorFields

        U

    Reconstructing surfaceScalarFields

        phi

Reconstructing point fields

No point fields

No lagrangian fields

No finite-area fields

Time = 388000

Reconstructing FV fields

    Reconstructing volScalarFields

        p

    Reconstructing volVectorFields

        U

    Reconstructing surfaceScalarFields

        phi

Reconstructing point fields

No point fields

No lagrangian fields

No finite-area fields

Time = 389000

Reconstructing FV fields

    Reconstructing volScalarFields

        p

    Reconstructing volVectorFields

        U

    Reconstructing surfaceScalarFields

        phi

Reconstructing point fields

No point fields

No lagrangian fields

No finite-area fields

Time = 390000

Reconstructing FV fields

    Reconstructing volScalarFields

        p

    Reconstructing volVectorFields

        U

    Reconstructing surfaceScalarFields

        phi

Reconstructing point fields

No point fields

No lagrangian fields

No finite-area fields

Time = 391000

Reconstructing FV fields

    Reconstructing volScalarFields

        p

    Reconstructing volVectorFields

        U

    Reconstructing surfaceScalarFields

        phi

Reconstructing point fields

No point fields

No lagrangian fields

No finite-area fields

Time = 392000

Reconstructing FV fields

    Reconstructing volScalarFields

        p

    Reconstructing volVectorFields

        U

    Reconstructing surfaceScalarFields

        phi

Reconstructing point fields

No point fields

No lagrangian fields

No finite-area fields

Time = 393000

Reconstructing FV fields

    Reconstructing volScalarFields

        p

    Reconstructing volVectorFields

        U

    Reconstructing surfaceScalarFields

        phi

Reconstructing point fields

No point fields

No lagrangian fields

No finite-area fields

Time = 394000

Reconstructing FV fields

    Reconstructing volScalarFields

        p

    Reconstructing volVectorFields

        U

    Reconstructing surfaceScalarFields

        phi

Reconstructing point fields

No point fields

No lagrangian fields

No finite-area fields

Time = 395000

Reconstructing FV fields

    Reconstructing volScalarFields

        p

    Reconstructing volVectorFields

        U

    Reconstructing surfaceScalarFields

        phi

Reconstructing point fields

No point fields

No lagrangian fields

No finite-area fields

Time = 396000

Reconstructing FV fields

    Reconstructing volScalarFields

        p

    Reconstructing volVectorFields

        U

    Reconstructing surfaceScalarFields

        phi

Reconstructing point fields

No point fields

No lagrangian fields

No finite-area fields

Time = 397000

Reconstructing FV fields

    Reconstructing volScalarFields

        p

    Reconstructing volVectorFields

        U

    Reconstructing surfaceScalarFields

        phi

Reconstructing point fields

No point fields

No lagrangian fields

No finite-area fields

Time = 398000

Reconstructing FV fields

    Reconstructing volScalarFields

        p

    Reconstructing volVectorFields

        U

    Reconstructing surfaceScalarFields

        phi

Reconstructing point fields

No point fields

No lagrangian fields

No finite-area fields

Time = 399000

Reconstructing FV fields

    Reconstructing volScalarFields

        p

    Reconstructing volVectorFields

        U

    Reconstructing surfaceScalarFields

        phi

Reconstructing point fields

No point fields

No lagrangian fields

No finite-area fields

Time = 400000

Reconstructing FV fields

    Reconstructing volScalarFields

        p

    Reconstructing volVectorFields

        U

    Reconstructing surfaceScalarFields

        phi

Reconstructing point fields

No point fields

No lagrangian fields

No finite-area fields

Time = 401000

Reconstructing FV fields

    Reconstructing volScalarFields

        p

    Reconstructing volVectorFields

        U

    Reconstructing surfaceScalarFields

        phi

Reconstructing point fields

No point fields

No lagrangian fields

No finite-area fields

Time = 402000

Reconstructing FV fields

    Reconstructing volScalarFields

        p

    Reconstructing volVectorFields

        U

    Reconstructing surfaceScalarFields

        phi

Reconstructing point fields

No point fields

No lagrangian fields

No finite-area fields

Time = 403000

Reconstructing FV fields

    Reconstructing volScalarFields

        p

    Reconstructing volVectorFields

        U

    Reconstructing surfaceScalarFields

        phi

Reconstructing point fields

No point fields

No lagrangian fields

No finite-area fields

Time = 404000

Reconstructing FV fields

    Reconstructing volScalarFields

        p

    Reconstructing volVectorFields

        U

    Reconstructing surfaceScalarFields

        phi

Reconstructing point fields

No point fields

No lagrangian fields

No finite-area fields

Time = 405000

Reconstructing FV fields

    Reconstructing volScalarFields

        p

    Reconstructing volVectorFields

        U

    Reconstructing surfaceScalarFields

        phi

Reconstructing point fields

No point fields

No lagrangian fields

No finite-area fields

Time = 406000

Reconstructing FV fields

    Reconstructing volScalarFields

        p

    Reconstructing volVectorFields

        U

    Reconstructing surfaceScalarFields

        phi

Reconstructing point fields

No point fields

No lagrangian fields

No finite-area fields

Time = 407000

Reconstructing FV fields

    Reconstructing volScalarFields

        p

    Reconstructing volVectorFields

        U

    Reconstructing surfaceScalarFields

        phi

Reconstructing point fields

No point fields

No lagrangian fields

No finite-area fields

Time = 408000

Reconstructing FV fields

    Reconstructing volScalarFields

        p

    Reconstructing volVectorFields

        U

    Reconstructing surfaceScalarFields

        phi

Reconstructing point fields

No point fields

No lagrangian fields

No finite-area fields

Time = 409000

Reconstructing FV fields

    Reconstructing volScalarFields

        p

    Reconstructing volVectorFields

        U

    Reconstructing surfaceScalarFields

        phi

Reconstructing point fields

No point fields

No lagrangian fields

No finite-area fields

Time = 410000

Reconstructing FV fields

    Reconstructing volScalarFields

        p

    Reconstructing volVectorFields

        U

    Reconstructing surfaceScalarFields

        phi

Reconstructing point fields

No point fields

No lagrangian fields

No finite-area fields

Time = 411000

Reconstructing FV fields

    Reconstructing volScalarFields

        p

    Reconstructing volVectorFields

        U

    Reconstructing surfaceScalarFields

        phi

Reconstructing point fields

No point fields

No lagrangian fields

No finite-area fields

Time = 412000

Reconstructing FV fields

    Reconstructing volScalarFields

        p

    Reconstructing volVectorFields

        U

    Reconstructing surfaceScalarFields

        phi

Reconstructing point fields

No point fields

No lagrangian fields

No finite-area fields

Time = 413000

Reconstructing FV fields

    Reconstructing volScalarFields

        p

    Reconstructing volVectorFields

        U

    Reconstructing surfaceScalarFields

        phi

Reconstructing point fields

No point fields

No lagrangian fields

No finite-area fields

Time = 414000

Reconstructing FV fields

    Reconstructing volScalarFields

        p

    Reconstructing volVectorFields

        U

    Reconstructing surfaceScalarFields

        phi

Reconstructing point fields

No point fields

No lagrangian fields

No finite-area fields

Time = 415000

Reconstructing FV fields

    Reconstructing volScalarFields

        p

    Reconstructing volVectorFields

        U

    Reconstructing surfaceScalarFields

        phi

Reconstructing point fields

No point fields

No lagrangian fields

No finite-area fields

Time = 416000

Reconstructing FV fields

    Reconstructing volScalarFields

        p

    Reconstructing volVectorFields

        U

    Reconstructing surfaceScalarFields

        phi

Reconstructing point fields

No point fields

No lagrangian fields

No finite-area fields

Time = 417000

Reconstructing FV fields

    Reconstructing volScalarFields

        p

    Reconstructing volVectorFields

        U

    Reconstructing surfaceScalarFields

        phi

Reconstructing point fields

No point fields

No lagrangian fields

No finite-area fields

Time = 418000

Reconstructing FV fields

    Reconstructing volScalarFields

        p

    Reconstructing volVectorFields

        U

    Reconstructing surfaceScalarFields

        phi

Reconstructing point fields

No point fields

No lagrangian fields

No finite-area fields

Time = 419000

Reconstructing FV fields

    Reconstructing volScalarFields

        p

    Reconstructing volVectorFields

        U

    Reconstructing surfaceScalarFields

        phi

Reconstructing point fields

No point fields

No lagrangian fields

No finite-area fields

Time = 420000

Reconstructing FV fields

    Reconstructing volScalarFields

        p

    Reconstructing volVectorFields

        U

    Reconstructing surfaceScalarFields

        phi

Reconstructing point fields

No point fields

No lagrangian fields

No finite-area fields

Time = 421000

Reconstructing FV fields

    Reconstructing volScalarFields

        p

    Reconstructing volVectorFields

        U

    Reconstructing surfaceScalarFields

        phi

Reconstructing point fields

No point fields

No lagrangian fields

No finite-area fields

Time = 422000

Reconstructing FV fields

    Reconstructing volScalarFields

        p

    Reconstructing volVectorFields

        U

    Reconstructing surfaceScalarFields

        phi

Reconstructing point fields

No point fields

No lagrangian fields

No finite-area fields

Time = 423000

Reconstructing FV fields

    Reconstructing volScalarFields

        p

    Reconstructing volVectorFields

        U

    Reconstructing surfaceScalarFields

        phi

Reconstructing point fields

No point fields

No lagrangian fields

No finite-area fields

Time = 424000

Reconstructing FV fields

    Reconstructing volScalarFields

        p

    Reconstructing volVectorFields

        U

    Reconstructing surfaceScalarFields

        phi

Reconstructing point fields

No point fields

No lagrangian fields

No finite-area fields

Time = 425000

Reconstructing FV fields

    Reconstructing volScalarFields

        p

    Reconstructing volVectorFields

        U

    Reconstructing surfaceScalarFields

        phi

Reconstructing point fields

No point fields

No lagrangian fields

No finite-area fields

Time = 426000

Reconstructing FV fields

    Reconstructing volScalarFields

        p

    Reconstructing volVectorFields

        U

    Reconstructing surfaceScalarFields

        phi

Reconstructing point fields

No point fields

No lagrangian fields

No finite-area fields

Time = 427000

Reconstructing FV fields

    Reconstructing volScalarFields

        p

    Reconstructing volVectorFields

        U

    Reconstructing surfaceScalarFields

        phi

Reconstructing point fields

No point fields

No lagrangian fields

No finite-area fields

Time = 428000

Reconstructing FV fields

    Reconstructing volScalarFields

        p

    Reconstructing volVectorFields

        U

    Reconstructing surfaceScalarFields

        phi

Reconstructing point fields

No point fields

No lagrangian fields

No finite-area fields

Time = 429000

Reconstructing FV fields

    Reconstructing volScalarFields

        p

    Reconstructing volVectorFields

        U

    Reconstructing surfaceScalarFields

        phi

Reconstructing point fields

No point fields

No lagrangian fields

No finite-area fields

Time = 430000

Reconstructing FV fields

    Reconstructing volScalarFields

        p

    Reconstructing volVectorFields

        U

    Reconstructing surfaceScalarFields

        phi

Reconstructing point fields

No point fields

No lagrangian fields

No finite-area fields

Time = 431000

Reconstructing FV fields

    Reconstructing volScalarFields

        p

    Reconstructing volVectorFields

        U

    Reconstructing surfaceScalarFields

        phi

Reconstructing point fields

No point fields

No lagrangian fields

No finite-area fields

Time = 432000

Reconstructing FV fields

    Reconstructing volScalarFields

        p

    Reconstructing volVectorFields

        U

    Reconstructing surfaceScalarFields

        phi

Reconstructing point fields

No point fields

No lagrangian fields

No finite-area fields

Time = 433000

Reconstructing FV fields

    Reconstructing volScalarFields

        p

    Reconstructing volVectorFields

        U

    Reconstructing surfaceScalarFields

        phi

Reconstructing point fields

No point fields

No lagrangian fields

No finite-area fields

Time = 434000

Reconstructing FV fields

    Reconstructing volScalarFields

        p

    Reconstructing volVectorFields

        U

    Reconstructing surfaceScalarFields

        phi

Reconstructing point fields

No point fields

No lagrangian fields

No finite-area fields

Time = 435000

Reconstructing FV fields

    Reconstructing volScalarFields

        p

    Reconstructing volVectorFields

        U

    Reconstructing surfaceScalarFields

        phi

Reconstructing point fields

No point fields

No lagrangian fields

No finite-area fields

Time = 436000

Reconstructing FV fields

    Reconstructing volScalarFields

        p

    Reconstructing volVectorFields

        U

    Reconstructing surfaceScalarFields

        phi

Reconstructing point fields

No point fields

No lagrangian fields

No finite-area fields

Time = 437000

Reconstructing FV fields

    Reconstructing volScalarFields

        p

    Reconstructing volVectorFields

        U

    Reconstructing surfaceScalarFields

        phi

Reconstructing point fields

No point fields

No lagrangian fields

No finite-area fields

Time = 438000

Reconstructing FV fields

    Reconstructing volScalarFields

        p

    Reconstructing volVectorFields

        U

    Reconstructing surfaceScalarFields

        phi

Reconstructing point fields

No point fields

No lagrangian fields

No finite-area fields

Time = 439000

Reconstructing FV fields

    Reconstructing volScalarFields

        p

    Reconstructing volVectorFields

        U

    Reconstructing surfaceScalarFields

        phi

Reconstructing point fields

No point fields

No lagrangian fields

No finite-area fields

Time = 440000

Reconstructing FV fields

    Reconstructing volScalarFields

        p

    Reconstructing volVectorFields

        U

    Reconstructing surfaceScalarFields

        phi

Reconstructing point fields

No point fields

No lagrangian fields

No finite-area fields

Time = 441000

Reconstructing FV fields

    Reconstructing volScalarFields

        p

    Reconstructing volVectorFields

        U

    Reconstructing surfaceScalarFields

        phi

Reconstructing point fields

No point fields

No lagrangian fields

No finite-area fields

Time = 442000

Reconstructing FV fields

    Reconstructing volScalarFields

        p

    Reconstructing volVectorFields

        U

    Reconstructing surfaceScalarFields

        phi

Reconstructing point fields

No point fields

No lagrangian fields

No finite-area fields

Time = 443000

Reconstructing FV fields

    Reconstructing volScalarFields

        p

    Reconstructing volVectorFields

        U

    Reconstructing surfaceScalarFields

        phi

Reconstructing point fields

No point fields

No lagrangian fields

No finite-area fields

Time = 444000

Reconstructing FV fields

    Reconstructing volScalarFields

        p

    Reconstructing volVectorFields

        U

    Reconstructing surfaceScalarFields

        phi

Reconstructing point fields

No point fields

No lagrangian fields

No finite-area fields

Time = 445000

Reconstructing FV fields

    Reconstructing volScalarFields

        p

    Reconstructing volVectorFields

        U

    Reconstructing surfaceScalarFields

        phi

Reconstructing point fields

No point fields

No lagrangian fields

No finite-area fields

Time = 446000

Reconstructing FV fields

    Reconstructing volScalarFields

        p

    Reconstructing volVectorFields

        U

    Reconstructing surfaceScalarFields

        phi

Reconstructing point fields

No point fields

No lagrangian fields

No finite-area fields

Time = 447000

Reconstructing FV fields

    Reconstructing volScalarFields

        p

    Reconstructing volVectorFields

        U

    Reconstructing surfaceScalarFields

        phi

Reconstructing point fields

No point fields

No lagrangian fields

No finite-area fields

Time = 448000

Reconstructing FV fields

    Reconstructing volScalarFields

        p

    Reconstructing volVectorFields

        U

    Reconstructing surfaceScalarFields

        phi

Reconstructing point fields

No point fields

No lagrangian fields

No finite-area fields

Time = 449000

Reconstructing FV fields

    Reconstructing volScalarFields

        p

    Reconstructing volVectorFields

        U

    Reconstructing surfaceScalarFields

        phi

Reconstructing point fields

No point fields

No lagrangian fields

No finite-area fields

Time = 450000

Reconstructing FV fields

    Reconstructing volScalarFields

        p

    Reconstructing volVectorFields

        U

    Reconstructing surfaceScalarFields

        phi

Reconstructing point fields

No point fields

No lagrangian fields

No finite-area fields

Time = 451000

Reconstructing FV fields

    Reconstructing volScalarFields

        p

    Reconstructing volVectorFields

        U

    Reconstructing surfaceScalarFields

        phi

Reconstructing point fields

No point fields

No lagrangian fields

No finite-area fields

Time = 452000

Reconstructing FV fields

    Reconstructing volScalarFields

        p

    Reconstructing volVectorFields

        U

    Reconstructing surfaceScalarFields

        phi

Reconstructing point fields

No point fields

No lagrangian fields

No finite-area fields

Time = 453000

Reconstructing FV fields

    Reconstructing volScalarFields

        p

    Reconstructing volVectorFields

        U

    Reconstructing surfaceScalarFields

        phi

Reconstructing point fields

No point fields

No lagrangian fields

No finite-area fields

Time = 454000

Reconstructing FV fields

    Reconstructing volScalarFields

        p

    Reconstructing volVectorFields

        U

    Reconstructing surfaceScalarFields

        phi

Reconstructing point fields

No point fields

No lagrangian fields

No finite-area fields

Time = 455000

Reconstructing FV fields

    Reconstructing volScalarFields

        p

    Reconstructing volVectorFields

        U

    Reconstructing surfaceScalarFields

        phi

Reconstructing point fields

No point fields

No lagrangian fields

No finite-area fields

Time = 456000

Reconstructing FV fields

    Reconstructing volScalarFields

        p

    Reconstructing volVectorFields

        U

    Reconstructing surfaceScalarFields

        phi

Reconstructing point fields

No point fields

No lagrangian fields

No finite-area fields

Time = 457000

Reconstructing FV fields

    Reconstructing volScalarFields

        p

    Reconstructing volVectorFields

        U

    Reconstructing surfaceScalarFields

        phi

Reconstructing point fields

No point fields

No lagrangian fields

No finite-area fields

Time = 458000

Reconstructing FV fields

    Reconstructing volScalarFields

        p

    Reconstructing volVectorFields

        U

    Reconstructing surfaceScalarFields

        phi

Reconstructing point fields

No point fields

No lagrangian fields

No finite-area fields

Time = 459000

Reconstructing FV fields

    Reconstructing volScalarFields

        p

    Reconstructing volVectorFields

        U

    Reconstructing surfaceScalarFields

        phi

Reconstructing point fields

No point fields

No lagrangian fields

No finite-area fields

Time = 460000

Reconstructing FV fields

    Reconstructing volScalarFields

        p

    Reconstructing volVectorFields

        U

    Reconstructing surfaceScalarFields

        phi

Reconstructing point fields

No point fields

No lagrangian fields

No finite-area fields

Time = 461000

Reconstructing FV fields

    Reconstructing volScalarFields

        p

    Reconstructing volVectorFields

        U

    Reconstructing surfaceScalarFields

        phi

Reconstructing point fields

No point fields

No lagrangian fields

No finite-area fields

Time = 462000

Reconstructing FV fields

    Reconstructing volScalarFields

        p

    Reconstructing volVectorFields

        U

    Reconstructing surfaceScalarFields

        phi

Reconstructing point fields

No point fields

No lagrangian fields

No finite-area fields

Time = 463000

Reconstructing FV fields

    Reconstructing volScalarFields

        p

    Reconstructing volVectorFields

        U

    Reconstructing surfaceScalarFields

        phi

Reconstructing point fields

No point fields

No lagrangian fields

No finite-area fields

Time = 464000

Reconstructing FV fields

    Reconstructing volScalarFields

        p

    Reconstructing volVectorFields

        U

    Reconstructing surfaceScalarFields

        phi

Reconstructing point fields

No point fields

No lagrangian fields

No finite-area fields

Time = 465000

Reconstructing FV fields

    Reconstructing volScalarFields

        p

    Reconstructing volVectorFields

        U

    Reconstructing surfaceScalarFields

        phi

Reconstructing point fields

No point fields

No lagrangian fields

No finite-area fields

Time = 466000

Reconstructing FV fields

    Reconstructing volScalarFields

        p

    Reconstructing volVectorFields

        U

    Reconstructing surfaceScalarFields

        phi

Reconstructing point fields

No point fields

No lagrangian fields

No finite-area fields

Time = 467000

Reconstructing FV fields

    Reconstructing volScalarFields

        p

    Reconstructing volVectorFields

        U

    Reconstructing surfaceScalarFields

        phi

Reconstructing point fields

No point fields

No lagrangian fields

No finite-area fields

Time = 468000

Reconstructing FV fields

    Reconstructing volScalarFields

        p

    Reconstructing volVectorFields

        U

    Reconstructing surfaceScalarFields

        phi

Reconstructing point fields

No point fields

No lagrangian fields

No finite-area fields

Time = 469000

Reconstructing FV fields

    Reconstructing volScalarFields

        p

    Reconstructing volVectorFields

        U

    Reconstructing surfaceScalarFields

        phi

Reconstructing point fields

No point fields

No lagrangian fields

No finite-area fields

Time = 470000

Reconstructing FV fields

    Reconstructing volScalarFields

        p

    Reconstructing volVectorFields

        U

    Reconstructing surfaceScalarFields

        phi

Reconstructing point fields

No point fields

No lagrangian fields

No finite-area fields

Time = 471000

Reconstructing FV fields

    Reconstructing volScalarFields

        p

    Reconstructing volVectorFields

        U

    Reconstructing surfaceScalarFields

        phi

Reconstructing point fields

No point fields

No lagrangian fields

No finite-area fields

Time = 472000

Reconstructing FV fields

    Reconstructing volScalarFields

        p

    Reconstructing volVectorFields

        U

    Reconstructing surfaceScalarFields

        phi

Reconstructing point fields

No point fields

No lagrangian fields

No finite-area fields

Time = 473000

Reconstructing FV fields

    Reconstructing volScalarFields

        p

    Reconstructing volVectorFields

        U

    Reconstructing surfaceScalarFields

        phi

Reconstructing point fields

No point fields

No lagrangian fields

No finite-area fields

Time = 474000

Reconstructing FV fields

    Reconstructing volScalarFields

        p

    Reconstructing volVectorFields

        U

    Reconstructing surfaceScalarFields

        phi

Reconstructing point fields

No point fields

No lagrangian fields

No finite-area fields

Time = 475000

Reconstructing FV fields

    Reconstructing volScalarFields

        p

    Reconstructing volVectorFields

        U

    Reconstructing surfaceScalarFields

        phi

Reconstructing point fields

No point fields

No lagrangian fields

No finite-area fields

Time = 476000

Reconstructing FV fields

    Reconstructing volScalarFields

        p

    Reconstructing volVectorFields

        U

    Reconstructing surfaceScalarFields

        phi

Reconstructing point fields

No point fields

No lagrangian fields

No finite-area fields

Time = 477000

Reconstructing FV fields

    Reconstructing volScalarFields

        p

    Reconstructing volVectorFields

        U

    Reconstructing surfaceScalarFields

        phi

Reconstructing point fields

No point fields

No lagrangian fields

No finite-area fields

Time = 478000

Reconstructing FV fields

    Reconstructing volScalarFields

        p

    Reconstructing volVectorFields

        U

    Reconstructing surfaceScalarFields

        phi

Reconstructing point fields

No point fields

No lagrangian fields

No finite-area fields

Time = 479000

Reconstructing FV fields

    Reconstructing volScalarFields

        p

    Reconstructing volVectorFields

        U

    Reconstructing surfaceScalarFields

        phi

Reconstructing point fields

No point fields

No lagrangian fields

No finite-area fields

Time = 480000

Reconstructing FV fields

    Reconstructing volScalarFields

        p

    Reconstructing volVectorFields

        U

    Reconstructing surfaceScalarFields

        phi

Reconstructing point fields

No point fields

No lagrangian fields

No finite-area fields

Time = 481000

Reconstructing FV fields

    Reconstructing volScalarFields

        p

    Reconstructing volVectorFields

        U

    Reconstructing surfaceScalarFields

        phi

Reconstructing point fields

No point fields

No lagrangian fields

No finite-area fields

Time = 482000

Reconstructing FV fields

    Reconstructing volScalarFields

        p

    Reconstructing volVectorFields

        U

    Reconstructing surfaceScalarFields

        phi

Reconstructing point fields

No point fields

No lagrangian fields

No finite-area fields

Time = 483000

Reconstructing FV fields

    Reconstructing volScalarFields

        p

    Reconstructing volVectorFields

        U

    Reconstructing surfaceScalarFields

        phi

Reconstructing point fields

No point fields

No lagrangian fields

No finite-area fields

Time = 484000

Reconstructing FV fields

    Reconstructing volScalarFields

        p

    Reconstructing volVectorFields

        U

    Reconstructing surfaceScalarFields

        phi

Reconstructing point fields

No point fields

No lagrangian fields

No finite-area fields

Time = 485000

Reconstructing FV fields

    Reconstructing volScalarFields

        p

    Reconstructing volVectorFields

        U

    Reconstructing surfaceScalarFields

        phi

Reconstructing point fields

No point fields

No lagrangian fields

No finite-area fields

Time = 486000

Reconstructing FV fields

    Reconstructing volScalarFields

        p

    Reconstructing volVectorFields

        U

    Reconstructing surfaceScalarFields

        phi

Reconstructing point fields

No point fields

No lagrangian fields

No finite-area fields

Time = 487000

Reconstructing FV fields

    Reconstructing volScalarFields

        p

    Reconstructing volVectorFields

        U

    Reconstructing surfaceScalarFields

        phi

Reconstructing point fields

No point fields

No lagrangian fields

No finite-area fields

Time = 488000

Reconstructing FV fields

    Reconstructing volScalarFields

        p

    Reconstructing volVectorFields

        U

    Reconstructing surfaceScalarFields

        phi

Reconstructing point fields

No point fields

No lagrangian fields

No finite-area fields

Time = 489000

Reconstructing FV fields

    Reconstructing volScalarFields

        p

    Reconstructing volVectorFields

        U

    Reconstructing surfaceScalarFields

        phi

Reconstructing point fields

No point fields

No lagrangian fields

No finite-area fields

Time = 490000

Reconstructing FV fields

    Reconstructing volScalarFields

        p

    Reconstructing volVectorFields

        U

    Reconstructing surfaceScalarFields

        phi

Reconstructing point fields

No point fields

No lagrangian fields

No finite-area fields

Time = 491000

Reconstructing FV fields

    Reconstructing volScalarFields

        p

    Reconstructing volVectorFields

        U

    Reconstructing surfaceScalarFields

        phi

Reconstructing point fields

No point fields

No lagrangian fields

No finite-area fields

Time = 492000

Reconstructing FV fields

    Reconstructing volScalarFields

        p

    Reconstructing volVectorFields

        U

    Reconstructing surfaceScalarFields

        phi

Reconstructing point fields

No point fields

No lagrangian fields

No finite-area fields

Time = 493000

Reconstructing FV fields

    Reconstructing volScalarFields

        p

    Reconstructing volVectorFields

        U

    Reconstructing surfaceScalarFields

        phi

Reconstructing point fields

No point fields

No lagrangian fields

No finite-area fields

Time = 494000

Reconstructing FV fields

    Reconstructing volScalarFields

        p

    Reconstructing volVectorFields

        U

    Reconstructing surfaceScalarFields

        phi

Reconstructing point fields

No point fields

No lagrangian fields

No finite-area fields

Time = 495000

Reconstructing FV fields

    Reconstructing volScalarFields

        p

    Reconstructing volVectorFields

        U

    Reconstructing surfaceScalarFields

        phi

Reconstructing point fields

No point fields

No lagrangian fields

No finite-area fields

Time = 496000

Reconstructing FV fields

    Reconstructing volScalarFields

        p

    Reconstructing volVectorFields

        U

    Reconstructing surfaceScalarFields

        phi

Reconstructing point fields

No point fields

No lagrangian fields

No finite-area fields

Time = 497000

Reconstructing FV fields

    Reconstructing volScalarFields

        p

    Reconstructing volVectorFields

        U

    Reconstructing surfaceScalarFields

        phi

Reconstructing point fields

No point fields

No lagrangian fields

No finite-area fields

Time = 498000

Reconstructing FV fields

    Reconstructing volScalarFields

        p

    Reconstructing volVectorFields

        U

    Reconstructing surfaceScalarFields

        phi

Reconstructing point fields

No point fields

No lagrangian fields

No finite-area fields

Time = 499000

Reconstructing FV fields

    Reconstructing volScalarFields

        p

    Reconstructing volVectorFields

        U

    Reconstructing surfaceScalarFields

        phi

Reconstructing point fields

No point fields

No lagrangian fields

No finite-area fields

Time = 500000

Reconstructing FV fields

    Reconstructing volScalarFields

        p

    Reconstructing volVectorFields

        U

    Reconstructing surfaceScalarFields

        phi

Reconstructing point fields

No point fields

No lagrangian fields

No finite-area fields

Time = 501000

Reconstructing FV fields

    Reconstructing volScalarFields

        p

    Reconstructing volVectorFields

        U

    Reconstructing surfaceScalarFields

        phi

Reconstructing point fields

No point fields

No lagrangian fields

No finite-area fields

Time = 502000

Reconstructing FV fields

    Reconstructing volScalarFields

        p

    Reconstructing volVectorFields

        U

    Reconstructing surfaceScalarFields

        phi

Reconstructing point fields

No point fields

No lagrangian fields

No finite-area fields

Time = 503000

Reconstructing FV fields

    Reconstructing volScalarFields

        p

    Reconstructing volVectorFields

        U

    Reconstructing surfaceScalarFields

        phi

Reconstructing point fields

No point fields

No lagrangian fields

No finite-area fields

Time = 504000

Reconstructing FV fields

    Reconstructing volScalarFields

        p

    Reconstructing volVectorFields

        U

    Reconstructing surfaceScalarFields

        phi

Reconstructing point fields

No point fields

No lagrangian fields

No finite-area fields

Time = 505000

Reconstructing FV fields

    Reconstructing volScalarFields

        p

    Reconstructing volVectorFields

        U

    Reconstructing surfaceScalarFields

        phi

Reconstructing point fields

No point fields

No lagrangian fields

No finite-area fields

Time = 506000

Reconstructing FV fields

    Reconstructing volScalarFields

        p

    Reconstructing volVectorFields

        U

    Reconstructing surfaceScalarFields

        phi

Reconstructing point fields

No point fields

No lagrangian fields

No finite-area fields

Time = 507000

Reconstructing FV fields

    Reconstructing volScalarFields

        p

    Reconstructing volVectorFields

        U

    Reconstructing surfaceScalarFields

        phi

Reconstructing point fields

No point fields

No lagrangian fields

No finite-area fields

Time = 508000

Reconstructing FV fields

    Reconstructing volScalarFields

        p

    Reconstructing volVectorFields

        U

    Reconstructing surfaceScalarFields

        phi

Reconstructing point fields

No point fields

No lagrangian fields

No finite-area fields

Time = 509000

Reconstructing FV fields

    Reconstructing volScalarFields

        p

    Reconstructing volVectorFields

        U

    Reconstructing surfaceScalarFields

        phi

Reconstructing point fields

No point fields

No lagrangian fields

No finite-area fields

Time = 510000

Reconstructing FV fields

    Reconstructing volScalarFields

        p

    Reconstructing volVectorFields

        U

    Reconstructing surfaceScalarFields

        phi

Reconstructing point fields

No point fields

No lagrangian fields

No finite-area fields

Time = 511000

Reconstructing FV fields

    Reconstructing volScalarFields

        p

    Reconstructing volVectorFields

        U

    Reconstructing surfaceScalarFields

        phi

Reconstructing point fields

No point fields

No lagrangian fields

No finite-area fields

Time = 512000

Reconstructing FV fields

    Reconstructing volScalarFields

        p

    Reconstructing volVectorFields

        U

    Reconstructing surfaceScalarFields

        phi

Reconstructing point fields

No point fields

No lagrangian fields

No finite-area fields

Time = 513000

Reconstructing FV fields

    Reconstructing volScalarFields

        p

    Reconstructing volVectorFields

        U

    Reconstructing surfaceScalarFields

        phi

Reconstructing point fields

No point fields

No lagrangian fields

No finite-area fields

Time = 514000

Reconstructing FV fields

    Reconstructing volScalarFields

        p

    Reconstructing volVectorFields

        U

    Reconstructing surfaceScalarFields

        phi

Reconstructing point fields

No point fields

No lagrangian fields

No finite-area fields

Time = 515000

Reconstructing FV fields

    Reconstructing volScalarFields

        p

    Reconstructing volVectorFields

        U

    Reconstructing surfaceScalarFields

        phi

Reconstructing point fields

No point fields

No lagrangian fields

No finite-area fields

Time = 516000

Reconstructing FV fields

    Reconstructing volScalarFields

        p

    Reconstructing volVectorFields

        U

    Reconstructing surfaceScalarFields

        phi

Reconstructing point fields

No point fields

No lagrangian fields

No finite-area fields

Time = 517000

Reconstructing FV fields

    Reconstructing volScalarFields

        p

    Reconstructing volVectorFields

        U

    Reconstructing surfaceScalarFields

        phi

Reconstructing point fields

No point fields

No lagrangian fields

No finite-area fields

Time = 518000

Reconstructing FV fields

    Reconstructing volScalarFields

        p

    Reconstructing volVectorFields

        U

    Reconstructing surfaceScalarFields

        phi

Reconstructing point fields

No point fields

No lagrangian fields

No finite-area fields

Time = 519000

Reconstructing FV fields

    Reconstructing volScalarFields

        p

    Reconstructing volVectorFields

        U

    Reconstructing surfaceScalarFields

        phi

Reconstructing point fields

No point fields

No lagrangian fields

No finite-area fields

Time = 520000

Reconstructing FV fields

    Reconstructing volScalarFields

        p

    Reconstructing volVectorFields

        U

    Reconstructing surfaceScalarFields

        phi

Reconstructing point fields

No point fields

No lagrangian fields

No finite-area fields

Time = 521000

Reconstructing FV fields

    Reconstructing volScalarFields

        p

    Reconstructing volVectorFields

        U

    Reconstructing surfaceScalarFields

        phi

Reconstructing point fields

No point fields

No lagrangian fields

No finite-area fields

Time = 522000

Reconstructing FV fields

    Reconstructing volScalarFields

        p

    Reconstructing volVectorFields

        U

    Reconstructing surfaceScalarFields

        phi

Reconstructing point fields

No point fields

No lagrangian fields

No finite-area fields

Time = 523000

Reconstructing FV fields

    Reconstructing volScalarFields

        p

    Reconstructing volVectorFields

        U

    Reconstructing surfaceScalarFields

        phi

Reconstructing point fields

No point fields

No lagrangian fields

No finite-area fields

Time = 524000

Reconstructing FV fields

    Reconstructing volScalarFields

        p

    Reconstructing volVectorFields

        U

    Reconstructing surfaceScalarFields

        phi

Reconstructing point fields

No point fields

No lagrangian fields

No finite-area fields

Time = 525000

Reconstructing FV fields

    Reconstructing volScalarFields

        p

    Reconstructing volVectorFields

        U

    Reconstructing surfaceScalarFields

        phi

Reconstructing point fields

No point fields

No lagrangian fields

No finite-area fields

Time = 526000

Reconstructing FV fields

    Reconstructing volScalarFields

        p

    Reconstructing volVectorFields

        U

    Reconstructing surfaceScalarFields

        phi

Reconstructing point fields

No point fields

No lagrangian fields

No finite-area fields

Time = 527000

Reconstructing FV fields

    Reconstructing volScalarFields

        p

    Reconstructing volVectorFields

        U

    Reconstructing surfaceScalarFields

        phi

Reconstructing point fields

No point fields

No lagrangian fields

No finite-area fields

Time = 528000

Reconstructing FV fields

    Reconstructing volScalarFields

        p

    Reconstructing volVectorFields

        U

    Reconstructing surfaceScalarFields

        phi

Reconstructing point fields

No point fields

No lagrangian fields

No finite-area fields

Time = 529000

Reconstructing FV fields

    Reconstructing volScalarFields

        p

    Reconstructing volVectorFields

        U

    Reconstructing surfaceScalarFields

        phi

Reconstructing point fields

No point fields

No lagrangian fields

No finite-area fields

Time = 530000

Reconstructing FV fields

    Reconstructing volScalarFields

        p

    Reconstructing volVectorFields

        U

    Reconstructing surfaceScalarFields

        phi

Reconstructing point fields

No point fields

No lagrangian fields

No finite-area fields

Time = 531000

Reconstructing FV fields

    Reconstructing volScalarFields

        p

    Reconstructing volVectorFields

        U

    Reconstructing surfaceScalarFields

        phi

Reconstructing point fields

No point fields

No lagrangian fields

No finite-area fields

Time = 532000

Reconstructing FV fields

    Reconstructing volScalarFields

        p

    Reconstructing volVectorFields

        U

    Reconstructing surfaceScalarFields

        phi

Reconstructing point fields

No point fields

No lagrangian fields

No finite-area fields

Time = 533000

Reconstructing FV fields

    Reconstructing volScalarFields

        p

    Reconstructing volVectorFields

        U

    Reconstructing surfaceScalarFields

        phi

Reconstructing point fields

No point fields

No lagrangian fields

No finite-area fields

Time = 534000

Reconstructing FV fields

    Reconstructing volScalarFields

        p

    Reconstructing volVectorFields

        U

    Reconstructing surfaceScalarFields

        phi

Reconstructing point fields

No point fields

No lagrangian fields

No finite-area fields

Time = 535000

Reconstructing FV fields

    Reconstructing volScalarFields

        p

    Reconstructing volVectorFields

        U

    Reconstructing surfaceScalarFields

        phi

Reconstructing point fields

No point fields

No lagrangian fields

No finite-area fields

Time = 536000

Reconstructing FV fields

    Reconstructing volScalarFields

        p

    Reconstructing volVectorFields

        U

    Reconstructing surfaceScalarFields

        phi

Reconstructing point fields

No point fields

No lagrangian fields

No finite-area fields

Time = 537000

Reconstructing FV fields

    Reconstructing volScalarFields

        p

    Reconstructing volVectorFields

        U

    Reconstructing surfaceScalarFields

        phi

Reconstructing point fields

No point fields

No lagrangian fields

No finite-area fields

Time = 538000

Reconstructing FV fields

    Reconstructing volScalarFields

        p

    Reconstructing volVectorFields

        U

    Reconstructing surfaceScalarFields

        phi

Reconstructing point fields

No point fields

No lagrangian fields

No finite-area fields

Time = 539000

Reconstructing FV fields

    Reconstructing volScalarFields

        p

    Reconstructing volVectorFields

        U

    Reconstructing surfaceScalarFields

        phi

Reconstructing point fields

No point fields

No lagrangian fields

No finite-area fields

Time = 540000

Reconstructing FV fields

    Reconstructing volScalarFields

        p

    Reconstructing volVectorFields

        U

    Reconstructing surfaceScalarFields

        phi

Reconstructing point fields

No point fields

No lagrangian fields

No finite-area fields

Time = 541000

Reconstructing FV fields

    Reconstructing volScalarFields

        p

    Reconstructing volVectorFields

        U

    Reconstructing surfaceScalarFields

        phi

Reconstructing point fields

No point fields

No lagrangian fields

No finite-area fields

Time = 542000

Reconstructing FV fields

    Reconstructing volScalarFields

        p

    Reconstructing volVectorFields

        U

    Reconstructing surfaceScalarFields

        phi

Reconstructing point fields

No point fields

No lagrangian fields

No finite-area fields

Time = 543000

Reconstructing FV fields

    Reconstructing volScalarFields

        p

    Reconstructing volVectorFields

        U

    Reconstructing surfaceScalarFields

        phi

Reconstructing point fields

No point fields

No lagrangian fields

No finite-area fields

Time = 544000

Reconstructing FV fields

    Reconstructing volScalarFields

        p

    Reconstructing volVectorFields

        U

    Reconstructing surfaceScalarFields

        phi

Reconstructing point fields

No point fields

No lagrangian fields

No finite-area fields

Time = 545000

Reconstructing FV fields

    Reconstructing volScalarFields

        p

    Reconstructing volVectorFields

        U

    Reconstructing surfaceScalarFields

        phi

Reconstructing point fields

No point fields

No lagrangian fields

No finite-area fields

Time = 546000

Reconstructing FV fields

    Reconstructing volScalarFields

        p

    Reconstructing volVectorFields

        U

    Reconstructing surfaceScalarFields

        phi

Reconstructing point fields

No point fields

No lagrangian fields

No finite-area fields

Time = 547000

Reconstructing FV fields

    Reconstructing volScalarFields

        p

    Reconstructing volVectorFields

        U

    Reconstructing surfaceScalarFields

        phi

Reconstructing point fields

No point fields

No lagrangian fields

No finite-area fields

Time = 548000

Reconstructing FV fields

    Reconstructing volScalarFields

        p

    Reconstructing volVectorFields

        U

    Reconstructing surfaceScalarFields

        phi

Reconstructing point fields

No point fields

No lagrangian fields

No finite-area fields

Time = 549000

Reconstructing FV fields

    Reconstructing volScalarFields

        p

    Reconstructing volVectorFields

        U

    Reconstructing surfaceScalarFields

        phi

Reconstructing point fields

No point fields

No lagrangian fields

No finite-area fields

Time = 550000

Reconstructing FV fields

    Reconstructing volScalarFields

        p

    Reconstructing volVectorFields

        U

    Reconstructing surfaceScalarFields

        phi

Reconstructing point fields

No point fields

No lagrangian fields

No finite-area fields

Time = 551000

Reconstructing FV fields

    Reconstructing volScalarFields

        p

    Reconstructing volVectorFields

        U

    Reconstructing surfaceScalarFields

        phi

Reconstructing point fields

No point fields

No lagrangian fields

No finite-area fields

Time = 552000

Reconstructing FV fields

    Reconstructing volScalarFields

        p

    Reconstructing volVectorFields

        U

    Reconstructing surfaceScalarFields

        phi

Reconstructing point fields

No point fields

No lagrangian fields

No finite-area fields

Time = 553000

Reconstructing FV fields

    Reconstructing volScalarFields

        p

    Reconstructing volVectorFields

        U

    Reconstructing surfaceScalarFields

        phi

Reconstructing point fields

No point fields

No lagrangian fields

No finite-area fields

Time = 554000

Reconstructing FV fields

    Reconstructing volScalarFields

        p

    Reconstructing volVectorFields

        U

    Reconstructing surfaceScalarFields

        phi

Reconstructing point fields

No point fields

No lagrangian fields

No finite-area fields

Time = 555000

Reconstructing FV fields

    Reconstructing volScalarFields

        p

    Reconstructing volVectorFields

        U

    Reconstructing surfaceScalarFields

        phi

Reconstructing point fields

No point fields

No lagrangian fields

No finite-area fields

Time = 556000

Reconstructing FV fields

    Reconstructing volScalarFields

        p

    Reconstructing volVectorFields

        U

    Reconstructing surfaceScalarFields

        phi

Reconstructing point fields

No point fields

No lagrangian fields

No finite-area fields

Time = 557000

Reconstructing FV fields

    Reconstructing volScalarFields

        p

    Reconstructing volVectorFields

        U

    Reconstructing surfaceScalarFields

        phi

Reconstructing point fields

No point fields

No lagrangian fields

No finite-area fields

Time = 558000

Reconstructing FV fields

    Reconstructing volScalarFields

        p

    Reconstructing volVectorFields

        U

    Reconstructing surfaceScalarFields

        phi

Reconstructing point fields

No point fields

No lagrangian fields

No finite-area fields

Time = 559000

Reconstructing FV fields

    Reconstructing volScalarFields

        p

    Reconstructing volVectorFields

        U

    Reconstructing surfaceScalarFields

        phi

Reconstructing point fields

No point fields

No lagrangian fields

No finite-area fields

Time = 560000

Reconstructing FV fields

    Reconstructing volScalarFields

        p

    Reconstructing volVectorFields

        U

    Reconstructing surfaceScalarFields

        phi

Reconstructing point fields

No point fields

No lagrangian fields

No finite-area fields

Time = 561000

Reconstructing FV fields

    Reconstructing volScalarFields

        p

    Reconstructing volVectorFields

        U

    Reconstructing surfaceScalarFields

        phi

Reconstructing point fields

No point fields

No lagrangian fields

No finite-area fields

Time = 562000

Reconstructing FV fields

    Reconstructing volScalarFields

        p

    Reconstructing volVectorFields

        U

    Reconstructing surfaceScalarFields

        phi

Reconstructing point fields

No point fields

No lagrangian fields

No finite-area fields

Time = 563000

Reconstructing FV fields

    Reconstructing volScalarFields

        p

    Reconstructing volVectorFields

        U

    Reconstructing surfaceScalarFields

        phi

Reconstructing point fields

No point fields

No lagrangian fields

No finite-area fields

Time = 564000

Reconstructing FV fields

    Reconstructing volScalarFields

        p

    Reconstructing volVectorFields

        U

    Reconstructing surfaceScalarFields

        phi

Reconstructing point fields

No point fields

No lagrangian fields

No finite-area fields

Time = 565000

Reconstructing FV fields

    Reconstructing volScalarFields

        p

    Reconstructing volVectorFields

        U

    Reconstructing surfaceScalarFields

        phi

Reconstructing point fields

No point fields

No lagrangian fields

No finite-area fields

Time = 566000

Reconstructing FV fields

    Reconstructing volScalarFields

        p

    Reconstructing volVectorFields

        U

    Reconstructing surfaceScalarFields

        phi

Reconstructing point fields

No point fields

No lagrangian fields

No finite-area fields

Time = 567000

Reconstructing FV fields

    Reconstructing volScalarFields

        p

    Reconstructing volVectorFields

        U

    Reconstructing surfaceScalarFields

        phi

Reconstructing point fields

No point fields

No lagrangian fields

No finite-area fields

Time = 568000

Reconstructing FV fields

    Reconstructing volScalarFields

        p

    Reconstructing volVectorFields

        U

    Reconstructing surfaceScalarFields

        phi

Reconstructing point fields

No point fields

No lagrangian fields

No finite-area fields

Time = 569000

Reconstructing FV fields

    Reconstructing volScalarFields

        p

    Reconstructing volVectorFields

        U

    Reconstructing surfaceScalarFields

        phi

Reconstructing point fields

No point fields

No lagrangian fields

No finite-area fields

Time = 570000

Reconstructing FV fields

    Reconstructing volScalarFields

        p

    Reconstructing volVectorFields

        U

    Reconstructing surfaceScalarFields

        phi

Reconstructing point fields

No point fields

No lagrangian fields

No finite-area fields

Time = 571000

Reconstructing FV fields

    Reconstructing volScalarFields

        p

    Reconstructing volVectorFields

        U

    Reconstructing surfaceScalarFields

        phi

Reconstructing point fields

No point fields

No lagrangian fields

No finite-area fields

Time = 572000

Reconstructing FV fields

    Reconstructing volScalarFields

        p

    Reconstructing volVectorFields

        U

    Reconstructing surfaceScalarFields

        phi

Reconstructing point fields

No point fields

No lagrangian fields

No finite-area fields

Time = 573000

Reconstructing FV fields

    Reconstructing volScalarFields

        p

    Reconstructing volVectorFields

        U

    Reconstructing surfaceScalarFields

        phi

Reconstructing point fields

No point fields

No lagrangian fields

No finite-area fields

Time = 574000

Reconstructing FV fields

    Reconstructing volScalarFields

        p

    Reconstructing volVectorFields

        U

    Reconstructing surfaceScalarFields

        phi

Reconstructing point fields

No point fields

No lagrangian fields

No finite-area fields

Time = 575000

Reconstructing FV fields

    Reconstructing volScalarFields

        p

    Reconstructing volVectorFields

        U

    Reconstructing surfaceScalarFields

        phi

Reconstructing point fields

No point fields

No lagrangian fields

No finite-area fields

Time = 576000

Reconstructing FV fields

    Reconstructing volScalarFields

        p

    Reconstructing volVectorFields

        U

    Reconstructing surfaceScalarFields

        phi

Reconstructing point fields

No point fields

No lagrangian fields

No finite-area fields

Time = 577000

Reconstructing FV fields

    Reconstructing volScalarFields

        p

    Reconstructing volVectorFields

        U

    Reconstructing surfaceScalarFields

        phi

Reconstructing point fields

No point fields

No lagrangian fields

No finite-area fields

Time = 578000

Reconstructing FV fields

    Reconstructing volScalarFields

        p

    Reconstructing volVectorFields

        U

    Reconstructing surfaceScalarFields

        phi

Reconstructing point fields

No point fields

No lagrangian fields

No finite-area fields

Time = 579000

Reconstructing FV fields

    Reconstructing volScalarFields

        p

    Reconstructing volVectorFields

        U

    Reconstructing surfaceScalarFields

        phi

Reconstructing point fields

No point fields

No lagrangian fields

No finite-area fields

Time = 580000

Reconstructing FV fields

    Reconstructing volScalarFields

        p

    Reconstructing volVectorFields

        U

    Reconstructing surfaceScalarFields

        phi

Reconstructing point fields

No point fields

No lagrangian fields

No finite-area fields

Time = 581000

Reconstructing FV fields

    Reconstructing volScalarFields

        p

    Reconstructing volVectorFields

        U

    Reconstructing surfaceScalarFields

        phi

Reconstructing point fields

No point fields

No lagrangian fields

No finite-area fields

Time = 582000

Reconstructing FV fields

    Reconstructing volScalarFields

        p

    Reconstructing volVectorFields

        U

    Reconstructing surfaceScalarFields

        phi

Reconstructing point fields

No point fields

No lagrangian fields

No finite-area fields

Time = 583000

Reconstructing FV fields

    Reconstructing volScalarFields

        p

    Reconstructing volVectorFields

        U

    Reconstructing surfaceScalarFields

        phi

Reconstructing point fields

No point fields

No lagrangian fields

No finite-area fields

Time = 584000

Reconstructing FV fields

    Reconstructing volScalarFields

        p

    Reconstructing volVectorFields

        U

    Reconstructing surfaceScalarFields

        phi

Reconstructing point fields

No point fields

No lagrangian fields

No finite-area fields

Time = 585000

Reconstructing FV fields

    Reconstructing volScalarFields

        p

    Reconstructing volVectorFields

        U

    Reconstructing surfaceScalarFields

        phi

Reconstructing point fields

No point fields

No lagrangian fields

No finite-area fields

Time = 586000

Reconstructing FV fields

    Reconstructing volScalarFields

        p

    Reconstructing volVectorFields

        U

    Reconstructing surfaceScalarFields

        phi

Reconstructing point fields

No point fields

No lagrangian fields

No finite-area fields

Time = 587000

Reconstructing FV fields

    Reconstructing volScalarFields

        p

    Reconstructing volVectorFields

        U

    Reconstructing surfaceScalarFields

        phi

Reconstructing point fields

No point fields

No lagrangian fields

No finite-area fields

Time = 588000

Reconstructing FV fields

    Reconstructing volScalarFields

        p

    Reconstructing volVectorFields

        U

    Reconstructing surfaceScalarFields

        phi

Reconstructing point fields

No point fields

No lagrangian fields

No finite-area fields

Time = 589000

Reconstructing FV fields

    Reconstructing volScalarFields

        p

    Reconstructing volVectorFields

        U

    Reconstructing surfaceScalarFields

        phi

Reconstructing point fields

No point fields

No lagrangian fields

No finite-area fields

Time = 590000

Reconstructing FV fields

    Reconstructing volScalarFields

        p

    Reconstructing volVectorFields

        U

    Reconstructing surfaceScalarFields

        phi

Reconstructing point fields

No point fields

No lagrangian fields

No finite-area fields

Time = 591000

Reconstructing FV fields

    Reconstructing volScalarFields

        p

    Reconstructing volVectorFields

        U

    Reconstructing surfaceScalarFields

        phi

Reconstructing point fields

No point fields

No lagrangian fields

No finite-area fields

Time = 592000

Reconstructing FV fields

    Reconstructing volScalarFields

        p

    Reconstructing volVectorFields

        U

    Reconstructing surfaceScalarFields

        phi

Reconstructing point fields

No point fields

No lagrangian fields

No finite-area fields

Time = 593000

Reconstructing FV fields

    Reconstructing volScalarFields

        p

    Reconstructing volVectorFields

        U

    Reconstructing surfaceScalarFields

        phi

Reconstructing point fields

No point fields

No lagrangian fields

No finite-area fields

Time = 594000

Reconstructing FV fields

    Reconstructing volScalarFields

        p

    Reconstructing volVectorFields

        U

    Reconstructing surfaceScalarFields

        phi

Reconstructing point fields

No point fields

No lagrangian fields

No finite-area fields

Time = 595000

Reconstructing FV fields

    Reconstructing volScalarFields

        p

    Reconstructing volVectorFields

        U

    Reconstructing surfaceScalarFields

        phi

Reconstructing point fields

No point fields

No lagrangian fields

No finite-area fields

Time = 596000

Reconstructing FV fields

    Reconstructing volScalarFields

        p

    Reconstructing volVectorFields

        U

    Reconstructing surfaceScalarFields

        phi

Reconstructing point fields

No point fields

No lagrangian fields

No finite-area fields

Time = 597000

Reconstructing FV fields

    Reconstructing volScalarFields

        p

    Reconstructing volVectorFields

        U

    Reconstructing surfaceScalarFields

        phi

Reconstructing point fields

No point fields

No lagrangian fields

No finite-area fields

Time = 598000

Reconstructing FV fields

    Reconstructing volScalarFields

        p

    Reconstructing volVectorFields

        U

    Reconstructing surfaceScalarFields

        phi

Reconstructing point fields

No point fields

No lagrangian fields

No finite-area fields

Time = 599000

Reconstructing FV fields

    Reconstructing volScalarFields

        p

    Reconstructing volVectorFields

        U

    Reconstructing surfaceScalarFields

        phi

Reconstructing point fields

No point fields

No lagrangian fields

No finite-area fields

Time = 600000

Reconstructing FV fields

    Reconstructing volScalarFields

        p

    Reconstructing volVectorFields

        U

    Reconstructing surfaceScalarFields

        phi

Reconstructing point fields

No point fields

No lagrangian fields

No finite-area fields


End

